nohup: ignoring input
[2026-07-07 20:12:33] [INFO] ========== RefSeq genomes datasets 下载流程开始 ==========
[2026-07-07 20:12:33] [INFO] action=all
[2026-07-07 20:12:33] [INFO] assembly summary=/data/p252701008/projects/multi-omics-data-pipelines/refseq/resources/assembly_summary_refseq.txt
[2026-07-07 20:12:33] [INFO] assembly summary source url=https://ftp.ncbi.nlm.nih.gov/genomes/refseq/assembly_summary_refseq.txt
[2026-07-07 20:12:33] [INFO] assembly summary content token=2039558499_235609714
[2026-07-07 20:12:33] [INFO] data root=/data3/p252701008/refseq_genomes
[2026-07-07 20:12:33] [INFO] run root=/data3/p252701008/refseq_genomes_runlogs
[2026-07-07 20:12:33] [INFO] pipeline context=refseq_RefSeq_include_all_refseq_shards_size_1000_268328763
[2026-07-07 20:12:33] [INFO] pipeline context computed=refseq_RefSeq_include_all_refseq_shards_size_1000_268328763; override=no
[2026-07-07 20:12:33] [INFO] include=all; assembly_source=RefSeq
[2026-07-07 20:12:33] [INFO] filters: latest_only=1, genome_rep=all, excluded=all, assembly_levels=all, groups=all, min_genome_size=0, max_accessions=0
[2026-07-07 20:12:33] [INFO] shard: size=1000, force_single_package=0
[2026-07-07 20:12:33] [INFO] steps: manifest=1, download_links=1, unpack_links=1, merge_fetch=1, rehydrate=1, verify=1
[2026-07-07 20:12:33] [INFO] retry: download_links=3, rehydrate=3, sleep_seconds=30
[2026-07-07 20:12:33] [INFO] integrity: strict=1, verify_targets=1, verify_md5=1, checksum_format=1, file_profile=1
[2026-07-07 20:12:33] [INFO] rehydrate max workers=20
[2026-07-07 20:12:33] [INFO] api key mode: env_exported=no; argv_api_key=disabled
[2026-07-07 20:12:33] [INFO] 开始解析 assembly summary：/data/p252701008/projects/multi-omics-data-pipelines/refseq/resources/assembly_summary_refseq.txt
[2026-07-07 20:12:36] [INFO] manifest 已生成：/data3/p252701008/refseq_genomes_runlogs/manifests/refseq_RefSeq_include_all_refseq_shards_size_1000_268328763/download_manifest.tsv
[2026-07-07 20:12:36] [INFO] accession 清单：/data3/p252701008/refseq_genomes_runlogs/manifests/refseq_RefSeq_include_all_refseq_shards_size_1000_268328763/accessions.txt；数量：529108
[2026-07-07 20:12:36] [INFO] manifest 统计：/data3/p252701008/refseq_genomes_runlogs/manifests/refseq_RefSeq_include_all_refseq_shards_size_1000_268328763/download_manifest_summary.tsv
[2026-07-07 20:12:36] [INFO] shard 已生成：/data3/p252701008/refseq_genomes_runlogs/shards/refseq_RefSeq_include_all_refseq_shards_size_1000_268328763/refseq_shards_size_1000
[2026-07-07 20:12:36] [INFO] accession 总数：529108；shard 数量：530
[2026-07-07 20:12:36] [INFO] 可用磁盘空间：5920 GB；阈值：2000 GB；路径：/data3/p252701008/refseq_genomes/contexts/refseq_RefSeq_include_all_refseq_shards_size_1000_268328763/dehydrated_links/zips
[2026-07-07 20:12:36] [INFO] 开始下载 dehydrated 链接包：refseq_000000；accession 数：1000
[2026-07-07 20:12:36] [INFO] 命令：datasets download genome accession --inputfile /data3/p252701008/refseq_genomes_runlogs/shards/refseq_RefSeq_include_all_refseq_shards_size_1000_268328763/refseq_shards_size_1000/refseq_000000.txt --dehydrated --include all --assembly-source RefSeq --filename /data3/p252701008/refseq_genomes/contexts/refseq_RefSeq_include_all_refseq_shards_size_1000_268328763/dehydrated_links/zips/refseq_000000.zip.partial.20260707T121233Z.4191587 --no-progressbar
[2026-07-07 20:12:36] [INFO] datasets download refseq_000000：第 1/3 次尝试。日志：/data3/p252701008/refseq_genomes_runlogs/logs/refseq_RefSeq_include_all_refseq_shards_size_1000_268328763/datasets_download_refseq_000000_20260707T121233Z.4191587.log.attempt1
[2026-07-07 20:12:55] [INFO] dehydrated 链接包下载完成：/data3/p252701008/refseq_genomes/contexts/refseq_RefSeq_include_all_refseq_shards_size_1000_268328763/dehydrated_links/zips/refseq_000000.zip
[2026-07-07 20:12:55] [INFO] 可用磁盘空间：5920 GB；阈值：2000 GB；路径：/data3/p252701008/refseq_genomes/contexts/refseq_RefSeq_include_all_refseq_shards_size_1000_268328763/dehydrated_links/zips
[2026-07-07 20:12:55] [INFO] 开始下载 dehydrated 链接包：refseq_000001；accession 数：1000
[2026-07-07 20:12:55] [INFO] 命令：datasets download genome accession --inputfile /data3/p252701008/refseq_genomes_runlogs/shards/refseq_RefSeq_include_all_refseq_shards_size_1000_268328763/refseq_shards_size_1000/refseq_000001.txt --dehydrated --include all --assembly-source RefSeq --filename /data3/p252701008/refseq_genomes/contexts/refseq_RefSeq_include_all_refseq_shards_size_1000_268328763/dehydrated_links/zips/refseq_000001.zip.partial.20260707T121233Z.4191587 --no-progressbar
[2026-07-07 20:12:55] [INFO] datasets download refseq_000001：第 1/3 次尝试。日志：/data3/p252701008/refseq_genomes_runlogs/logs/refseq_RefSeq_include_all_refseq_shards_size_1000_268328763/datasets_download_refseq_000001_20260707T121233Z.4191587.log.attempt1
[2026-07-07 20:13:12] [INFO] dehydrated 链接包下载完成：/data3/p252701008/refseq_genomes/contexts/refseq_RefSeq_include_all_refseq_shards_size_1000_268328763/dehydrated_links/zips/refseq_000001.zip
[2026-07-07 20:13:12] [INFO] 可用磁盘空间：5920 GB；阈值：2000 GB；路径：/data3/p252701008/refseq_genomes/contexts/refseq_RefSeq_include_all_refseq_shards_size_1000_268328763/dehydrated_links/zips
[2026-07-07 20:13:12] [INFO] 开始下载 dehydrated 链接包：refseq_000002；accession 数：1000
[2026-07-07 20:13:12] [INFO] 命令：datasets download genome accession --inputfile /data3/p252701008/refseq_genomes_runlogs/shards/refseq_RefSeq_include_all_refseq_shards_size_1000_268328763/refseq_shards_size_1000/refseq_000002.txt --dehydrated --include all --assembly-source RefSeq --filename /data3/p252701008/refseq_genomes/contexts/refseq_RefSeq_include_all_refseq_shards_size_1000_268328763/dehydrated_links/zips/refseq_000002.zip.partial.20260707T121233Z.4191587 --no-progressbar
[2026-07-07 20:13:12] [INFO] datasets download refseq_000002：第 1/3 次尝试。日志：/data3/p252701008/refseq_genomes_runlogs/logs/refseq_RefSeq_include_all_refseq_shards_size_1000_268328763/datasets_download_refseq_000002_20260707T121233Z.4191587.log.attempt1
[2026-07-07 20:13:29] [INFO] dehydrated 链接包下载完成：/data3/p252701008/refseq_genomes/contexts/refseq_RefSeq_include_all_refseq_shards_size_1000_268328763/dehydrated_links/zips/refseq_000002.zip
[2026-07-07 20:13:29] [INFO] 可用磁盘空间：5920 GB；阈值：2000 GB；路径：/data3/p252701008/refseq_genomes/contexts/refseq_RefSeq_include_all_refseq_shards_size_1000_268328763/dehydrated_links/zips
[2026-07-07 20:13:29] [INFO] 开始下载 dehydrated 链接包：refseq_000003；accession 数：1000
[2026-07-07 20:13:29] [INFO] 命令：datasets download genome accession --inputfile /data3/p252701008/refseq_genomes_runlogs/shards/refseq_RefSeq_include_all_refseq_shards_size_1000_268328763/refseq_shards_size_1000/refseq_000003.txt --dehydrated --include all --assembly-source RefSeq --filename /data3/p252701008/refseq_genomes/contexts/refseq_RefSeq_include_all_refseq_shards_size_1000_268328763/dehydrated_links/zips/refseq_000003.zip.partial.20260707T121233Z.4191587 --no-progressbar
[2026-07-07 20:13:29] [INFO] datasets download refseq_000003：第 1/3 次尝试。日志：/data3/p252701008/refseq_genomes_runlogs/logs/refseq_RefSeq_include_all_refseq_shards_size_1000_268328763/datasets_download_refseq_000003_20260707T121233Z.4191587.log.attempt1
[2026-07-07 20:13:46] [INFO] dehydrated 链接包下载完成：/data3/p252701008/refseq_genomes/contexts/refseq_RefSeq_include_all_refseq_shards_size_1000_268328763/dehydrated_links/zips/refseq_000003.zip
[2026-07-07 20:13:46] [INFO] 可用磁盘空间：5920 GB；阈值：2000 GB；路径：/data3/p252701008/refseq_genomes/contexts/refseq_RefSeq_include_all_refseq_shards_size_1000_268328763/dehydrated_links/zips
[2026-07-07 20:13:46] [INFO] 开始下载 dehydrated 链接包：refseq_000004；accession 数：1000
[2026-07-07 20:13:46] [INFO] 命令：datasets download genome accession --inputfile /data3/p252701008/refseq_genomes_runlogs/shards/refseq_RefSeq_include_all_refseq_shards_size_1000_268328763/refseq_shards_size_1000/refseq_000004.txt --dehydrated --include all --assembly-source RefSeq --filename /data3/p252701008/refseq_genomes/contexts/refseq_RefSeq_include_all_refseq_shards_size_1000_268328763/dehydrated_links/zips/refseq_000004.zip.partial.20260707T121233Z.4191587 --no-progressbar
[2026-07-07 20:13:46] [INFO] datasets download refseq_000004：第 1/3 次尝试。日志：/data3/p252701008/refseq_genomes_runlogs/logs/refseq_RefSeq_include_all_refseq_shards_size_1000_268328763/datasets_download_refseq_000004_20260707T121233Z.4191587.log.attempt1
[2026-07-07 20:14:04] [INFO] dehydrated 链接包下载完成：/data3/p252701008/refseq_genomes/contexts/refseq_RefSeq_include_all_refseq_shards_size_1000_268328763/dehydrated_links/zips/refseq_000004.zip
[2026-07-07 20:14:04] [INFO] 可用磁盘空间：5920 GB；阈值：2000 GB；路径：/data3/p252701008/refseq_genomes/contexts/refseq_RefSeq_include_all_refseq_shards_size_1000_268328763/dehydrated_links/zips
[2026-07-07 20:14:04] [INFO] 开始下载 dehydrated 链接包：refseq_000005；accession 数：1000
[2026-07-07 20:14:04] [INFO] 命令：datasets download genome accession --inputfile /data3/p252701008/refseq_genomes_runlogs/shards/refseq_RefSeq_include_all_refseq_shards_size_1000_268328763/refseq_shards_size_1000/refseq_000005.txt --dehydrated --include all --assembly-source RefSeq --filename /data3/p252701008/refseq_genomes/contexts/refseq_RefSeq_include_all_refseq_shards_size_1000_268328763/dehydrated_links/zips/refseq_000005.zip.partial.20260707T121233Z.4191587 --no-progressbar
[2026-07-07 20:14:04] [INFO] datasets download refseq_000005：第 1/3 次尝试。日志：/data3/p252701008/refseq_genomes_runlogs/logs/refseq_RefSeq_include_all_refseq_shards_size_1000_268328763/datasets_download_refseq_000005_20260707T121233Z.4191587.log.attempt1
[2026-07-07 20:14:21] [INFO] dehydrated 链接包下载完成：/data3/p252701008/refseq_genomes/contexts/refseq_RefSeq_include_all_refseq_shards_size_1000_268328763/dehydrated_links/zips/refseq_000005.zip
[2026-07-07 20:14:21] [INFO] 可用磁盘空间：5920 GB；阈值：2000 GB；路径：/data3/p252701008/refseq_genomes/contexts/refseq_RefSeq_include_all_refseq_shards_size_1000_268328763/dehydrated_links/zips
[2026-07-07 20:14:21] [INFO] 开始下载 dehydrated 链接包：refseq_000006；accession 数：1000
[2026-07-07 20:14:21] [INFO] 命令：datasets download genome accession --inputfile /data3/p252701008/refseq_genomes_runlogs/shards/refseq_RefSeq_include_all_refseq_shards_size_1000_268328763/refseq_shards_size_1000/refseq_000006.txt --dehydrated --include all --assembly-source RefSeq --filename /data3/p252701008/refseq_genomes/contexts/refseq_RefSeq_include_all_refseq_shards_size_1000_268328763/dehydrated_links/zips/refseq_000006.zip.partial.20260707T121233Z.4191587 --no-progressbar
[2026-07-07 20:14:21] [INFO] datasets download refseq_000006：第 1/3 次尝试。日志：/data3/p252701008/refseq_genomes_runlogs/logs/refseq_RefSeq_include_all_refseq_shards_size_1000_268328763/datasets_download_refseq_000006_20260707T121233Z.4191587.log.attempt1
[2026-07-07 20:14:38] [INFO] dehydrated 链接包下载完成：/data3/p252701008/refseq_genomes/contexts/refseq_RefSeq_include_all_refseq_shards_size_1000_268328763/dehydrated_links/zips/refseq_000006.zip
[2026-07-07 20:14:38] [INFO] 可用磁盘空间：5920 GB；阈值：2000 GB；路径：/data3/p252701008/refseq_genomes/contexts/refseq_RefSeq_include_all_refseq_shards_size_1000_268328763/dehydrated_links/zips
[2026-07-07 20:14:38] [INFO] 开始下载 dehydrated 链接包：refseq_000007；accession 数：1000
[2026-07-07 20:14:38] [INFO] 命令：datasets download genome accession --inputfile /data3/p252701008/refseq_genomes_runlogs/shards/refseq_RefSeq_include_all_refseq_shards_size_1000_268328763/refseq_shards_size_1000/refseq_000007.txt --dehydrated --include all --assembly-source RefSeq --filename /data3/p252701008/refseq_genomes/contexts/refseq_RefSeq_include_all_refseq_shards_size_1000_268328763/dehydrated_links/zips/refseq_000007.zip.partial.20260707T121233Z.4191587 --no-progressbar
[2026-07-07 20:14:38] [INFO] datasets download refseq_000007：第 1/3 次尝试。日志：/data3/p252701008/refseq_genomes_runlogs/logs/refseq_RefSeq_include_all_refseq_shards_size_1000_268328763/datasets_download_refseq_000007_20260707T121233Z.4191587.log.attempt1
[2026-07-07 20:14:54] [INFO] dehydrated 链接包下载完成：/data3/p252701008/refseq_genomes/contexts/refseq_RefSeq_include_all_refseq_shards_size_1000_268328763/dehydrated_links/zips/refseq_000007.zip
[2026-07-07 20:14:54] [INFO] 可用磁盘空间：5920 GB；阈值：2000 GB；路径：/data3/p252701008/refseq_genomes/contexts/refseq_RefSeq_include_all_refseq_shards_size_1000_268328763/dehydrated_links/zips
[2026-07-07 20:14:54] [INFO] 开始下载 dehydrated 链接包：refseq_000008；accession 数：1000
[2026-07-07 20:14:54] [INFO] 命令：datasets download genome accession --inputfile /data3/p252701008/refseq_genomes_runlogs/shards/refseq_RefSeq_include_all_refseq_shards_size_1000_268328763/refseq_shards_size_1000/refseq_000008.txt --dehydrated --include all --assembly-source RefSeq --filename /data3/p252701008/refseq_genomes/contexts/refseq_RefSeq_include_all_refseq_shards_size_1000_268328763/dehydrated_links/zips/refseq_000008.zip.partial.20260707T121233Z.4191587 --no-progressbar
[2026-07-07 20:14:54] [INFO] datasets download refseq_000008：第 1/3 次尝试。日志：/data3/p252701008/refseq_genomes_runlogs/logs/refseq_RefSeq_include_all_refseq_shards_size_1000_268328763/datasets_download_refseq_000008_20260707T121233Z.4191587.log.attempt1
[2026-07-07 20:15:11] [INFO] dehydrated 链接包下载完成：/data3/p252701008/refseq_genomes/contexts/refseq_RefSeq_include_all_refseq_shards_size_1000_268328763/dehydrated_links/zips/refseq_000008.zip
[2026-07-07 20:15:11] [INFO] 可用磁盘空间：5920 GB；阈值：2000 GB；路径：/data3/p252701008/refseq_genomes/contexts/refseq_RefSeq_include_all_refseq_shards_size_1000_268328763/dehydrated_links/zips
[2026-07-07 20:15:11] [INFO] 开始下载 dehydrated 链接包：refseq_000009；accession 数：1000
[2026-07-07 20:15:11] [INFO] 命令：datasets download genome accession --inputfile /data3/p252701008/refseq_genomes_runlogs/shards/refseq_RefSeq_include_all_refseq_shards_size_1000_268328763/refseq_shards_size_1000/refseq_000009.txt --dehydrated --include all --assembly-source RefSeq --filename /data3/p252701008/refseq_genomes/contexts/refseq_RefSeq_include_all_refseq_shards_size_1000_268328763/dehydrated_links/zips/refseq_000009.zip.partial.20260707T121233Z.4191587 --no-progressbar
[2026-07-07 20:15:11] [INFO] datasets download refseq_000009：第 1/3 次尝试。日志：/data3/p252701008/refseq_genomes_runlogs/logs/refseq_RefSeq_include_all_refseq_shards_size_1000_268328763/datasets_download_refseq_000009_20260707T121233Z.4191587.log.attempt1
[2026-07-07 20:15:30] [INFO] dehydrated 链接包下载完成：/data3/p252701008/refseq_genomes/contexts/refseq_RefSeq_include_all_refseq_shards_size_1000_268328763/dehydrated_links/zips/refseq_000009.zip
[2026-07-07 20:15:30] [INFO] 可用磁盘空间：5920 GB；阈值：2000 GB；路径：/data3/p252701008/refseq_genomes/contexts/refseq_RefSeq_include_all_refseq_shards_size_1000_268328763/dehydrated_links/zips
[2026-07-07 20:15:30] [INFO] 开始下载 dehydrated 链接包：refseq_000010；accession 数：1000
[2026-07-07 20:15:30] [INFO] 命令：datasets download genome accession --inputfile /data3/p252701008/refseq_genomes_runlogs/shards/refseq_RefSeq_include_all_refseq_shards_size_1000_268328763/refseq_shards_size_1000/refseq_000010.txt --dehydrated --include all --assembly-source RefSeq --filename /data3/p252701008/refseq_genomes/contexts/refseq_RefSeq_include_all_refseq_shards_size_1000_268328763/dehydrated_links/zips/refseq_000010.zip.partial.20260707T121233Z.4191587 --no-progressbar
[2026-07-07 20:15:30] [INFO] datasets download refseq_000010：第 1/3 次尝试。日志：/data3/p252701008/refseq_genomes_runlogs/logs/refseq_RefSeq_include_all_refseq_shards_size_1000_268328763/datasets_download_refseq_000010_20260707T121233Z.4191587.log.attempt1
[2026-07-07 20:15:47] [INFO] dehydrated 链接包下载完成：/data3/p252701008/refseq_genomes/contexts/refseq_RefSeq_include_all_refseq_shards_size_1000_268328763/dehydrated_links/zips/refseq_000010.zip
[2026-07-07 20:15:47] [INFO] 可用磁盘空间：5920 GB；阈值：2000 GB；路径：/data3/p252701008/refseq_genomes/contexts/refseq_RefSeq_include_all_refseq_shards_size_1000_268328763/dehydrated_links/zips
[2026-07-07 20:15:47] [INFO] 开始下载 dehydrated 链接包：refseq_000011；accession 数：1000
[2026-07-07 20:15:47] [INFO] 命令：datasets download genome accession --inputfile /data3/p252701008/refseq_genomes_runlogs/shards/refseq_RefSeq_include_all_refseq_shards_size_1000_268328763/refseq_shards_size_1000/refseq_000011.txt --dehydrated --include all --assembly-source RefSeq --filename /data3/p252701008/refseq_genomes/contexts/refseq_RefSeq_include_all_refseq_shards_size_1000_268328763/dehydrated_links/zips/refseq_000011.zip.partial.20260707T121233Z.4191587 --no-progressbar
[2026-07-07 20:15:47] [INFO] datasets download refseq_000011：第 1/3 次尝试。日志：/data3/p252701008/refseq_genomes_runlogs/logs/refseq_RefSeq_include_all_refseq_shards_size_1000_268328763/datasets_download_refseq_000011_20260707T121233Z.4191587.log.attempt1
[2026-07-07 20:16:04] [INFO] dehydrated 链接包下载完成：/data3/p252701008/refseq_genomes/contexts/refseq_RefSeq_include_all_refseq_shards_size_1000_268328763/dehydrated_links/zips/refseq_000011.zip
[2026-07-07 20:16:04] [INFO] 可用磁盘空间：5920 GB；阈值：2000 GB；路径：/data3/p252701008/refseq_genomes/contexts/refseq_RefSeq_include_all_refseq_shards_size_1000_268328763/dehydrated_links/zips
[2026-07-07 20:16:04] [INFO] 开始下载 dehydrated 链接包：refseq_000012；accession 数：1000
[2026-07-07 20:16:04] [INFO] 命令：datasets download genome accession --inputfile /data3/p252701008/refseq_genomes_runlogs/shards/refseq_RefSeq_include_all_refseq_shards_size_1000_268328763/refseq_shards_size_1000/refseq_000012.txt --dehydrated --include all --assembly-source RefSeq --filename /data3/p252701008/refseq_genomes/contexts/refseq_RefSeq_include_all_refseq_shards_size_1000_268328763/dehydrated_links/zips/refseq_000012.zip.partial.20260707T121233Z.4191587 --no-progressbar
[2026-07-07 20:16:04] [INFO] datasets download refseq_000012：第 1/3 次尝试。日志：/data3/p252701008/refseq_genomes_runlogs/logs/refseq_RefSeq_include_all_refseq_shards_size_1000_268328763/datasets_download_refseq_000012_20260707T121233Z.4191587.log.attempt1
[2026-07-07 20:16:22] [INFO] dehydrated 链接包下载完成：/data3/p252701008/refseq_genomes/contexts/refseq_RefSeq_include_all_refseq_shards_size_1000_268328763/dehydrated_links/zips/refseq_000012.zip
[2026-07-07 20:16:22] [INFO] 可用磁盘空间：5920 GB；阈值：2000 GB；路径：/data3/p252701008/refseq_genomes/contexts/refseq_RefSeq_include_all_refseq_shards_size_1000_268328763/dehydrated_links/zips
[2026-07-07 20:16:22] [INFO] 开始下载 dehydrated 链接包：refseq_000013；accession 数：1000
[2026-07-07 20:16:22] [INFO] 命令：datasets download genome accession --inputfile /data3/p252701008/refseq_genomes_runlogs/shards/refseq_RefSeq_include_all_refseq_shards_size_1000_268328763/refseq_shards_size_1000/refseq_000013.txt --dehydrated --include all --assembly-source RefSeq --filename /data3/p252701008/refseq_genomes/contexts/refseq_RefSeq_include_all_refseq_shards_size_1000_268328763/dehydrated_links/zips/refseq_000013.zip.partial.20260707T121233Z.4191587 --no-progressbar
[2026-07-07 20:16:22] [INFO] datasets download refseq_000013：第 1/3 次尝试。日志：/data3/p252701008/refseq_genomes_runlogs/logs/refseq_RefSeq_include_all_refseq_shards_size_1000_268328763/datasets_download_refseq_000013_20260707T121233Z.4191587.log.attempt1
[2026-07-07 20:16:39] [INFO] dehydrated 链接包下载完成：/data3/p252701008/refseq_genomes/contexts/refseq_RefSeq_include_all_refseq_shards_size_1000_268328763/dehydrated_links/zips/refseq_000013.zip
[2026-07-07 20:16:39] [INFO] 可用磁盘空间：5920 GB；阈值：2000 GB；路径：/data3/p252701008/refseq_genomes/contexts/refseq_RefSeq_include_all_refseq_shards_size_1000_268328763/dehydrated_links/zips
[2026-07-07 20:16:39] [INFO] 开始下载 dehydrated 链接包：refseq_000014；accession 数：1000
[2026-07-07 20:16:39] [INFO] 命令：datasets download genome accession --inputfile /data3/p252701008/refseq_genomes_runlogs/shards/refseq_RefSeq_include_all_refseq_shards_size_1000_268328763/refseq_shards_size_1000/refseq_000014.txt --dehydrated --include all --assembly-source RefSeq --filename /data3/p252701008/refseq_genomes/contexts/refseq_RefSeq_include_all_refseq_shards_size_1000_268328763/dehydrated_links/zips/refseq_000014.zip.partial.20260707T121233Z.4191587 --no-progressbar
[2026-07-07 20:16:39] [INFO] datasets download refseq_000014：第 1/3 次尝试。日志：/data3/p252701008/refseq_genomes_runlogs/logs/refseq_RefSeq_include_all_refseq_shards_size_1000_268328763/datasets_download_refseq_000014_20260707T121233Z.4191587.log.attempt1
[2026-07-07 20:16:56] [INFO] dehydrated 链接包下载完成：/data3/p252701008/refseq_genomes/contexts/refseq_RefSeq_include_all_refseq_shards_size_1000_268328763/dehydrated_links/zips/refseq_000014.zip
[2026-07-07 20:16:56] [INFO] 可用磁盘空间：5920 GB；阈值：2000 GB；路径：/data3/p252701008/refseq_genomes/contexts/refseq_RefSeq_include_all_refseq_shards_size_1000_268328763/dehydrated_links/zips
[2026-07-07 20:16:56] [INFO] 开始下载 dehydrated 链接包：refseq_000015；accession 数：1000
[2026-07-07 20:16:56] [INFO] 命令：datasets download genome accession --inputfile /data3/p252701008/refseq_genomes_runlogs/shards/refseq_RefSeq_include_all_refseq_shards_size_1000_268328763/refseq_shards_size_1000/refseq_000015.txt --dehydrated --include all --assembly-source RefSeq --filename /data3/p252701008/refseq_genomes/contexts/refseq_RefSeq_include_all_refseq_shards_size_1000_268328763/dehydrated_links/zips/refseq_000015.zip.partial.20260707T121233Z.4191587 --no-progressbar
[2026-07-07 20:16:56] [INFO] datasets download refseq_000015：第 1/3 次尝试。日志：/data3/p252701008/refseq_genomes_runlogs/logs/refseq_RefSeq_include_all_refseq_shards_size_1000_268328763/datasets_download_refseq_000015_20260707T121233Z.4191587.log.attempt1
[2026-07-07 20:17:19] [INFO] dehydrated 链接包下载完成：/data3/p252701008/refseq_genomes/contexts/refseq_RefSeq_include_all_refseq_shards_size_1000_268328763/dehydrated_links/zips/refseq_000015.zip
[2026-07-07 20:17:19] [INFO] 可用磁盘空间：5920 GB；阈值：2000 GB；路径：/data3/p252701008/refseq_genomes/contexts/refseq_RefSeq_include_all_refseq_shards_size_1000_268328763/dehydrated_links/zips
[2026-07-07 20:17:19] [INFO] 开始下载 dehydrated 链接包：refseq_000016；accession 数：1000
[2026-07-07 20:17:19] [INFO] 命令：datasets download genome accession --inputfile /data3/p252701008/refseq_genomes_runlogs/shards/refseq_RefSeq_include_all_refseq_shards_size_1000_268328763/refseq_shards_size_1000/refseq_000016.txt --dehydrated --include all --assembly-source RefSeq --filename /data3/p252701008/refseq_genomes/contexts/refseq_RefSeq_include_all_refseq_shards_size_1000_268328763/dehydrated_links/zips/refseq_000016.zip.partial.20260707T121233Z.4191587 --no-progressbar
[2026-07-07 20:17:19] [INFO] datasets download refseq_000016：第 1/3 次尝试。日志：/data3/p252701008/refseq_genomes_runlogs/logs/refseq_RefSeq_include_all_refseq_shards_size_1000_268328763/datasets_download_refseq_000016_20260707T121233Z.4191587.log.attempt1
[2026-07-07 20:17:37] [INFO] dehydrated 链接包下载完成：/data3/p252701008/refseq_genomes/contexts/refseq_RefSeq_include_all_refseq_shards_size_1000_268328763/dehydrated_links/zips/refseq_000016.zip
[2026-07-07 20:17:37] [INFO] 可用磁盘空间：5920 GB；阈值：2000 GB；路径：/data3/p252701008/refseq_genomes/contexts/refseq_RefSeq_include_all_refseq_shards_size_1000_268328763/dehydrated_links/zips
[2026-07-07 20:17:37] [INFO] 开始下载 dehydrated 链接包：refseq_000017；accession 数：1000
[2026-07-07 20:17:37] [INFO] 命令：datasets download genome accession --inputfile /data3/p252701008/refseq_genomes_runlogs/shards/refseq_RefSeq_include_all_refseq_shards_size_1000_268328763/refseq_shards_size_1000/refseq_000017.txt --dehydrated --include all --assembly-source RefSeq --filename /data3/p252701008/refseq_genomes/contexts/refseq_RefSeq_include_all_refseq_shards_size_1000_268328763/dehydrated_links/zips/refseq_000017.zip.partial.20260707T121233Z.4191587 --no-progressbar
[2026-07-07 20:17:37] [INFO] datasets download refseq_000017：第 1/3 次尝试。日志：/data3/p252701008/refseq_genomes_runlogs/logs/refseq_RefSeq_include_all_refseq_shards_size_1000_268328763/datasets_download_refseq_000017_20260707T121233Z.4191587.log.attempt1
[2026-07-07 20:17:53] [INFO] dehydrated 链接包下载完成：/data3/p252701008/refseq_genomes/contexts/refseq_RefSeq_include_all_refseq_shards_size_1000_268328763/dehydrated_links/zips/refseq_000017.zip
[2026-07-07 20:17:53] [INFO] 可用磁盘空间：5920 GB；阈值：2000 GB；路径：/data3/p252701008/refseq_genomes/contexts/refseq_RefSeq_include_all_refseq_shards_size_1000_268328763/dehydrated_links/zips
[2026-07-07 20:17:53] [INFO] 开始下载 dehydrated 链接包：refseq_000018；accession 数：1000
[2026-07-07 20:17:53] [INFO] 命令：datasets download genome accession --inputfile /data3/p252701008/refseq_genomes_runlogs/shards/refseq_RefSeq_include_all_refseq_shards_size_1000_268328763/refseq_shards_size_1000/refseq_000018.txt --dehydrated --include all --assembly-source RefSeq --filename /data3/p252701008/refseq_genomes/contexts/refseq_RefSeq_include_all_refseq_shards_size_1000_268328763/dehydrated_links/zips/refseq_000018.zip.partial.20260707T121233Z.4191587 --no-progressbar
[2026-07-07 20:17:53] [INFO] datasets download refseq_000018：第 1/3 次尝试。日志：/data3/p252701008/refseq_genomes_runlogs/logs/refseq_RefSeq_include_all_refseq_shards_size_1000_268328763/datasets_download_refseq_000018_20260707T121233Z.4191587.log.attempt1
[2026-07-07 20:18:10] [INFO] dehydrated 链接包下载完成：/data3/p252701008/refseq_genomes/contexts/refseq_RefSeq_include_all_refseq_shards_size_1000_268328763/dehydrated_links/zips/refseq_000018.zip
[2026-07-07 20:18:10] [INFO] 可用磁盘空间：5920 GB；阈值：2000 GB；路径：/data3/p252701008/refseq_genomes/contexts/refseq_RefSeq_include_all_refseq_shards_size_1000_268328763/dehydrated_links/zips
[2026-07-07 20:18:10] [INFO] 开始下载 dehydrated 链接包：refseq_000019；accession 数：1000
[2026-07-07 20:18:10] [INFO] 命令：datasets download genome accession --inputfile /data3/p252701008/refseq_genomes_runlogs/shards/refseq_RefSeq_include_all_refseq_shards_size_1000_268328763/refseq_shards_size_1000/refseq_000019.txt --dehydrated --include all --assembly-source RefSeq --filename /data3/p252701008/refseq_genomes/contexts/refseq_RefSeq_include_all_refseq_shards_size_1000_268328763/dehydrated_links/zips/refseq_000019.zip.partial.20260707T121233Z.4191587 --no-progressbar
[2026-07-07 20:18:10] [INFO] datasets download refseq_000019：第 1/3 次尝试。日志：/data3/p252701008/refseq_genomes_runlogs/logs/refseq_RefSeq_include_all_refseq_shards_size_1000_268328763/datasets_download_refseq_000019_20260707T121233Z.4191587.log.attempt1
[2026-07-07 20:18:25] [INFO] dehydrated 链接包下载完成：/data3/p252701008/refseq_genomes/contexts/refseq_RefSeq_include_all_refseq_shards_size_1000_268328763/dehydrated_links/zips/refseq_000019.zip
[2026-07-07 20:18:25] [INFO] 可用磁盘空间：5920 GB；阈值：2000 GB；路径：/data3/p252701008/refseq_genomes/contexts/refseq_RefSeq_include_all_refseq_shards_size_1000_268328763/dehydrated_links/zips
[2026-07-07 20:18:25] [INFO] 开始下载 dehydrated 链接包：refseq_000020；accession 数：1000
[2026-07-07 20:18:25] [INFO] 命令：datasets download genome accession --inputfile /data3/p252701008/refseq_genomes_runlogs/shards/refseq_RefSeq_include_all_refseq_shards_size_1000_268328763/refseq_shards_size_1000/refseq_000020.txt --dehydrated --include all --assembly-source RefSeq --filename /data3/p252701008/refseq_genomes/contexts/refseq_RefSeq_include_all_refseq_shards_size_1000_268328763/dehydrated_links/zips/refseq_000020.zip.partial.20260707T121233Z.4191587 --no-progressbar
[2026-07-07 20:18:25] [INFO] datasets download refseq_000020：第 1/3 次尝试。日志：/data3/p252701008/refseq_genomes_runlogs/logs/refseq_RefSeq_include_all_refseq_shards_size_1000_268328763/datasets_download_refseq_000020_20260707T121233Z.4191587.log.attempt1
[2026-07-07 20:18:41] [INFO] dehydrated 链接包下载完成：/data3/p252701008/refseq_genomes/contexts/refseq_RefSeq_include_all_refseq_shards_size_1000_268328763/dehydrated_links/zips/refseq_000020.zip
[2026-07-07 20:18:41] [INFO] 可用磁盘空间：5920 GB；阈值：2000 GB；路径：/data3/p252701008/refseq_genomes/contexts/refseq_RefSeq_include_all_refseq_shards_size_1000_268328763/dehydrated_links/zips
[2026-07-07 20:18:42] [INFO] 开始下载 dehydrated 链接包：refseq_000021；accession 数：1000
[2026-07-07 20:18:42] [INFO] 命令：datasets download genome accession --inputfile /data3/p252701008/refseq_genomes_runlogs/shards/refseq_RefSeq_include_all_refseq_shards_size_1000_268328763/refseq_shards_size_1000/refseq_000021.txt --dehydrated --include all --assembly-source RefSeq --filename /data3/p252701008/refseq_genomes/contexts/refseq_RefSeq_include_all_refseq_shards_size_1000_268328763/dehydrated_links/zips/refseq_000021.zip.partial.20260707T121233Z.4191587 --no-progressbar
[2026-07-07 20:18:42] [INFO] datasets download refseq_000021：第 1/3 次尝试。日志：/data3/p252701008/refseq_genomes_runlogs/logs/refseq_RefSeq_include_all_refseq_shards_size_1000_268328763/datasets_download_refseq_000021_20260707T121233Z.4191587.log.attempt1
[2026-07-07 20:18:59] [INFO] dehydrated 链接包下载完成：/data3/p252701008/refseq_genomes/contexts/refseq_RefSeq_include_all_refseq_shards_size_1000_268328763/dehydrated_links/zips/refseq_000021.zip
[2026-07-07 20:18:59] [INFO] 可用磁盘空间：5920 GB；阈值：2000 GB；路径：/data3/p252701008/refseq_genomes/contexts/refseq_RefSeq_include_all_refseq_shards_size_1000_268328763/dehydrated_links/zips
[2026-07-07 20:18:59] [INFO] 开始下载 dehydrated 链接包：refseq_000022；accession 数：1000
[2026-07-07 20:18:59] [INFO] 命令：datasets download genome accession --inputfile /data3/p252701008/refseq_genomes_runlogs/shards/refseq_RefSeq_include_all_refseq_shards_size_1000_268328763/refseq_shards_size_1000/refseq_000022.txt --dehydrated --include all --assembly-source RefSeq --filename /data3/p252701008/refseq_genomes/contexts/refseq_RefSeq_include_all_refseq_shards_size_1000_268328763/dehydrated_links/zips/refseq_000022.zip.partial.20260707T121233Z.4191587 --no-progressbar
[2026-07-07 20:18:59] [INFO] datasets download refseq_000022：第 1/3 次尝试。日志：/data3/p252701008/refseq_genomes_runlogs/logs/refseq_RefSeq_include_all_refseq_shards_size_1000_268328763/datasets_download_refseq_000022_20260707T121233Z.4191587.log.attempt1
[2026-07-07 20:19:18] [INFO] dehydrated 链接包下载完成：/data3/p252701008/refseq_genomes/contexts/refseq_RefSeq_include_all_refseq_shards_size_1000_268328763/dehydrated_links/zips/refseq_000022.zip
[2026-07-07 20:19:18] [INFO] 可用磁盘空间：5920 GB；阈值：2000 GB；路径：/data3/p252701008/refseq_genomes/contexts/refseq_RefSeq_include_all_refseq_shards_size_1000_268328763/dehydrated_links/zips
[2026-07-07 20:19:18] [INFO] 开始下载 dehydrated 链接包：refseq_000023；accession 数：1000
[2026-07-07 20:19:18] [INFO] 命令：datasets download genome accession --inputfile /data3/p252701008/refseq_genomes_runlogs/shards/refseq_RefSeq_include_all_refseq_shards_size_1000_268328763/refseq_shards_size_1000/refseq_000023.txt --dehydrated --include all --assembly-source RefSeq --filename /data3/p252701008/refseq_genomes/contexts/refseq_RefSeq_include_all_refseq_shards_size_1000_268328763/dehydrated_links/zips/refseq_000023.zip.partial.20260707T121233Z.4191587 --no-progressbar
[2026-07-07 20:19:18] [INFO] datasets download refseq_000023：第 1/3 次尝试。日志：/data3/p252701008/refseq_genomes_runlogs/logs/refseq_RefSeq_include_all_refseq_shards_size_1000_268328763/datasets_download_refseq_000023_20260707T121233Z.4191587.log.attempt1
[2026-07-07 20:19:34] [INFO] dehydrated 链接包下载完成：/data3/p252701008/refseq_genomes/contexts/refseq_RefSeq_include_all_refseq_shards_size_1000_268328763/dehydrated_links/zips/refseq_000023.zip
[2026-07-07 20:19:34] [INFO] 可用磁盘空间：5920 GB；阈值：2000 GB；路径：/data3/p252701008/refseq_genomes/contexts/refseq_RefSeq_include_all_refseq_shards_size_1000_268328763/dehydrated_links/zips
[2026-07-07 20:19:34] [INFO] 开始下载 dehydrated 链接包：refseq_000024；accession 数：1000
[2026-07-07 20:19:34] [INFO] 命令：datasets download genome accession --inputfile /data3/p252701008/refseq_genomes_runlogs/shards/refseq_RefSeq_include_all_refseq_shards_size_1000_268328763/refseq_shards_size_1000/refseq_000024.txt --dehydrated --include all --assembly-source RefSeq --filename /data3/p252701008/refseq_genomes/contexts/refseq_RefSeq_include_all_refseq_shards_size_1000_268328763/dehydrated_links/zips/refseq_000024.zip.partial.20260707T121233Z.4191587 --no-progressbar
[2026-07-07 20:19:34] [INFO] datasets download refseq_000024：第 1/3 次尝试。日志：/data3/p252701008/refseq_genomes_runlogs/logs/refseq_RefSeq_include_all_refseq_shards_size_1000_268328763/datasets_download_refseq_000024_20260707T121233Z.4191587.log.attempt1
[2026-07-07 20:19:45] [ERROR] datasets download 失败：refseq_000024；第 1/3 次；退出码：1；日志：/data3/p252701008/refseq_genomes_runlogs/logs/refseq_RefSeq_include_all_refseq_shards_size_1000_268328763/datasets_download_refseq_000024_20260707T121233Z.4191587.log.attempt1
[2026-07-07 20:19:45] [ERROR]   Error: Download error: stream error: stream ID 7; INTERNAL_ERROR; received from peer
[2026-07-07 20:19:45] [ERROR]   
[2026-07-07 20:19:45] [ERROR]   Use datasets download genome accession <command> --help for detailed help about a command.
[2026-07-07 20:19:45] [ERROR]   
[2026-07-07 20:19:45] [INFO] 已将异常或旧文件移入 trash：/data3/p252701008/refseq_genomes/contexts/refseq_RefSeq_include_all_refseq_shards_size_1000_268328763/dehydrated_links/zips/refseq_000024.zip.partial.20260707T121233Z.4191587 -> /data3/p252701008/refseq_genomes_runlogs/trash/failed_partial_zip.20260707T121233Z.4191587._data3_p252701008_refseq_genomes_contexts_refseq_RefSeq_include_all_refseq_shards_size_1000_268328763_dehydrated_links_zips_refseq_000024_zip_partial_20260707T121233Z_4191587
[2026-07-07 20:19:45] [INFO] datasets download refseq_000024 将在 30 秒后重试。
[2026-07-07 20:20:15] [INFO] datasets download refseq_000024：第 2/3 次尝试。日志：/data3/p252701008/refseq_genomes_runlogs/logs/refseq_RefSeq_include_all_refseq_shards_size_1000_268328763/datasets_download_refseq_000024_20260707T121233Z.4191587.log.attempt2
[2026-07-07 20:20:32] [INFO] dehydrated 链接包下载完成：/data3/p252701008/refseq_genomes/contexts/refseq_RefSeq_include_all_refseq_shards_size_1000_268328763/dehydrated_links/zips/refseq_000024.zip
[2026-07-07 20:20:32] [INFO] 可用磁盘空间：5920 GB；阈值：2000 GB；路径：/data3/p252701008/refseq_genomes/contexts/refseq_RefSeq_include_all_refseq_shards_size_1000_268328763/dehydrated_links/zips
[2026-07-07 20:20:32] [INFO] 开始下载 dehydrated 链接包：refseq_000025；accession 数：1000
[2026-07-07 20:20:32] [INFO] 命令：datasets download genome accession --inputfile /data3/p252701008/refseq_genomes_runlogs/shards/refseq_RefSeq_include_all_refseq_shards_size_1000_268328763/refseq_shards_size_1000/refseq_000025.txt --dehydrated --include all --assembly-source RefSeq --filename /data3/p252701008/refseq_genomes/contexts/refseq_RefSeq_include_all_refseq_shards_size_1000_268328763/dehydrated_links/zips/refseq_000025.zip.partial.20260707T121233Z.4191587 --no-progressbar
[2026-07-07 20:20:32] [INFO] datasets download refseq_000025：第 1/3 次尝试。日志：/data3/p252701008/refseq_genomes_runlogs/logs/refseq_RefSeq_include_all_refseq_shards_size_1000_268328763/datasets_download_refseq_000025_20260707T121233Z.4191587.log.attempt1
[2026-07-07 20:20:51] [INFO] dehydrated 链接包下载完成：/data3/p252701008/refseq_genomes/contexts/refseq_RefSeq_include_all_refseq_shards_size_1000_268328763/dehydrated_links/zips/refseq_000025.zip
[2026-07-07 20:20:51] [INFO] 可用磁盘空间：5920 GB；阈值：2000 GB；路径：/data3/p252701008/refseq_genomes/contexts/refseq_RefSeq_include_all_refseq_shards_size_1000_268328763/dehydrated_links/zips
[2026-07-07 20:20:51] [INFO] 开始下载 dehydrated 链接包：refseq_000026；accession 数：1000
[2026-07-07 20:20:51] [INFO] 命令：datasets download genome accession --inputfile /data3/p252701008/refseq_genomes_runlogs/shards/refseq_RefSeq_include_all_refseq_shards_size_1000_268328763/refseq_shards_size_1000/refseq_000026.txt --dehydrated --include all --assembly-source RefSeq --filename /data3/p252701008/refseq_genomes/contexts/refseq_RefSeq_include_all_refseq_shards_size_1000_268328763/dehydrated_links/zips/refseq_000026.zip.partial.20260707T121233Z.4191587 --no-progressbar
[2026-07-07 20:20:51] [INFO] datasets download refseq_000026：第 1/3 次尝试。日志：/data3/p252701008/refseq_genomes_runlogs/logs/refseq_RefSeq_include_all_refseq_shards_size_1000_268328763/datasets_download_refseq_000026_20260707T121233Z.4191587.log.attempt1
[2026-07-07 20:21:07] [INFO] dehydrated 链接包下载完成：/data3/p252701008/refseq_genomes/contexts/refseq_RefSeq_include_all_refseq_shards_size_1000_268328763/dehydrated_links/zips/refseq_000026.zip
[2026-07-07 20:21:07] [INFO] 可用磁盘空间：5920 GB；阈值：2000 GB；路径：/data3/p252701008/refseq_genomes/contexts/refseq_RefSeq_include_all_refseq_shards_size_1000_268328763/dehydrated_links/zips
[2026-07-07 20:21:07] [INFO] 开始下载 dehydrated 链接包：refseq_000027；accession 数：1000
[2026-07-07 20:21:07] [INFO] 命令：datasets download genome accession --inputfile /data3/p252701008/refseq_genomes_runlogs/shards/refseq_RefSeq_include_all_refseq_shards_size_1000_268328763/refseq_shards_size_1000/refseq_000027.txt --dehydrated --include all --assembly-source RefSeq --filename /data3/p252701008/refseq_genomes/contexts/refseq_RefSeq_include_all_refseq_shards_size_1000_268328763/dehydrated_links/zips/refseq_000027.zip.partial.20260707T121233Z.4191587 --no-progressbar
[2026-07-07 20:21:07] [INFO] datasets download refseq_000027：第 1/3 次尝试。日志：/data3/p252701008/refseq_genomes_runlogs/logs/refseq_RefSeq_include_all_refseq_shards_size_1000_268328763/datasets_download_refseq_000027_20260707T121233Z.4191587.log.attempt1
[2026-07-07 20:21:24] [INFO] dehydrated 链接包下载完成：/data3/p252701008/refseq_genomes/contexts/refseq_RefSeq_include_all_refseq_shards_size_1000_268328763/dehydrated_links/zips/refseq_000027.zip
[2026-07-07 20:21:24] [INFO] 可用磁盘空间：5920 GB；阈值：2000 GB；路径：/data3/p252701008/refseq_genomes/contexts/refseq_RefSeq_include_all_refseq_shards_size_1000_268328763/dehydrated_links/zips
[2026-07-07 20:21:24] [INFO] 开始下载 dehydrated 链接包：refseq_000028；accession 数：1000
[2026-07-07 20:21:24] [INFO] 命令：datasets download genome accession --inputfile /data3/p252701008/refseq_genomes_runlogs/shards/refseq_RefSeq_include_all_refseq_shards_size_1000_268328763/refseq_shards_size_1000/refseq_000028.txt --dehydrated --include all --assembly-source RefSeq --filename /data3/p252701008/refseq_genomes/contexts/refseq_RefSeq_include_all_refseq_shards_size_1000_268328763/dehydrated_links/zips/refseq_000028.zip.partial.20260707T121233Z.4191587 --no-progressbar
[2026-07-07 20:21:24] [INFO] datasets download refseq_000028：第 1/3 次尝试。日志：/data3/p252701008/refseq_genomes_runlogs/logs/refseq_RefSeq_include_all_refseq_shards_size_1000_268328763/datasets_download_refseq_000028_20260707T121233Z.4191587.log.attempt1
[2026-07-07 20:21:40] [INFO] dehydrated 链接包下载完成：/data3/p252701008/refseq_genomes/contexts/refseq_RefSeq_include_all_refseq_shards_size_1000_268328763/dehydrated_links/zips/refseq_000028.zip
[2026-07-07 20:21:40] [INFO] 可用磁盘空间：5920 GB；阈值：2000 GB；路径：/data3/p252701008/refseq_genomes/contexts/refseq_RefSeq_include_all_refseq_shards_size_1000_268328763/dehydrated_links/zips
[2026-07-07 20:21:40] [INFO] 开始下载 dehydrated 链接包：refseq_000029；accession 数：1000
[2026-07-07 20:21:40] [INFO] 命令：datasets download genome accession --inputfile /data3/p252701008/refseq_genomes_runlogs/shards/refseq_RefSeq_include_all_refseq_shards_size_1000_268328763/refseq_shards_size_1000/refseq_000029.txt --dehydrated --include all --assembly-source RefSeq --filename /data3/p252701008/refseq_genomes/contexts/refseq_RefSeq_include_all_refseq_shards_size_1000_268328763/dehydrated_links/zips/refseq_000029.zip.partial.20260707T121233Z.4191587 --no-progressbar
[2026-07-07 20:21:40] [INFO] datasets download refseq_000029：第 1/3 次尝试。日志：/data3/p252701008/refseq_genomes_runlogs/logs/refseq_RefSeq_include_all_refseq_shards_size_1000_268328763/datasets_download_refseq_000029_20260707T121233Z.4191587.log.attempt1
[2026-07-07 20:21:57] [INFO] dehydrated 链接包下载完成：/data3/p252701008/refseq_genomes/contexts/refseq_RefSeq_include_all_refseq_shards_size_1000_268328763/dehydrated_links/zips/refseq_000029.zip
[2026-07-07 20:21:57] [INFO] 可用磁盘空间：5920 GB；阈值：2000 GB；路径：/data3/p252701008/refseq_genomes/contexts/refseq_RefSeq_include_all_refseq_shards_size_1000_268328763/dehydrated_links/zips
[2026-07-07 20:21:57] [INFO] 开始下载 dehydrated 链接包：refseq_000030；accession 数：1000
[2026-07-07 20:21:57] [INFO] 命令：datasets download genome accession --inputfile /data3/p252701008/refseq_genomes_runlogs/shards/refseq_RefSeq_include_all_refseq_shards_size_1000_268328763/refseq_shards_size_1000/refseq_000030.txt --dehydrated --include all --assembly-source RefSeq --filename /data3/p252701008/refseq_genomes/contexts/refseq_RefSeq_include_all_refseq_shards_size_1000_268328763/dehydrated_links/zips/refseq_000030.zip.partial.20260707T121233Z.4191587 --no-progressbar
[2026-07-07 20:21:57] [INFO] datasets download refseq_000030：第 1/3 次尝试。日志：/data3/p252701008/refseq_genomes_runlogs/logs/refseq_RefSeq_include_all_refseq_shards_size_1000_268328763/datasets_download_refseq_000030_20260707T121233Z.4191587.log.attempt1
[2026-07-07 20:22:12] [INFO] dehydrated 链接包下载完成：/data3/p252701008/refseq_genomes/contexts/refseq_RefSeq_include_all_refseq_shards_size_1000_268328763/dehydrated_links/zips/refseq_000030.zip
[2026-07-07 20:22:12] [INFO] 可用磁盘空间：5920 GB；阈值：2000 GB；路径：/data3/p252701008/refseq_genomes/contexts/refseq_RefSeq_include_all_refseq_shards_size_1000_268328763/dehydrated_links/zips
[2026-07-07 20:22:12] [INFO] 开始下载 dehydrated 链接包：refseq_000031；accession 数：1000
[2026-07-07 20:22:12] [INFO] 命令：datasets download genome accession --inputfile /data3/p252701008/refseq_genomes_runlogs/shards/refseq_RefSeq_include_all_refseq_shards_size_1000_268328763/refseq_shards_size_1000/refseq_000031.txt --dehydrated --include all --assembly-source RefSeq --filename /data3/p252701008/refseq_genomes/contexts/refseq_RefSeq_include_all_refseq_shards_size_1000_268328763/dehydrated_links/zips/refseq_000031.zip.partial.20260707T121233Z.4191587 --no-progressbar
[2026-07-07 20:22:12] [INFO] datasets download refseq_000031：第 1/3 次尝试。日志：/data3/p252701008/refseq_genomes_runlogs/logs/refseq_RefSeq_include_all_refseq_shards_size_1000_268328763/datasets_download_refseq_000031_20260707T121233Z.4191587.log.attempt1
[2026-07-07 20:22:31] [INFO] dehydrated 链接包下载完成：/data3/p252701008/refseq_genomes/contexts/refseq_RefSeq_include_all_refseq_shards_size_1000_268328763/dehydrated_links/zips/refseq_000031.zip
[2026-07-07 20:22:31] [INFO] 可用磁盘空间：5920 GB；阈值：2000 GB；路径：/data3/p252701008/refseq_genomes/contexts/refseq_RefSeq_include_all_refseq_shards_size_1000_268328763/dehydrated_links/zips
[2026-07-07 20:22:31] [INFO] 开始下载 dehydrated 链接包：refseq_000032；accession 数：1000
[2026-07-07 20:22:31] [INFO] 命令：datasets download genome accession --inputfile /data3/p252701008/refseq_genomes_runlogs/shards/refseq_RefSeq_include_all_refseq_shards_size_1000_268328763/refseq_shards_size_1000/refseq_000032.txt --dehydrated --include all --assembly-source RefSeq --filename /data3/p252701008/refseq_genomes/contexts/refseq_RefSeq_include_all_refseq_shards_size_1000_268328763/dehydrated_links/zips/refseq_000032.zip.partial.20260707T121233Z.4191587 --no-progressbar
[2026-07-07 20:22:31] [INFO] datasets download refseq_000032：第 1/3 次尝试。日志：/data3/p252701008/refseq_genomes_runlogs/logs/refseq_RefSeq_include_all_refseq_shards_size_1000_268328763/datasets_download_refseq_000032_20260707T121233Z.4191587.log.attempt1
[2026-07-07 20:22:49] [INFO] dehydrated 链接包下载完成：/data3/p252701008/refseq_genomes/contexts/refseq_RefSeq_include_all_refseq_shards_size_1000_268328763/dehydrated_links/zips/refseq_000032.zip
[2026-07-07 20:22:49] [INFO] 可用磁盘空间：5920 GB；阈值：2000 GB；路径：/data3/p252701008/refseq_genomes/contexts/refseq_RefSeq_include_all_refseq_shards_size_1000_268328763/dehydrated_links/zips
[2026-07-07 20:22:49] [INFO] 开始下载 dehydrated 链接包：refseq_000033；accession 数：1000
[2026-07-07 20:22:49] [INFO] 命令：datasets download genome accession --inputfile /data3/p252701008/refseq_genomes_runlogs/shards/refseq_RefSeq_include_all_refseq_shards_size_1000_268328763/refseq_shards_size_1000/refseq_000033.txt --dehydrated --include all --assembly-source RefSeq --filename /data3/p252701008/refseq_genomes/contexts/refseq_RefSeq_include_all_refseq_shards_size_1000_268328763/dehydrated_links/zips/refseq_000033.zip.partial.20260707T121233Z.4191587 --no-progressbar
[2026-07-07 20:22:49] [INFO] datasets download refseq_000033：第 1/3 次尝试。日志：/data3/p252701008/refseq_genomes_runlogs/logs/refseq_RefSeq_include_all_refseq_shards_size_1000_268328763/datasets_download_refseq_000033_20260707T121233Z.4191587.log.attempt1
[2026-07-07 20:23:07] [INFO] dehydrated 链接包下载完成：/data3/p252701008/refseq_genomes/contexts/refseq_RefSeq_include_all_refseq_shards_size_1000_268328763/dehydrated_links/zips/refseq_000033.zip
[2026-07-07 20:23:07] [INFO] 可用磁盘空间：5920 GB；阈值：2000 GB；路径：/data3/p252701008/refseq_genomes/contexts/refseq_RefSeq_include_all_refseq_shards_size_1000_268328763/dehydrated_links/zips
[2026-07-07 20:23:07] [INFO] 开始下载 dehydrated 链接包：refseq_000034；accession 数：1000
[2026-07-07 20:23:07] [INFO] 命令：datasets download genome accession --inputfile /data3/p252701008/refseq_genomes_runlogs/shards/refseq_RefSeq_include_all_refseq_shards_size_1000_268328763/refseq_shards_size_1000/refseq_000034.txt --dehydrated --include all --assembly-source RefSeq --filename /data3/p252701008/refseq_genomes/contexts/refseq_RefSeq_include_all_refseq_shards_size_1000_268328763/dehydrated_links/zips/refseq_000034.zip.partial.20260707T121233Z.4191587 --no-progressbar
[2026-07-07 20:23:07] [INFO] datasets download refseq_000034：第 1/3 次尝试。日志：/data3/p252701008/refseq_genomes_runlogs/logs/refseq_RefSeq_include_all_refseq_shards_size_1000_268328763/datasets_download_refseq_000034_20260707T121233Z.4191587.log.attempt1
[2026-07-07 20:23:24] [INFO] dehydrated 链接包下载完成：/data3/p252701008/refseq_genomes/contexts/refseq_RefSeq_include_all_refseq_shards_size_1000_268328763/dehydrated_links/zips/refseq_000034.zip
[2026-07-07 20:23:24] [INFO] 可用磁盘空间：5920 GB；阈值：2000 GB；路径：/data3/p252701008/refseq_genomes/contexts/refseq_RefSeq_include_all_refseq_shards_size_1000_268328763/dehydrated_links/zips
[2026-07-07 20:23:24] [INFO] 开始下载 dehydrated 链接包：refseq_000035；accession 数：1000
[2026-07-07 20:23:24] [INFO] 命令：datasets download genome accession --inputfile /data3/p252701008/refseq_genomes_runlogs/shards/refseq_RefSeq_include_all_refseq_shards_size_1000_268328763/refseq_shards_size_1000/refseq_000035.txt --dehydrated --include all --assembly-source RefSeq --filename /data3/p252701008/refseq_genomes/contexts/refseq_RefSeq_include_all_refseq_shards_size_1000_268328763/dehydrated_links/zips/refseq_000035.zip.partial.20260707T121233Z.4191587 --no-progressbar
[2026-07-07 20:23:24] [INFO] datasets download refseq_000035：第 1/3 次尝试。日志：/data3/p252701008/refseq_genomes_runlogs/logs/refseq_RefSeq_include_all_refseq_shards_size_1000_268328763/datasets_download_refseq_000035_20260707T121233Z.4191587.log.attempt1
[2026-07-07 20:23:41] [INFO] dehydrated 链接包下载完成：/data3/p252701008/refseq_genomes/contexts/refseq_RefSeq_include_all_refseq_shards_size_1000_268328763/dehydrated_links/zips/refseq_000035.zip
[2026-07-07 20:23:41] [INFO] 可用磁盘空间：5920 GB；阈值：2000 GB；路径：/data3/p252701008/refseq_genomes/contexts/refseq_RefSeq_include_all_refseq_shards_size_1000_268328763/dehydrated_links/zips
[2026-07-07 20:23:41] [INFO] 开始下载 dehydrated 链接包：refseq_000036；accession 数：1000
[2026-07-07 20:23:41] [INFO] 命令：datasets download genome accession --inputfile /data3/p252701008/refseq_genomes_runlogs/shards/refseq_RefSeq_include_all_refseq_shards_size_1000_268328763/refseq_shards_size_1000/refseq_000036.txt --dehydrated --include all --assembly-source RefSeq --filename /data3/p252701008/refseq_genomes/contexts/refseq_RefSeq_include_all_refseq_shards_size_1000_268328763/dehydrated_links/zips/refseq_000036.zip.partial.20260707T121233Z.4191587 --no-progressbar
[2026-07-07 20:23:41] [INFO] datasets download refseq_000036：第 1/3 次尝试。日志：/data3/p252701008/refseq_genomes_runlogs/logs/refseq_RefSeq_include_all_refseq_shards_size_1000_268328763/datasets_download_refseq_000036_20260707T121233Z.4191587.log.attempt1
[2026-07-07 20:23:58] [INFO] dehydrated 链接包下载完成：/data3/p252701008/refseq_genomes/contexts/refseq_RefSeq_include_all_refseq_shards_size_1000_268328763/dehydrated_links/zips/refseq_000036.zip
[2026-07-07 20:23:58] [INFO] 可用磁盘空间：5920 GB；阈值：2000 GB；路径：/data3/p252701008/refseq_genomes/contexts/refseq_RefSeq_include_all_refseq_shards_size_1000_268328763/dehydrated_links/zips
[2026-07-07 20:23:58] [INFO] 开始下载 dehydrated 链接包：refseq_000037；accession 数：1000
[2026-07-07 20:23:58] [INFO] 命令：datasets download genome accession --inputfile /data3/p252701008/refseq_genomes_runlogs/shards/refseq_RefSeq_include_all_refseq_shards_size_1000_268328763/refseq_shards_size_1000/refseq_000037.txt --dehydrated --include all --assembly-source RefSeq --filename /data3/p252701008/refseq_genomes/contexts/refseq_RefSeq_include_all_refseq_shards_size_1000_268328763/dehydrated_links/zips/refseq_000037.zip.partial.20260707T121233Z.4191587 --no-progressbar
[2026-07-07 20:23:58] [INFO] datasets download refseq_000037：第 1/3 次尝试。日志：/data3/p252701008/refseq_genomes_runlogs/logs/refseq_RefSeq_include_all_refseq_shards_size_1000_268328763/datasets_download_refseq_000037_20260707T121233Z.4191587.log.attempt1
[2026-07-07 20:24:16] [INFO] dehydrated 链接包下载完成：/data3/p252701008/refseq_genomes/contexts/refseq_RefSeq_include_all_refseq_shards_size_1000_268328763/dehydrated_links/zips/refseq_000037.zip
[2026-07-07 20:24:16] [INFO] 可用磁盘空间：5920 GB；阈值：2000 GB；路径：/data3/p252701008/refseq_genomes/contexts/refseq_RefSeq_include_all_refseq_shards_size_1000_268328763/dehydrated_links/zips
[2026-07-07 20:24:16] [INFO] 开始下载 dehydrated 链接包：refseq_000038；accession 数：1000
[2026-07-07 20:24:16] [INFO] 命令：datasets download genome accession --inputfile /data3/p252701008/refseq_genomes_runlogs/shards/refseq_RefSeq_include_all_refseq_shards_size_1000_268328763/refseq_shards_size_1000/refseq_000038.txt --dehydrated --include all --assembly-source RefSeq --filename /data3/p252701008/refseq_genomes/contexts/refseq_RefSeq_include_all_refseq_shards_size_1000_268328763/dehydrated_links/zips/refseq_000038.zip.partial.20260707T121233Z.4191587 --no-progressbar
[2026-07-07 20:24:16] [INFO] datasets download refseq_000038：第 1/3 次尝试。日志：/data3/p252701008/refseq_genomes_runlogs/logs/refseq_RefSeq_include_all_refseq_shards_size_1000_268328763/datasets_download_refseq_000038_20260707T121233Z.4191587.log.attempt1
[2026-07-07 20:24:34] [INFO] dehydrated 链接包下载完成：/data3/p252701008/refseq_genomes/contexts/refseq_RefSeq_include_all_refseq_shards_size_1000_268328763/dehydrated_links/zips/refseq_000038.zip
[2026-07-07 20:24:34] [INFO] 可用磁盘空间：5920 GB；阈值：2000 GB；路径：/data3/p252701008/refseq_genomes/contexts/refseq_RefSeq_include_all_refseq_shards_size_1000_268328763/dehydrated_links/zips
[2026-07-07 20:24:34] [INFO] 开始下载 dehydrated 链接包：refseq_000039；accession 数：1000
[2026-07-07 20:24:34] [INFO] 命令：datasets download genome accession --inputfile /data3/p252701008/refseq_genomes_runlogs/shards/refseq_RefSeq_include_all_refseq_shards_size_1000_268328763/refseq_shards_size_1000/refseq_000039.txt --dehydrated --include all --assembly-source RefSeq --filename /data3/p252701008/refseq_genomes/contexts/refseq_RefSeq_include_all_refseq_shards_size_1000_268328763/dehydrated_links/zips/refseq_000039.zip.partial.20260707T121233Z.4191587 --no-progressbar
[2026-07-07 20:24:34] [INFO] datasets download refseq_000039：第 1/3 次尝试。日志：/data3/p252701008/refseq_genomes_runlogs/logs/refseq_RefSeq_include_all_refseq_shards_size_1000_268328763/datasets_download_refseq_000039_20260707T121233Z.4191587.log.attempt1
[2026-07-07 20:24:52] [INFO] dehydrated 链接包下载完成：/data3/p252701008/refseq_genomes/contexts/refseq_RefSeq_include_all_refseq_shards_size_1000_268328763/dehydrated_links/zips/refseq_000039.zip
[2026-07-07 20:24:52] [INFO] 可用磁盘空间：5920 GB；阈值：2000 GB；路径：/data3/p252701008/refseq_genomes/contexts/refseq_RefSeq_include_all_refseq_shards_size_1000_268328763/dehydrated_links/zips
[2026-07-07 20:24:52] [INFO] 开始下载 dehydrated 链接包：refseq_000040；accession 数：1000
[2026-07-07 20:24:52] [INFO] 命令：datasets download genome accession --inputfile /data3/p252701008/refseq_genomes_runlogs/shards/refseq_RefSeq_include_all_refseq_shards_size_1000_268328763/refseq_shards_size_1000/refseq_000040.txt --dehydrated --include all --assembly-source RefSeq --filename /data3/p252701008/refseq_genomes/contexts/refseq_RefSeq_include_all_refseq_shards_size_1000_268328763/dehydrated_links/zips/refseq_000040.zip.partial.20260707T121233Z.4191587 --no-progressbar
[2026-07-07 20:24:52] [INFO] datasets download refseq_000040：第 1/3 次尝试。日志：/data3/p252701008/refseq_genomes_runlogs/logs/refseq_RefSeq_include_all_refseq_shards_size_1000_268328763/datasets_download_refseq_000040_20260707T121233Z.4191587.log.attempt1
[2026-07-07 20:25:10] [INFO] dehydrated 链接包下载完成：/data3/p252701008/refseq_genomes/contexts/refseq_RefSeq_include_all_refseq_shards_size_1000_268328763/dehydrated_links/zips/refseq_000040.zip
[2026-07-07 20:25:10] [INFO] 可用磁盘空间：5920 GB；阈值：2000 GB；路径：/data3/p252701008/refseq_genomes/contexts/refseq_RefSeq_include_all_refseq_shards_size_1000_268328763/dehydrated_links/zips
[2026-07-07 20:25:10] [INFO] 开始下载 dehydrated 链接包：refseq_000041；accession 数：1000
[2026-07-07 20:25:10] [INFO] 命令：datasets download genome accession --inputfile /data3/p252701008/refseq_genomes_runlogs/shards/refseq_RefSeq_include_all_refseq_shards_size_1000_268328763/refseq_shards_size_1000/refseq_000041.txt --dehydrated --include all --assembly-source RefSeq --filename /data3/p252701008/refseq_genomes/contexts/refseq_RefSeq_include_all_refseq_shards_size_1000_268328763/dehydrated_links/zips/refseq_000041.zip.partial.20260707T121233Z.4191587 --no-progressbar
[2026-07-07 20:25:10] [INFO] datasets download refseq_000041：第 1/3 次尝试。日志：/data3/p252701008/refseq_genomes_runlogs/logs/refseq_RefSeq_include_all_refseq_shards_size_1000_268328763/datasets_download_refseq_000041_20260707T121233Z.4191587.log.attempt1
[2026-07-07 20:25:28] [INFO] dehydrated 链接包下载完成：/data3/p252701008/refseq_genomes/contexts/refseq_RefSeq_include_all_refseq_shards_size_1000_268328763/dehydrated_links/zips/refseq_000041.zip
[2026-07-07 20:25:28] [INFO] 可用磁盘空间：5920 GB；阈值：2000 GB；路径：/data3/p252701008/refseq_genomes/contexts/refseq_RefSeq_include_all_refseq_shards_size_1000_268328763/dehydrated_links/zips
[2026-07-07 20:25:28] [INFO] 开始下载 dehydrated 链接包：refseq_000042；accession 数：1000
[2026-07-07 20:25:28] [INFO] 命令：datasets download genome accession --inputfile /data3/p252701008/refseq_genomes_runlogs/shards/refseq_RefSeq_include_all_refseq_shards_size_1000_268328763/refseq_shards_size_1000/refseq_000042.txt --dehydrated --include all --assembly-source RefSeq --filename /data3/p252701008/refseq_genomes/contexts/refseq_RefSeq_include_all_refseq_shards_size_1000_268328763/dehydrated_links/zips/refseq_000042.zip.partial.20260707T121233Z.4191587 --no-progressbar
[2026-07-07 20:25:28] [INFO] datasets download refseq_000042：第 1/3 次尝试。日志：/data3/p252701008/refseq_genomes_runlogs/logs/refseq_RefSeq_include_all_refseq_shards_size_1000_268328763/datasets_download_refseq_000042_20260707T121233Z.4191587.log.attempt1
[2026-07-07 20:25:46] [INFO] dehydrated 链接包下载完成：/data3/p252701008/refseq_genomes/contexts/refseq_RefSeq_include_all_refseq_shards_size_1000_268328763/dehydrated_links/zips/refseq_000042.zip
[2026-07-07 20:25:46] [INFO] 可用磁盘空间：5920 GB；阈值：2000 GB；路径：/data3/p252701008/refseq_genomes/contexts/refseq_RefSeq_include_all_refseq_shards_size_1000_268328763/dehydrated_links/zips
[2026-07-07 20:25:46] [INFO] 开始下载 dehydrated 链接包：refseq_000043；accession 数：1000
[2026-07-07 20:25:46] [INFO] 命令：datasets download genome accession --inputfile /data3/p252701008/refseq_genomes_runlogs/shards/refseq_RefSeq_include_all_refseq_shards_size_1000_268328763/refseq_shards_size_1000/refseq_000043.txt --dehydrated --include all --assembly-source RefSeq --filename /data3/p252701008/refseq_genomes/contexts/refseq_RefSeq_include_all_refseq_shards_size_1000_268328763/dehydrated_links/zips/refseq_000043.zip.partial.20260707T121233Z.4191587 --no-progressbar
[2026-07-07 20:25:46] [INFO] datasets download refseq_000043：第 1/3 次尝试。日志：/data3/p252701008/refseq_genomes_runlogs/logs/refseq_RefSeq_include_all_refseq_shards_size_1000_268328763/datasets_download_refseq_000043_20260707T121233Z.4191587.log.attempt1
[2026-07-07 20:26:03] [INFO] dehydrated 链接包下载完成：/data3/p252701008/refseq_genomes/contexts/refseq_RefSeq_include_all_refseq_shards_size_1000_268328763/dehydrated_links/zips/refseq_000043.zip
[2026-07-07 20:26:03] [INFO] 可用磁盘空间：5920 GB；阈值：2000 GB；路径：/data3/p252701008/refseq_genomes/contexts/refseq_RefSeq_include_all_refseq_shards_size_1000_268328763/dehydrated_links/zips
[2026-07-07 20:26:03] [INFO] 开始下载 dehydrated 链接包：refseq_000044；accession 数：1000
[2026-07-07 20:26:03] [INFO] 命令：datasets download genome accession --inputfile /data3/p252701008/refseq_genomes_runlogs/shards/refseq_RefSeq_include_all_refseq_shards_size_1000_268328763/refseq_shards_size_1000/refseq_000044.txt --dehydrated --include all --assembly-source RefSeq --filename /data3/p252701008/refseq_genomes/contexts/refseq_RefSeq_include_all_refseq_shards_size_1000_268328763/dehydrated_links/zips/refseq_000044.zip.partial.20260707T121233Z.4191587 --no-progressbar
[2026-07-07 20:26:03] [INFO] datasets download refseq_000044：第 1/3 次尝试。日志：/data3/p252701008/refseq_genomes_runlogs/logs/refseq_RefSeq_include_all_refseq_shards_size_1000_268328763/datasets_download_refseq_000044_20260707T121233Z.4191587.log.attempt1
[2026-07-07 20:26:22] [INFO] dehydrated 链接包下载完成：/data3/p252701008/refseq_genomes/contexts/refseq_RefSeq_include_all_refseq_shards_size_1000_268328763/dehydrated_links/zips/refseq_000044.zip
[2026-07-07 20:26:22] [INFO] 可用磁盘空间：5920 GB；阈值：2000 GB；路径：/data3/p252701008/refseq_genomes/contexts/refseq_RefSeq_include_all_refseq_shards_size_1000_268328763/dehydrated_links/zips
[2026-07-07 20:26:22] [INFO] 开始下载 dehydrated 链接包：refseq_000045；accession 数：1000
[2026-07-07 20:26:22] [INFO] 命令：datasets download genome accession --inputfile /data3/p252701008/refseq_genomes_runlogs/shards/refseq_RefSeq_include_all_refseq_shards_size_1000_268328763/refseq_shards_size_1000/refseq_000045.txt --dehydrated --include all --assembly-source RefSeq --filename /data3/p252701008/refseq_genomes/contexts/refseq_RefSeq_include_all_refseq_shards_size_1000_268328763/dehydrated_links/zips/refseq_000045.zip.partial.20260707T121233Z.4191587 --no-progressbar
[2026-07-07 20:26:22] [INFO] datasets download refseq_000045：第 1/3 次尝试。日志：/data3/p252701008/refseq_genomes_runlogs/logs/refseq_RefSeq_include_all_refseq_shards_size_1000_268328763/datasets_download_refseq_000045_20260707T121233Z.4191587.log.attempt1
[2026-07-07 20:26:39] [INFO] dehydrated 链接包下载完成：/data3/p252701008/refseq_genomes/contexts/refseq_RefSeq_include_all_refseq_shards_size_1000_268328763/dehydrated_links/zips/refseq_000045.zip
[2026-07-07 20:26:39] [INFO] 可用磁盘空间：5920 GB；阈值：2000 GB；路径：/data3/p252701008/refseq_genomes/contexts/refseq_RefSeq_include_all_refseq_shards_size_1000_268328763/dehydrated_links/zips
[2026-07-07 20:26:39] [INFO] 开始下载 dehydrated 链接包：refseq_000046；accession 数：1000
[2026-07-07 20:26:39] [INFO] 命令：datasets download genome accession --inputfile /data3/p252701008/refseq_genomes_runlogs/shards/refseq_RefSeq_include_all_refseq_shards_size_1000_268328763/refseq_shards_size_1000/refseq_000046.txt --dehydrated --include all --assembly-source RefSeq --filename /data3/p252701008/refseq_genomes/contexts/refseq_RefSeq_include_all_refseq_shards_size_1000_268328763/dehydrated_links/zips/refseq_000046.zip.partial.20260707T121233Z.4191587 --no-progressbar
[2026-07-07 20:26:39] [INFO] datasets download refseq_000046：第 1/3 次尝试。日志：/data3/p252701008/refseq_genomes_runlogs/logs/refseq_RefSeq_include_all_refseq_shards_size_1000_268328763/datasets_download_refseq_000046_20260707T121233Z.4191587.log.attempt1
[2026-07-07 20:26:56] [INFO] dehydrated 链接包下载完成：/data3/p252701008/refseq_genomes/contexts/refseq_RefSeq_include_all_refseq_shards_size_1000_268328763/dehydrated_links/zips/refseq_000046.zip
[2026-07-07 20:26:56] [INFO] 可用磁盘空间：5920 GB；阈值：2000 GB；路径：/data3/p252701008/refseq_genomes/contexts/refseq_RefSeq_include_all_refseq_shards_size_1000_268328763/dehydrated_links/zips
[2026-07-07 20:26:56] [INFO] 开始下载 dehydrated 链接包：refseq_000047；accession 数：1000
[2026-07-07 20:26:56] [INFO] 命令：datasets download genome accession --inputfile /data3/p252701008/refseq_genomes_runlogs/shards/refseq_RefSeq_include_all_refseq_shards_size_1000_268328763/refseq_shards_size_1000/refseq_000047.txt --dehydrated --include all --assembly-source RefSeq --filename /data3/p252701008/refseq_genomes/contexts/refseq_RefSeq_include_all_refseq_shards_size_1000_268328763/dehydrated_links/zips/refseq_000047.zip.partial.20260707T121233Z.4191587 --no-progressbar
[2026-07-07 20:26:56] [INFO] datasets download refseq_000047：第 1/3 次尝试。日志：/data3/p252701008/refseq_genomes_runlogs/logs/refseq_RefSeq_include_all_refseq_shards_size_1000_268328763/datasets_download_refseq_000047_20260707T121233Z.4191587.log.attempt1
[2026-07-07 20:27:13] [INFO] dehydrated 链接包下载完成：/data3/p252701008/refseq_genomes/contexts/refseq_RefSeq_include_all_refseq_shards_size_1000_268328763/dehydrated_links/zips/refseq_000047.zip
[2026-07-07 20:27:13] [INFO] 可用磁盘空间：5920 GB；阈值：2000 GB；路径：/data3/p252701008/refseq_genomes/contexts/refseq_RefSeq_include_all_refseq_shards_size_1000_268328763/dehydrated_links/zips
[2026-07-07 20:27:13] [INFO] 开始下载 dehydrated 链接包：refseq_000048；accession 数：1000
[2026-07-07 20:27:13] [INFO] 命令：datasets download genome accession --inputfile /data3/p252701008/refseq_genomes_runlogs/shards/refseq_RefSeq_include_all_refseq_shards_size_1000_268328763/refseq_shards_size_1000/refseq_000048.txt --dehydrated --include all --assembly-source RefSeq --filename /data3/p252701008/refseq_genomes/contexts/refseq_RefSeq_include_all_refseq_shards_size_1000_268328763/dehydrated_links/zips/refseq_000048.zip.partial.20260707T121233Z.4191587 --no-progressbar
[2026-07-07 20:27:13] [INFO] datasets download refseq_000048：第 1/3 次尝试。日志：/data3/p252701008/refseq_genomes_runlogs/logs/refseq_RefSeq_include_all_refseq_shards_size_1000_268328763/datasets_download_refseq_000048_20260707T121233Z.4191587.log.attempt1
[2026-07-07 20:27:30] [INFO] dehydrated 链接包下载完成：/data3/p252701008/refseq_genomes/contexts/refseq_RefSeq_include_all_refseq_shards_size_1000_268328763/dehydrated_links/zips/refseq_000048.zip
[2026-07-07 20:27:30] [INFO] 可用磁盘空间：5920 GB；阈值：2000 GB；路径：/data3/p252701008/refseq_genomes/contexts/refseq_RefSeq_include_all_refseq_shards_size_1000_268328763/dehydrated_links/zips
[2026-07-07 20:27:30] [INFO] 开始下载 dehydrated 链接包：refseq_000049；accession 数：1000
[2026-07-07 20:27:30] [INFO] 命令：datasets download genome accession --inputfile /data3/p252701008/refseq_genomes_runlogs/shards/refseq_RefSeq_include_all_refseq_shards_size_1000_268328763/refseq_shards_size_1000/refseq_000049.txt --dehydrated --include all --assembly-source RefSeq --filename /data3/p252701008/refseq_genomes/contexts/refseq_RefSeq_include_all_refseq_shards_size_1000_268328763/dehydrated_links/zips/refseq_000049.zip.partial.20260707T121233Z.4191587 --no-progressbar
[2026-07-07 20:27:30] [INFO] datasets download refseq_000049：第 1/3 次尝试。日志：/data3/p252701008/refseq_genomes_runlogs/logs/refseq_RefSeq_include_all_refseq_shards_size_1000_268328763/datasets_download_refseq_000049_20260707T121233Z.4191587.log.attempt1
[2026-07-07 20:27:49] [INFO] dehydrated 链接包下载完成：/data3/p252701008/refseq_genomes/contexts/refseq_RefSeq_include_all_refseq_shards_size_1000_268328763/dehydrated_links/zips/refseq_000049.zip
[2026-07-07 20:27:49] [INFO] 可用磁盘空间：5920 GB；阈值：2000 GB；路径：/data3/p252701008/refseq_genomes/contexts/refseq_RefSeq_include_all_refseq_shards_size_1000_268328763/dehydrated_links/zips
[2026-07-07 20:27:49] [INFO] 开始下载 dehydrated 链接包：refseq_000050；accession 数：1000
[2026-07-07 20:27:49] [INFO] 命令：datasets download genome accession --inputfile /data3/p252701008/refseq_genomes_runlogs/shards/refseq_RefSeq_include_all_refseq_shards_size_1000_268328763/refseq_shards_size_1000/refseq_000050.txt --dehydrated --include all --assembly-source RefSeq --filename /data3/p252701008/refseq_genomes/contexts/refseq_RefSeq_include_all_refseq_shards_size_1000_268328763/dehydrated_links/zips/refseq_000050.zip.partial.20260707T121233Z.4191587 --no-progressbar
[2026-07-07 20:27:49] [INFO] datasets download refseq_000050：第 1/3 次尝试。日志：/data3/p252701008/refseq_genomes_runlogs/logs/refseq_RefSeq_include_all_refseq_shards_size_1000_268328763/datasets_download_refseq_000050_20260707T121233Z.4191587.log.attempt1
[2026-07-07 20:28:07] [INFO] dehydrated 链接包下载完成：/data3/p252701008/refseq_genomes/contexts/refseq_RefSeq_include_all_refseq_shards_size_1000_268328763/dehydrated_links/zips/refseq_000050.zip
[2026-07-07 20:28:07] [INFO] 可用磁盘空间：5920 GB；阈值：2000 GB；路径：/data3/p252701008/refseq_genomes/contexts/refseq_RefSeq_include_all_refseq_shards_size_1000_268328763/dehydrated_links/zips
[2026-07-07 20:28:07] [INFO] 开始下载 dehydrated 链接包：refseq_000051；accession 数：1000
[2026-07-07 20:28:07] [INFO] 命令：datasets download genome accession --inputfile /data3/p252701008/refseq_genomes_runlogs/shards/refseq_RefSeq_include_all_refseq_shards_size_1000_268328763/refseq_shards_size_1000/refseq_000051.txt --dehydrated --include all --assembly-source RefSeq --filename /data3/p252701008/refseq_genomes/contexts/refseq_RefSeq_include_all_refseq_shards_size_1000_268328763/dehydrated_links/zips/refseq_000051.zip.partial.20260707T121233Z.4191587 --no-progressbar
[2026-07-07 20:28:07] [INFO] datasets download refseq_000051：第 1/3 次尝试。日志：/data3/p252701008/refseq_genomes_runlogs/logs/refseq_RefSeq_include_all_refseq_shards_size_1000_268328763/datasets_download_refseq_000051_20260707T121233Z.4191587.log.attempt1
[2026-07-07 20:28:24] [INFO] dehydrated 链接包下载完成：/data3/p252701008/refseq_genomes/contexts/refseq_RefSeq_include_all_refseq_shards_size_1000_268328763/dehydrated_links/zips/refseq_000051.zip
[2026-07-07 20:28:24] [INFO] 可用磁盘空间：5920 GB；阈值：2000 GB；路径：/data3/p252701008/refseq_genomes/contexts/refseq_RefSeq_include_all_refseq_shards_size_1000_268328763/dehydrated_links/zips
[2026-07-07 20:28:24] [INFO] 开始下载 dehydrated 链接包：refseq_000052；accession 数：1000
[2026-07-07 20:28:24] [INFO] 命令：datasets download genome accession --inputfile /data3/p252701008/refseq_genomes_runlogs/shards/refseq_RefSeq_include_all_refseq_shards_size_1000_268328763/refseq_shards_size_1000/refseq_000052.txt --dehydrated --include all --assembly-source RefSeq --filename /data3/p252701008/refseq_genomes/contexts/refseq_RefSeq_include_all_refseq_shards_size_1000_268328763/dehydrated_links/zips/refseq_000052.zip.partial.20260707T121233Z.4191587 --no-progressbar
[2026-07-07 20:28:24] [INFO] datasets download refseq_000052：第 1/3 次尝试。日志：/data3/p252701008/refseq_genomes_runlogs/logs/refseq_RefSeq_include_all_refseq_shards_size_1000_268328763/datasets_download_refseq_000052_20260707T121233Z.4191587.log.attempt1
[2026-07-07 20:28:41] [INFO] dehydrated 链接包下载完成：/data3/p252701008/refseq_genomes/contexts/refseq_RefSeq_include_all_refseq_shards_size_1000_268328763/dehydrated_links/zips/refseq_000052.zip
[2026-07-07 20:28:41] [INFO] 可用磁盘空间：5920 GB；阈值：2000 GB；路径：/data3/p252701008/refseq_genomes/contexts/refseq_RefSeq_include_all_refseq_shards_size_1000_268328763/dehydrated_links/zips
[2026-07-07 20:28:41] [INFO] 开始下载 dehydrated 链接包：refseq_000053；accession 数：1000
[2026-07-07 20:28:41] [INFO] 命令：datasets download genome accession --inputfile /data3/p252701008/refseq_genomes_runlogs/shards/refseq_RefSeq_include_all_refseq_shards_size_1000_268328763/refseq_shards_size_1000/refseq_000053.txt --dehydrated --include all --assembly-source RefSeq --filename /data3/p252701008/refseq_genomes/contexts/refseq_RefSeq_include_all_refseq_shards_size_1000_268328763/dehydrated_links/zips/refseq_000053.zip.partial.20260707T121233Z.4191587 --no-progressbar
[2026-07-07 20:28:41] [INFO] datasets download refseq_000053：第 1/3 次尝试。日志：/data3/p252701008/refseq_genomes_runlogs/logs/refseq_RefSeq_include_all_refseq_shards_size_1000_268328763/datasets_download_refseq_000053_20260707T121233Z.4191587.log.attempt1
[2026-07-07 20:29:00] [INFO] dehydrated 链接包下载完成：/data3/p252701008/refseq_genomes/contexts/refseq_RefSeq_include_all_refseq_shards_size_1000_268328763/dehydrated_links/zips/refseq_000053.zip
[2026-07-07 20:29:00] [INFO] 可用磁盘空间：5920 GB；阈值：2000 GB；路径：/data3/p252701008/refseq_genomes/contexts/refseq_RefSeq_include_all_refseq_shards_size_1000_268328763/dehydrated_links/zips
[2026-07-07 20:29:00] [INFO] 开始下载 dehydrated 链接包：refseq_000054；accession 数：1000
[2026-07-07 20:29:00] [INFO] 命令：datasets download genome accession --inputfile /data3/p252701008/refseq_genomes_runlogs/shards/refseq_RefSeq_include_all_refseq_shards_size_1000_268328763/refseq_shards_size_1000/refseq_000054.txt --dehydrated --include all --assembly-source RefSeq --filename /data3/p252701008/refseq_genomes/contexts/refseq_RefSeq_include_all_refseq_shards_size_1000_268328763/dehydrated_links/zips/refseq_000054.zip.partial.20260707T121233Z.4191587 --no-progressbar
[2026-07-07 20:29:00] [INFO] datasets download refseq_000054：第 1/3 次尝试。日志：/data3/p252701008/refseq_genomes_runlogs/logs/refseq_RefSeq_include_all_refseq_shards_size_1000_268328763/datasets_download_refseq_000054_20260707T121233Z.4191587.log.attempt1
[2026-07-07 20:29:18] [INFO] dehydrated 链接包下载完成：/data3/p252701008/refseq_genomes/contexts/refseq_RefSeq_include_all_refseq_shards_size_1000_268328763/dehydrated_links/zips/refseq_000054.zip
[2026-07-07 20:29:18] [INFO] 可用磁盘空间：5920 GB；阈值：2000 GB；路径：/data3/p252701008/refseq_genomes/contexts/refseq_RefSeq_include_all_refseq_shards_size_1000_268328763/dehydrated_links/zips
[2026-07-07 20:29:18] [INFO] 开始下载 dehydrated 链接包：refseq_000055；accession 数：1000
[2026-07-07 20:29:18] [INFO] 命令：datasets download genome accession --inputfile /data3/p252701008/refseq_genomes_runlogs/shards/refseq_RefSeq_include_all_refseq_shards_size_1000_268328763/refseq_shards_size_1000/refseq_000055.txt --dehydrated --include all --assembly-source RefSeq --filename /data3/p252701008/refseq_genomes/contexts/refseq_RefSeq_include_all_refseq_shards_size_1000_268328763/dehydrated_links/zips/refseq_000055.zip.partial.20260707T121233Z.4191587 --no-progressbar
[2026-07-07 20:29:18] [INFO] datasets download refseq_000055：第 1/3 次尝试。日志：/data3/p252701008/refseq_genomes_runlogs/logs/refseq_RefSeq_include_all_refseq_shards_size_1000_268328763/datasets_download_refseq_000055_20260707T121233Z.4191587.log.attempt1
[2026-07-07 20:29:36] [INFO] dehydrated 链接包下载完成：/data3/p252701008/refseq_genomes/contexts/refseq_RefSeq_include_all_refseq_shards_size_1000_268328763/dehydrated_links/zips/refseq_000055.zip
[2026-07-07 20:29:36] [INFO] 可用磁盘空间：5920 GB；阈值：2000 GB；路径：/data3/p252701008/refseq_genomes/contexts/refseq_RefSeq_include_all_refseq_shards_size_1000_268328763/dehydrated_links/zips
[2026-07-07 20:29:36] [INFO] 开始下载 dehydrated 链接包：refseq_000056；accession 数：1000
[2026-07-07 20:29:36] [INFO] 命令：datasets download genome accession --inputfile /data3/p252701008/refseq_genomes_runlogs/shards/refseq_RefSeq_include_all_refseq_shards_size_1000_268328763/refseq_shards_size_1000/refseq_000056.txt --dehydrated --include all --assembly-source RefSeq --filename /data3/p252701008/refseq_genomes/contexts/refseq_RefSeq_include_all_refseq_shards_size_1000_268328763/dehydrated_links/zips/refseq_000056.zip.partial.20260707T121233Z.4191587 --no-progressbar
[2026-07-07 20:29:36] [INFO] datasets download refseq_000056：第 1/3 次尝试。日志：/data3/p252701008/refseq_genomes_runlogs/logs/refseq_RefSeq_include_all_refseq_shards_size_1000_268328763/datasets_download_refseq_000056_20260707T121233Z.4191587.log.attempt1
[2026-07-07 20:29:53] [INFO] dehydrated 链接包下载完成：/data3/p252701008/refseq_genomes/contexts/refseq_RefSeq_include_all_refseq_shards_size_1000_268328763/dehydrated_links/zips/refseq_000056.zip
[2026-07-07 20:29:53] [INFO] 可用磁盘空间：5920 GB；阈值：2000 GB；路径：/data3/p252701008/refseq_genomes/contexts/refseq_RefSeq_include_all_refseq_shards_size_1000_268328763/dehydrated_links/zips
[2026-07-07 20:29:53] [INFO] 开始下载 dehydrated 链接包：refseq_000057；accession 数：1000
[2026-07-07 20:29:53] [INFO] 命令：datasets download genome accession --inputfile /data3/p252701008/refseq_genomes_runlogs/shards/refseq_RefSeq_include_all_refseq_shards_size_1000_268328763/refseq_shards_size_1000/refseq_000057.txt --dehydrated --include all --assembly-source RefSeq --filename /data3/p252701008/refseq_genomes/contexts/refseq_RefSeq_include_all_refseq_shards_size_1000_268328763/dehydrated_links/zips/refseq_000057.zip.partial.20260707T121233Z.4191587 --no-progressbar
[2026-07-07 20:29:53] [INFO] datasets download refseq_000057：第 1/3 次尝试。日志：/data3/p252701008/refseq_genomes_runlogs/logs/refseq_RefSeq_include_all_refseq_shards_size_1000_268328763/datasets_download_refseq_000057_20260707T121233Z.4191587.log.attempt1
[2026-07-07 20:30:10] [INFO] dehydrated 链接包下载完成：/data3/p252701008/refseq_genomes/contexts/refseq_RefSeq_include_all_refseq_shards_size_1000_268328763/dehydrated_links/zips/refseq_000057.zip
[2026-07-07 20:30:10] [INFO] 可用磁盘空间：5920 GB；阈值：2000 GB；路径：/data3/p252701008/refseq_genomes/contexts/refseq_RefSeq_include_all_refseq_shards_size_1000_268328763/dehydrated_links/zips
[2026-07-07 20:30:10] [INFO] 开始下载 dehydrated 链接包：refseq_000058；accession 数：1000
[2026-07-07 20:30:10] [INFO] 命令：datasets download genome accession --inputfile /data3/p252701008/refseq_genomes_runlogs/shards/refseq_RefSeq_include_all_refseq_shards_size_1000_268328763/refseq_shards_size_1000/refseq_000058.txt --dehydrated --include all --assembly-source RefSeq --filename /data3/p252701008/refseq_genomes/contexts/refseq_RefSeq_include_all_refseq_shards_size_1000_268328763/dehydrated_links/zips/refseq_000058.zip.partial.20260707T121233Z.4191587 --no-progressbar
[2026-07-07 20:30:10] [INFO] datasets download refseq_000058：第 1/3 次尝试。日志：/data3/p252701008/refseq_genomes_runlogs/logs/refseq_RefSeq_include_all_refseq_shards_size_1000_268328763/datasets_download_refseq_000058_20260707T121233Z.4191587.log.attempt1
[2026-07-07 20:30:28] [INFO] dehydrated 链接包下载完成：/data3/p252701008/refseq_genomes/contexts/refseq_RefSeq_include_all_refseq_shards_size_1000_268328763/dehydrated_links/zips/refseq_000058.zip
[2026-07-07 20:30:28] [INFO] 可用磁盘空间：5920 GB；阈值：2000 GB；路径：/data3/p252701008/refseq_genomes/contexts/refseq_RefSeq_include_all_refseq_shards_size_1000_268328763/dehydrated_links/zips
[2026-07-07 20:30:28] [INFO] 开始下载 dehydrated 链接包：refseq_000059；accession 数：1000
[2026-07-07 20:30:28] [INFO] 命令：datasets download genome accession --inputfile /data3/p252701008/refseq_genomes_runlogs/shards/refseq_RefSeq_include_all_refseq_shards_size_1000_268328763/refseq_shards_size_1000/refseq_000059.txt --dehydrated --include all --assembly-source RefSeq --filename /data3/p252701008/refseq_genomes/contexts/refseq_RefSeq_include_all_refseq_shards_size_1000_268328763/dehydrated_links/zips/refseq_000059.zip.partial.20260707T121233Z.4191587 --no-progressbar
[2026-07-07 20:30:28] [INFO] datasets download refseq_000059：第 1/3 次尝试。日志：/data3/p252701008/refseq_genomes_runlogs/logs/refseq_RefSeq_include_all_refseq_shards_size_1000_268328763/datasets_download_refseq_000059_20260707T121233Z.4191587.log.attempt1
[2026-07-07 20:30:46] [INFO] dehydrated 链接包下载完成：/data3/p252701008/refseq_genomes/contexts/refseq_RefSeq_include_all_refseq_shards_size_1000_268328763/dehydrated_links/zips/refseq_000059.zip
[2026-07-07 20:30:46] [INFO] 可用磁盘空间：5920 GB；阈值：2000 GB；路径：/data3/p252701008/refseq_genomes/contexts/refseq_RefSeq_include_all_refseq_shards_size_1000_268328763/dehydrated_links/zips
[2026-07-07 20:30:46] [INFO] 开始下载 dehydrated 链接包：refseq_000060；accession 数：1000
[2026-07-07 20:30:46] [INFO] 命令：datasets download genome accession --inputfile /data3/p252701008/refseq_genomes_runlogs/shards/refseq_RefSeq_include_all_refseq_shards_size_1000_268328763/refseq_shards_size_1000/refseq_000060.txt --dehydrated --include all --assembly-source RefSeq --filename /data3/p252701008/refseq_genomes/contexts/refseq_RefSeq_include_all_refseq_shards_size_1000_268328763/dehydrated_links/zips/refseq_000060.zip.partial.20260707T121233Z.4191587 --no-progressbar
[2026-07-07 20:30:46] [INFO] datasets download refseq_000060：第 1/3 次尝试。日志：/data3/p252701008/refseq_genomes_runlogs/logs/refseq_RefSeq_include_all_refseq_shards_size_1000_268328763/datasets_download_refseq_000060_20260707T121233Z.4191587.log.attempt1
[2026-07-07 20:31:05] [INFO] dehydrated 链接包下载完成：/data3/p252701008/refseq_genomes/contexts/refseq_RefSeq_include_all_refseq_shards_size_1000_268328763/dehydrated_links/zips/refseq_000060.zip
[2026-07-07 20:31:05] [INFO] 可用磁盘空间：5920 GB；阈值：2000 GB；路径：/data3/p252701008/refseq_genomes/contexts/refseq_RefSeq_include_all_refseq_shards_size_1000_268328763/dehydrated_links/zips
[2026-07-07 20:31:05] [INFO] 开始下载 dehydrated 链接包：refseq_000061；accession 数：1000
[2026-07-07 20:31:05] [INFO] 命令：datasets download genome accession --inputfile /data3/p252701008/refseq_genomes_runlogs/shards/refseq_RefSeq_include_all_refseq_shards_size_1000_268328763/refseq_shards_size_1000/refseq_000061.txt --dehydrated --include all --assembly-source RefSeq --filename /data3/p252701008/refseq_genomes/contexts/refseq_RefSeq_include_all_refseq_shards_size_1000_268328763/dehydrated_links/zips/refseq_000061.zip.partial.20260707T121233Z.4191587 --no-progressbar
[2026-07-07 20:31:05] [INFO] datasets download refseq_000061：第 1/3 次尝试。日志：/data3/p252701008/refseq_genomes_runlogs/logs/refseq_RefSeq_include_all_refseq_shards_size_1000_268328763/datasets_download_refseq_000061_20260707T121233Z.4191587.log.attempt1
[2026-07-07 20:31:20] [INFO] dehydrated 链接包下载完成：/data3/p252701008/refseq_genomes/contexts/refseq_RefSeq_include_all_refseq_shards_size_1000_268328763/dehydrated_links/zips/refseq_000061.zip
[2026-07-07 20:31:20] [INFO] 可用磁盘空间：5920 GB；阈值：2000 GB；路径：/data3/p252701008/refseq_genomes/contexts/refseq_RefSeq_include_all_refseq_shards_size_1000_268328763/dehydrated_links/zips
[2026-07-07 20:31:20] [INFO] 开始下载 dehydrated 链接包：refseq_000062；accession 数：1000
[2026-07-07 20:31:20] [INFO] 命令：datasets download genome accession --inputfile /data3/p252701008/refseq_genomes_runlogs/shards/refseq_RefSeq_include_all_refseq_shards_size_1000_268328763/refseq_shards_size_1000/refseq_000062.txt --dehydrated --include all --assembly-source RefSeq --filename /data3/p252701008/refseq_genomes/contexts/refseq_RefSeq_include_all_refseq_shards_size_1000_268328763/dehydrated_links/zips/refseq_000062.zip.partial.20260707T121233Z.4191587 --no-progressbar
[2026-07-07 20:31:20] [INFO] datasets download refseq_000062：第 1/3 次尝试。日志：/data3/p252701008/refseq_genomes_runlogs/logs/refseq_RefSeq_include_all_refseq_shards_size_1000_268328763/datasets_download_refseq_000062_20260707T121233Z.4191587.log.attempt1
[2026-07-07 20:31:39] [INFO] dehydrated 链接包下载完成：/data3/p252701008/refseq_genomes/contexts/refseq_RefSeq_include_all_refseq_shards_size_1000_268328763/dehydrated_links/zips/refseq_000062.zip
[2026-07-07 20:31:39] [INFO] 可用磁盘空间：5920 GB；阈值：2000 GB；路径：/data3/p252701008/refseq_genomes/contexts/refseq_RefSeq_include_all_refseq_shards_size_1000_268328763/dehydrated_links/zips
[2026-07-07 20:31:39] [INFO] 开始下载 dehydrated 链接包：refseq_000063；accession 数：1000
[2026-07-07 20:31:39] [INFO] 命令：datasets download genome accession --inputfile /data3/p252701008/refseq_genomes_runlogs/shards/refseq_RefSeq_include_all_refseq_shards_size_1000_268328763/refseq_shards_size_1000/refseq_000063.txt --dehydrated --include all --assembly-source RefSeq --filename /data3/p252701008/refseq_genomes/contexts/refseq_RefSeq_include_all_refseq_shards_size_1000_268328763/dehydrated_links/zips/refseq_000063.zip.partial.20260707T121233Z.4191587 --no-progressbar
[2026-07-07 20:31:39] [INFO] datasets download refseq_000063：第 1/3 次尝试。日志：/data3/p252701008/refseq_genomes_runlogs/logs/refseq_RefSeq_include_all_refseq_shards_size_1000_268328763/datasets_download_refseq_000063_20260707T121233Z.4191587.log.attempt1
[2026-07-07 20:31:56] [INFO] dehydrated 链接包下载完成：/data3/p252701008/refseq_genomes/contexts/refseq_RefSeq_include_all_refseq_shards_size_1000_268328763/dehydrated_links/zips/refseq_000063.zip
[2026-07-07 20:31:56] [INFO] 可用磁盘空间：5920 GB；阈值：2000 GB；路径：/data3/p252701008/refseq_genomes/contexts/refseq_RefSeq_include_all_refseq_shards_size_1000_268328763/dehydrated_links/zips
[2026-07-07 20:31:56] [INFO] 开始下载 dehydrated 链接包：refseq_000064；accession 数：1000
[2026-07-07 20:31:56] [INFO] 命令：datasets download genome accession --inputfile /data3/p252701008/refseq_genomes_runlogs/shards/refseq_RefSeq_include_all_refseq_shards_size_1000_268328763/refseq_shards_size_1000/refseq_000064.txt --dehydrated --include all --assembly-source RefSeq --filename /data3/p252701008/refseq_genomes/contexts/refseq_RefSeq_include_all_refseq_shards_size_1000_268328763/dehydrated_links/zips/refseq_000064.zip.partial.20260707T121233Z.4191587 --no-progressbar
[2026-07-07 20:31:56] [INFO] datasets download refseq_000064：第 1/3 次尝试。日志：/data3/p252701008/refseq_genomes_runlogs/logs/refseq_RefSeq_include_all_refseq_shards_size_1000_268328763/datasets_download_refseq_000064_20260707T121233Z.4191587.log.attempt1
[2026-07-07 20:32:15] [INFO] dehydrated 链接包下载完成：/data3/p252701008/refseq_genomes/contexts/refseq_RefSeq_include_all_refseq_shards_size_1000_268328763/dehydrated_links/zips/refseq_000064.zip
[2026-07-07 20:32:15] [INFO] 可用磁盘空间：5920 GB；阈值：2000 GB；路径：/data3/p252701008/refseq_genomes/contexts/refseq_RefSeq_include_all_refseq_shards_size_1000_268328763/dehydrated_links/zips
[2026-07-07 20:32:15] [INFO] 开始下载 dehydrated 链接包：refseq_000065；accession 数：1000
[2026-07-07 20:32:15] [INFO] 命令：datasets download genome accession --inputfile /data3/p252701008/refseq_genomes_runlogs/shards/refseq_RefSeq_include_all_refseq_shards_size_1000_268328763/refseq_shards_size_1000/refseq_000065.txt --dehydrated --include all --assembly-source RefSeq --filename /data3/p252701008/refseq_genomes/contexts/refseq_RefSeq_include_all_refseq_shards_size_1000_268328763/dehydrated_links/zips/refseq_000065.zip.partial.20260707T121233Z.4191587 --no-progressbar
[2026-07-07 20:32:15] [INFO] datasets download refseq_000065：第 1/3 次尝试。日志：/data3/p252701008/refseq_genomes_runlogs/logs/refseq_RefSeq_include_all_refseq_shards_size_1000_268328763/datasets_download_refseq_000065_20260707T121233Z.4191587.log.attempt1
[2026-07-07 20:32:32] [INFO] dehydrated 链接包下载完成：/data3/p252701008/refseq_genomes/contexts/refseq_RefSeq_include_all_refseq_shards_size_1000_268328763/dehydrated_links/zips/refseq_000065.zip
[2026-07-07 20:32:32] [INFO] 可用磁盘空间：5920 GB；阈值：2000 GB；路径：/data3/p252701008/refseq_genomes/contexts/refseq_RefSeq_include_all_refseq_shards_size_1000_268328763/dehydrated_links/zips
[2026-07-07 20:32:32] [INFO] 开始下载 dehydrated 链接包：refseq_000066；accession 数：1000
[2026-07-07 20:32:32] [INFO] 命令：datasets download genome accession --inputfile /data3/p252701008/refseq_genomes_runlogs/shards/refseq_RefSeq_include_all_refseq_shards_size_1000_268328763/refseq_shards_size_1000/refseq_000066.txt --dehydrated --include all --assembly-source RefSeq --filename /data3/p252701008/refseq_genomes/contexts/refseq_RefSeq_include_all_refseq_shards_size_1000_268328763/dehydrated_links/zips/refseq_000066.zip.partial.20260707T121233Z.4191587 --no-progressbar
[2026-07-07 20:32:32] [INFO] datasets download refseq_000066：第 1/3 次尝试。日志：/data3/p252701008/refseq_genomes_runlogs/logs/refseq_RefSeq_include_all_refseq_shards_size_1000_268328763/datasets_download_refseq_000066_20260707T121233Z.4191587.log.attempt1
[2026-07-07 20:32:49] [INFO] dehydrated 链接包下载完成：/data3/p252701008/refseq_genomes/contexts/refseq_RefSeq_include_all_refseq_shards_size_1000_268328763/dehydrated_links/zips/refseq_000066.zip
[2026-07-07 20:32:49] [INFO] 可用磁盘空间：5920 GB；阈值：2000 GB；路径：/data3/p252701008/refseq_genomes/contexts/refseq_RefSeq_include_all_refseq_shards_size_1000_268328763/dehydrated_links/zips
[2026-07-07 20:32:49] [INFO] 开始下载 dehydrated 链接包：refseq_000067；accession 数：1000
[2026-07-07 20:32:49] [INFO] 命令：datasets download genome accession --inputfile /data3/p252701008/refseq_genomes_runlogs/shards/refseq_RefSeq_include_all_refseq_shards_size_1000_268328763/refseq_shards_size_1000/refseq_000067.txt --dehydrated --include all --assembly-source RefSeq --filename /data3/p252701008/refseq_genomes/contexts/refseq_RefSeq_include_all_refseq_shards_size_1000_268328763/dehydrated_links/zips/refseq_000067.zip.partial.20260707T121233Z.4191587 --no-progressbar
[2026-07-07 20:32:49] [INFO] datasets download refseq_000067：第 1/3 次尝试。日志：/data3/p252701008/refseq_genomes_runlogs/logs/refseq_RefSeq_include_all_refseq_shards_size_1000_268328763/datasets_download_refseq_000067_20260707T121233Z.4191587.log.attempt1
[2026-07-07 20:33:08] [INFO] dehydrated 链接包下载完成：/data3/p252701008/refseq_genomes/contexts/refseq_RefSeq_include_all_refseq_shards_size_1000_268328763/dehydrated_links/zips/refseq_000067.zip
[2026-07-07 20:33:08] [INFO] 可用磁盘空间：5920 GB；阈值：2000 GB；路径：/data3/p252701008/refseq_genomes/contexts/refseq_RefSeq_include_all_refseq_shards_size_1000_268328763/dehydrated_links/zips
[2026-07-07 20:33:08] [INFO] 开始下载 dehydrated 链接包：refseq_000068；accession 数：1000
[2026-07-07 20:33:08] [INFO] 命令：datasets download genome accession --inputfile /data3/p252701008/refseq_genomes_runlogs/shards/refseq_RefSeq_include_all_refseq_shards_size_1000_268328763/refseq_shards_size_1000/refseq_000068.txt --dehydrated --include all --assembly-source RefSeq --filename /data3/p252701008/refseq_genomes/contexts/refseq_RefSeq_include_all_refseq_shards_size_1000_268328763/dehydrated_links/zips/refseq_000068.zip.partial.20260707T121233Z.4191587 --no-progressbar
[2026-07-07 20:33:08] [INFO] datasets download refseq_000068：第 1/3 次尝试。日志：/data3/p252701008/refseq_genomes_runlogs/logs/refseq_RefSeq_include_all_refseq_shards_size_1000_268328763/datasets_download_refseq_000068_20260707T121233Z.4191587.log.attempt1
[2026-07-07 20:33:28] [INFO] dehydrated 链接包下载完成：/data3/p252701008/refseq_genomes/contexts/refseq_RefSeq_include_all_refseq_shards_size_1000_268328763/dehydrated_links/zips/refseq_000068.zip
[2026-07-07 20:33:28] [INFO] 可用磁盘空间：5920 GB；阈值：2000 GB；路径：/data3/p252701008/refseq_genomes/contexts/refseq_RefSeq_include_all_refseq_shards_size_1000_268328763/dehydrated_links/zips
[2026-07-07 20:33:28] [INFO] 开始下载 dehydrated 链接包：refseq_000069；accession 数：1000
[2026-07-07 20:33:28] [INFO] 命令：datasets download genome accession --inputfile /data3/p252701008/refseq_genomes_runlogs/shards/refseq_RefSeq_include_all_refseq_shards_size_1000_268328763/refseq_shards_size_1000/refseq_000069.txt --dehydrated --include all --assembly-source RefSeq --filename /data3/p252701008/refseq_genomes/contexts/refseq_RefSeq_include_all_refseq_shards_size_1000_268328763/dehydrated_links/zips/refseq_000069.zip.partial.20260707T121233Z.4191587 --no-progressbar
[2026-07-07 20:33:28] [INFO] datasets download refseq_000069：第 1/3 次尝试。日志：/data3/p252701008/refseq_genomes_runlogs/logs/refseq_RefSeq_include_all_refseq_shards_size_1000_268328763/datasets_download_refseq_000069_20260707T121233Z.4191587.log.attempt1
[2026-07-07 20:33:46] [INFO] dehydrated 链接包下载完成：/data3/p252701008/refseq_genomes/contexts/refseq_RefSeq_include_all_refseq_shards_size_1000_268328763/dehydrated_links/zips/refseq_000069.zip
[2026-07-07 20:33:46] [INFO] 可用磁盘空间：5920 GB；阈值：2000 GB；路径：/data3/p252701008/refseq_genomes/contexts/refseq_RefSeq_include_all_refseq_shards_size_1000_268328763/dehydrated_links/zips
[2026-07-07 20:33:46] [INFO] 开始下载 dehydrated 链接包：refseq_000070；accession 数：1000
[2026-07-07 20:33:46] [INFO] 命令：datasets download genome accession --inputfile /data3/p252701008/refseq_genomes_runlogs/shards/refseq_RefSeq_include_all_refseq_shards_size_1000_268328763/refseq_shards_size_1000/refseq_000070.txt --dehydrated --include all --assembly-source RefSeq --filename /data3/p252701008/refseq_genomes/contexts/refseq_RefSeq_include_all_refseq_shards_size_1000_268328763/dehydrated_links/zips/refseq_000070.zip.partial.20260707T121233Z.4191587 --no-progressbar
[2026-07-07 20:33:46] [INFO] datasets download refseq_000070：第 1/3 次尝试。日志：/data3/p252701008/refseq_genomes_runlogs/logs/refseq_RefSeq_include_all_refseq_shards_size_1000_268328763/datasets_download_refseq_000070_20260707T121233Z.4191587.log.attempt1
[2026-07-07 20:34:02] [INFO] dehydrated 链接包下载完成：/data3/p252701008/refseq_genomes/contexts/refseq_RefSeq_include_all_refseq_shards_size_1000_268328763/dehydrated_links/zips/refseq_000070.zip
[2026-07-07 20:34:02] [INFO] 可用磁盘空间：5920 GB；阈值：2000 GB；路径：/data3/p252701008/refseq_genomes/contexts/refseq_RefSeq_include_all_refseq_shards_size_1000_268328763/dehydrated_links/zips
[2026-07-07 20:34:02] [INFO] 开始下载 dehydrated 链接包：refseq_000071；accession 数：1000
[2026-07-07 20:34:02] [INFO] 命令：datasets download genome accession --inputfile /data3/p252701008/refseq_genomes_runlogs/shards/refseq_RefSeq_include_all_refseq_shards_size_1000_268328763/refseq_shards_size_1000/refseq_000071.txt --dehydrated --include all --assembly-source RefSeq --filename /data3/p252701008/refseq_genomes/contexts/refseq_RefSeq_include_all_refseq_shards_size_1000_268328763/dehydrated_links/zips/refseq_000071.zip.partial.20260707T121233Z.4191587 --no-progressbar
[2026-07-07 20:34:02] [INFO] datasets download refseq_000071：第 1/3 次尝试。日志：/data3/p252701008/refseq_genomes_runlogs/logs/refseq_RefSeq_include_all_refseq_shards_size_1000_268328763/datasets_download_refseq_000071_20260707T121233Z.4191587.log.attempt1
[2026-07-07 20:34:22] [INFO] dehydrated 链接包下载完成：/data3/p252701008/refseq_genomes/contexts/refseq_RefSeq_include_all_refseq_shards_size_1000_268328763/dehydrated_links/zips/refseq_000071.zip
[2026-07-07 20:34:22] [INFO] 可用磁盘空间：5920 GB；阈值：2000 GB；路径：/data3/p252701008/refseq_genomes/contexts/refseq_RefSeq_include_all_refseq_shards_size_1000_268328763/dehydrated_links/zips
[2026-07-07 20:34:22] [INFO] 开始下载 dehydrated 链接包：refseq_000072；accession 数：1000
[2026-07-07 20:34:22] [INFO] 命令：datasets download genome accession --inputfile /data3/p252701008/refseq_genomes_runlogs/shards/refseq_RefSeq_include_all_refseq_shards_size_1000_268328763/refseq_shards_size_1000/refseq_000072.txt --dehydrated --include all --assembly-source RefSeq --filename /data3/p252701008/refseq_genomes/contexts/refseq_RefSeq_include_all_refseq_shards_size_1000_268328763/dehydrated_links/zips/refseq_000072.zip.partial.20260707T121233Z.4191587 --no-progressbar
[2026-07-07 20:34:22] [INFO] datasets download refseq_000072：第 1/3 次尝试。日志：/data3/p252701008/refseq_genomes_runlogs/logs/refseq_RefSeq_include_all_refseq_shards_size_1000_268328763/datasets_download_refseq_000072_20260707T121233Z.4191587.log.attempt1
[2026-07-07 20:34:39] [INFO] dehydrated 链接包下载完成：/data3/p252701008/refseq_genomes/contexts/refseq_RefSeq_include_all_refseq_shards_size_1000_268328763/dehydrated_links/zips/refseq_000072.zip
[2026-07-07 20:34:39] [INFO] 可用磁盘空间：5920 GB；阈值：2000 GB；路径：/data3/p252701008/refseq_genomes/contexts/refseq_RefSeq_include_all_refseq_shards_size_1000_268328763/dehydrated_links/zips
[2026-07-07 20:34:39] [INFO] 开始下载 dehydrated 链接包：refseq_000073；accession 数：1000
[2026-07-07 20:34:39] [INFO] 命令：datasets download genome accession --inputfile /data3/p252701008/refseq_genomes_runlogs/shards/refseq_RefSeq_include_all_refseq_shards_size_1000_268328763/refseq_shards_size_1000/refseq_000073.txt --dehydrated --include all --assembly-source RefSeq --filename /data3/p252701008/refseq_genomes/contexts/refseq_RefSeq_include_all_refseq_shards_size_1000_268328763/dehydrated_links/zips/refseq_000073.zip.partial.20260707T121233Z.4191587 --no-progressbar
[2026-07-07 20:34:39] [INFO] datasets download refseq_000073：第 1/3 次尝试。日志：/data3/p252701008/refseq_genomes_runlogs/logs/refseq_RefSeq_include_all_refseq_shards_size_1000_268328763/datasets_download_refseq_000073_20260707T121233Z.4191587.log.attempt1
[2026-07-07 20:34:53] [ERROR] datasets download 失败：refseq_000073；第 1/3 次；退出码：1；日志：/data3/p252701008/refseq_genomes_runlogs/logs/refseq_RefSeq_include_all_refseq_shards_size_1000_268328763/datasets_download_refseq_000073_20260707T121233Z.4191587.log.attempt1
[2026-07-07 20:34:53] [ERROR]   Error: Download error: stream error: stream ID 7; INTERNAL_ERROR; received from peer
[2026-07-07 20:34:53] [ERROR]   
[2026-07-07 20:34:53] [ERROR]   Use datasets download genome accession <command> --help for detailed help about a command.
[2026-07-07 20:34:53] [ERROR]   
[2026-07-07 20:34:53] [INFO] 已将异常或旧文件移入 trash：/data3/p252701008/refseq_genomes/contexts/refseq_RefSeq_include_all_refseq_shards_size_1000_268328763/dehydrated_links/zips/refseq_000073.zip.partial.20260707T121233Z.4191587 -> /data3/p252701008/refseq_genomes_runlogs/trash/failed_partial_zip.20260707T121233Z.4191587._data3_p252701008_refseq_genomes_contexts_refseq_RefSeq_include_all_refseq_shards_size_1000_268328763_dehydrated_links_zips_refseq_000073_zip_partial_20260707T121233Z_4191587
[2026-07-07 20:34:53] [INFO] datasets download refseq_000073 将在 30 秒后重试。
[2026-07-07 20:35:23] [INFO] datasets download refseq_000073：第 2/3 次尝试。日志：/data3/p252701008/refseq_genomes_runlogs/logs/refseq_RefSeq_include_all_refseq_shards_size_1000_268328763/datasets_download_refseq_000073_20260707T121233Z.4191587.log.attempt2
[2026-07-07 20:35:40] [INFO] dehydrated 链接包下载完成：/data3/p252701008/refseq_genomes/contexts/refseq_RefSeq_include_all_refseq_shards_size_1000_268328763/dehydrated_links/zips/refseq_000073.zip
[2026-07-07 20:35:40] [INFO] 可用磁盘空间：5920 GB；阈值：2000 GB；路径：/data3/p252701008/refseq_genomes/contexts/refseq_RefSeq_include_all_refseq_shards_size_1000_268328763/dehydrated_links/zips
[2026-07-07 20:35:40] [INFO] 开始下载 dehydrated 链接包：refseq_000074；accession 数：1000
[2026-07-07 20:35:40] [INFO] 命令：datasets download genome accession --inputfile /data3/p252701008/refseq_genomes_runlogs/shards/refseq_RefSeq_include_all_refseq_shards_size_1000_268328763/refseq_shards_size_1000/refseq_000074.txt --dehydrated --include all --assembly-source RefSeq --filename /data3/p252701008/refseq_genomes/contexts/refseq_RefSeq_include_all_refseq_shards_size_1000_268328763/dehydrated_links/zips/refseq_000074.zip.partial.20260707T121233Z.4191587 --no-progressbar
[2026-07-07 20:35:40] [INFO] datasets download refseq_000074：第 1/3 次尝试。日志：/data3/p252701008/refseq_genomes_runlogs/logs/refseq_RefSeq_include_all_refseq_shards_size_1000_268328763/datasets_download_refseq_000074_20260707T121233Z.4191587.log.attempt1
[2026-07-07 20:36:01] [INFO] dehydrated 链接包下载完成：/data3/p252701008/refseq_genomes/contexts/refseq_RefSeq_include_all_refseq_shards_size_1000_268328763/dehydrated_links/zips/refseq_000074.zip
[2026-07-07 20:36:01] [INFO] 可用磁盘空间：5920 GB；阈值：2000 GB；路径：/data3/p252701008/refseq_genomes/contexts/refseq_RefSeq_include_all_refseq_shards_size_1000_268328763/dehydrated_links/zips
[2026-07-07 20:36:01] [INFO] 开始下载 dehydrated 链接包：refseq_000075；accession 数：1000
[2026-07-07 20:36:01] [INFO] 命令：datasets download genome accession --inputfile /data3/p252701008/refseq_genomes_runlogs/shards/refseq_RefSeq_include_all_refseq_shards_size_1000_268328763/refseq_shards_size_1000/refseq_000075.txt --dehydrated --include all --assembly-source RefSeq --filename /data3/p252701008/refseq_genomes/contexts/refseq_RefSeq_include_all_refseq_shards_size_1000_268328763/dehydrated_links/zips/refseq_000075.zip.partial.20260707T121233Z.4191587 --no-progressbar
[2026-07-07 20:36:01] [INFO] datasets download refseq_000075：第 1/3 次尝试。日志：/data3/p252701008/refseq_genomes_runlogs/logs/refseq_RefSeq_include_all_refseq_shards_size_1000_268328763/datasets_download_refseq_000075_20260707T121233Z.4191587.log.attempt1
[2026-07-07 20:36:25] [INFO] dehydrated 链接包下载完成：/data3/p252701008/refseq_genomes/contexts/refseq_RefSeq_include_all_refseq_shards_size_1000_268328763/dehydrated_links/zips/refseq_000075.zip
[2026-07-07 20:36:25] [INFO] 可用磁盘空间：5920 GB；阈值：2000 GB；路径：/data3/p252701008/refseq_genomes/contexts/refseq_RefSeq_include_all_refseq_shards_size_1000_268328763/dehydrated_links/zips
[2026-07-07 20:36:25] [INFO] 开始下载 dehydrated 链接包：refseq_000076；accession 数：1000
[2026-07-07 20:36:25] [INFO] 命令：datasets download genome accession --inputfile /data3/p252701008/refseq_genomes_runlogs/shards/refseq_RefSeq_include_all_refseq_shards_size_1000_268328763/refseq_shards_size_1000/refseq_000076.txt --dehydrated --include all --assembly-source RefSeq --filename /data3/p252701008/refseq_genomes/contexts/refseq_RefSeq_include_all_refseq_shards_size_1000_268328763/dehydrated_links/zips/refseq_000076.zip.partial.20260707T121233Z.4191587 --no-progressbar
[2026-07-07 20:36:25] [INFO] datasets download refseq_000076：第 1/3 次尝试。日志：/data3/p252701008/refseq_genomes_runlogs/logs/refseq_RefSeq_include_all_refseq_shards_size_1000_268328763/datasets_download_refseq_000076_20260707T121233Z.4191587.log.attempt1
[2026-07-07 20:36:42] [INFO] dehydrated 链接包下载完成：/data3/p252701008/refseq_genomes/contexts/refseq_RefSeq_include_all_refseq_shards_size_1000_268328763/dehydrated_links/zips/refseq_000076.zip
[2026-07-07 20:36:42] [INFO] 可用磁盘空间：5920 GB；阈值：2000 GB；路径：/data3/p252701008/refseq_genomes/contexts/refseq_RefSeq_include_all_refseq_shards_size_1000_268328763/dehydrated_links/zips
[2026-07-07 20:36:42] [INFO] 开始下载 dehydrated 链接包：refseq_000077；accession 数：1000
[2026-07-07 20:36:42] [INFO] 命令：datasets download genome accession --inputfile /data3/p252701008/refseq_genomes_runlogs/shards/refseq_RefSeq_include_all_refseq_shards_size_1000_268328763/refseq_shards_size_1000/refseq_000077.txt --dehydrated --include all --assembly-source RefSeq --filename /data3/p252701008/refseq_genomes/contexts/refseq_RefSeq_include_all_refseq_shards_size_1000_268328763/dehydrated_links/zips/refseq_000077.zip.partial.20260707T121233Z.4191587 --no-progressbar
[2026-07-07 20:36:42] [INFO] datasets download refseq_000077：第 1/3 次尝试。日志：/data3/p252701008/refseq_genomes_runlogs/logs/refseq_RefSeq_include_all_refseq_shards_size_1000_268328763/datasets_download_refseq_000077_20260707T121233Z.4191587.log.attempt1
[2026-07-07 20:36:59] [INFO] dehydrated 链接包下载完成：/data3/p252701008/refseq_genomes/contexts/refseq_RefSeq_include_all_refseq_shards_size_1000_268328763/dehydrated_links/zips/refseq_000077.zip
[2026-07-07 20:36:59] [INFO] 可用磁盘空间：5920 GB；阈值：2000 GB；路径：/data3/p252701008/refseq_genomes/contexts/refseq_RefSeq_include_all_refseq_shards_size_1000_268328763/dehydrated_links/zips
[2026-07-07 20:36:59] [INFO] 开始下载 dehydrated 链接包：refseq_000078；accession 数：1000
[2026-07-07 20:36:59] [INFO] 命令：datasets download genome accession --inputfile /data3/p252701008/refseq_genomes_runlogs/shards/refseq_RefSeq_include_all_refseq_shards_size_1000_268328763/refseq_shards_size_1000/refseq_000078.txt --dehydrated --include all --assembly-source RefSeq --filename /data3/p252701008/refseq_genomes/contexts/refseq_RefSeq_include_all_refseq_shards_size_1000_268328763/dehydrated_links/zips/refseq_000078.zip.partial.20260707T121233Z.4191587 --no-progressbar
[2026-07-07 20:36:59] [INFO] datasets download refseq_000078：第 1/3 次尝试。日志：/data3/p252701008/refseq_genomes_runlogs/logs/refseq_RefSeq_include_all_refseq_shards_size_1000_268328763/datasets_download_refseq_000078_20260707T121233Z.4191587.log.attempt1
[2026-07-07 20:37:17] [INFO] dehydrated 链接包下载完成：/data3/p252701008/refseq_genomes/contexts/refseq_RefSeq_include_all_refseq_shards_size_1000_268328763/dehydrated_links/zips/refseq_000078.zip
[2026-07-07 20:37:17] [INFO] 可用磁盘空间：5920 GB；阈值：2000 GB；路径：/data3/p252701008/refseq_genomes/contexts/refseq_RefSeq_include_all_refseq_shards_size_1000_268328763/dehydrated_links/zips
[2026-07-07 20:37:17] [INFO] 开始下载 dehydrated 链接包：refseq_000079；accession 数：1000
[2026-07-07 20:37:17] [INFO] 命令：datasets download genome accession --inputfile /data3/p252701008/refseq_genomes_runlogs/shards/refseq_RefSeq_include_all_refseq_shards_size_1000_268328763/refseq_shards_size_1000/refseq_000079.txt --dehydrated --include all --assembly-source RefSeq --filename /data3/p252701008/refseq_genomes/contexts/refseq_RefSeq_include_all_refseq_shards_size_1000_268328763/dehydrated_links/zips/refseq_000079.zip.partial.20260707T121233Z.4191587 --no-progressbar
[2026-07-07 20:37:17] [INFO] datasets download refseq_000079：第 1/3 次尝试。日志：/data3/p252701008/refseq_genomes_runlogs/logs/refseq_RefSeq_include_all_refseq_shards_size_1000_268328763/datasets_download_refseq_000079_20260707T121233Z.4191587.log.attempt1
[2026-07-07 20:37:34] [INFO] dehydrated 链接包下载完成：/data3/p252701008/refseq_genomes/contexts/refseq_RefSeq_include_all_refseq_shards_size_1000_268328763/dehydrated_links/zips/refseq_000079.zip
[2026-07-07 20:37:34] [INFO] 可用磁盘空间：5920 GB；阈值：2000 GB；路径：/data3/p252701008/refseq_genomes/contexts/refseq_RefSeq_include_all_refseq_shards_size_1000_268328763/dehydrated_links/zips
[2026-07-07 20:37:34] [INFO] 开始下载 dehydrated 链接包：refseq_000080；accession 数：1000
[2026-07-07 20:37:34] [INFO] 命令：datasets download genome accession --inputfile /data3/p252701008/refseq_genomes_runlogs/shards/refseq_RefSeq_include_all_refseq_shards_size_1000_268328763/refseq_shards_size_1000/refseq_000080.txt --dehydrated --include all --assembly-source RefSeq --filename /data3/p252701008/refseq_genomes/contexts/refseq_RefSeq_include_all_refseq_shards_size_1000_268328763/dehydrated_links/zips/refseq_000080.zip.partial.20260707T121233Z.4191587 --no-progressbar
[2026-07-07 20:37:34] [INFO] datasets download refseq_000080：第 1/3 次尝试。日志：/data3/p252701008/refseq_genomes_runlogs/logs/refseq_RefSeq_include_all_refseq_shards_size_1000_268328763/datasets_download_refseq_000080_20260707T121233Z.4191587.log.attempt1
[2026-07-07 20:37:52] [INFO] dehydrated 链接包下载完成：/data3/p252701008/refseq_genomes/contexts/refseq_RefSeq_include_all_refseq_shards_size_1000_268328763/dehydrated_links/zips/refseq_000080.zip
[2026-07-07 20:37:52] [INFO] 可用磁盘空间：5920 GB；阈值：2000 GB；路径：/data3/p252701008/refseq_genomes/contexts/refseq_RefSeq_include_all_refseq_shards_size_1000_268328763/dehydrated_links/zips
[2026-07-07 20:37:53] [INFO] 开始下载 dehydrated 链接包：refseq_000081；accession 数：1000
[2026-07-07 20:37:53] [INFO] 命令：datasets download genome accession --inputfile /data3/p252701008/refseq_genomes_runlogs/shards/refseq_RefSeq_include_all_refseq_shards_size_1000_268328763/refseq_shards_size_1000/refseq_000081.txt --dehydrated --include all --assembly-source RefSeq --filename /data3/p252701008/refseq_genomes/contexts/refseq_RefSeq_include_all_refseq_shards_size_1000_268328763/dehydrated_links/zips/refseq_000081.zip.partial.20260707T121233Z.4191587 --no-progressbar
[2026-07-07 20:37:53] [INFO] datasets download refseq_000081：第 1/3 次尝试。日志：/data3/p252701008/refseq_genomes_runlogs/logs/refseq_RefSeq_include_all_refseq_shards_size_1000_268328763/datasets_download_refseq_000081_20260707T121233Z.4191587.log.attempt1
[2026-07-07 20:38:10] [INFO] dehydrated 链接包下载完成：/data3/p252701008/refseq_genomes/contexts/refseq_RefSeq_include_all_refseq_shards_size_1000_268328763/dehydrated_links/zips/refseq_000081.zip
[2026-07-07 20:38:10] [INFO] 可用磁盘空间：5920 GB；阈值：2000 GB；路径：/data3/p252701008/refseq_genomes/contexts/refseq_RefSeq_include_all_refseq_shards_size_1000_268328763/dehydrated_links/zips
[2026-07-07 20:38:10] [INFO] 开始下载 dehydrated 链接包：refseq_000082；accession 数：1000
[2026-07-07 20:38:10] [INFO] 命令：datasets download genome accession --inputfile /data3/p252701008/refseq_genomes_runlogs/shards/refseq_RefSeq_include_all_refseq_shards_size_1000_268328763/refseq_shards_size_1000/refseq_000082.txt --dehydrated --include all --assembly-source RefSeq --filename /data3/p252701008/refseq_genomes/contexts/refseq_RefSeq_include_all_refseq_shards_size_1000_268328763/dehydrated_links/zips/refseq_000082.zip.partial.20260707T121233Z.4191587 --no-progressbar
[2026-07-07 20:38:10] [INFO] datasets download refseq_000082：第 1/3 次尝试。日志：/data3/p252701008/refseq_genomes_runlogs/logs/refseq_RefSeq_include_all_refseq_shards_size_1000_268328763/datasets_download_refseq_000082_20260707T121233Z.4191587.log.attempt1
[2026-07-07 20:38:29] [INFO] dehydrated 链接包下载完成：/data3/p252701008/refseq_genomes/contexts/refseq_RefSeq_include_all_refseq_shards_size_1000_268328763/dehydrated_links/zips/refseq_000082.zip
[2026-07-07 20:38:29] [INFO] 可用磁盘空间：5920 GB；阈值：2000 GB；路径：/data3/p252701008/refseq_genomes/contexts/refseq_RefSeq_include_all_refseq_shards_size_1000_268328763/dehydrated_links/zips
[2026-07-07 20:38:29] [INFO] 开始下载 dehydrated 链接包：refseq_000083；accession 数：1000
[2026-07-07 20:38:29] [INFO] 命令：datasets download genome accession --inputfile /data3/p252701008/refseq_genomes_runlogs/shards/refseq_RefSeq_include_all_refseq_shards_size_1000_268328763/refseq_shards_size_1000/refseq_000083.txt --dehydrated --include all --assembly-source RefSeq --filename /data3/p252701008/refseq_genomes/contexts/refseq_RefSeq_include_all_refseq_shards_size_1000_268328763/dehydrated_links/zips/refseq_000083.zip.partial.20260707T121233Z.4191587 --no-progressbar
[2026-07-07 20:38:29] [INFO] datasets download refseq_000083：第 1/3 次尝试。日志：/data3/p252701008/refseq_genomes_runlogs/logs/refseq_RefSeq_include_all_refseq_shards_size_1000_268328763/datasets_download_refseq_000083_20260707T121233Z.4191587.log.attempt1
[2026-07-07 20:38:45] [INFO] dehydrated 链接包下载完成：/data3/p252701008/refseq_genomes/contexts/refseq_RefSeq_include_all_refseq_shards_size_1000_268328763/dehydrated_links/zips/refseq_000083.zip
[2026-07-07 20:38:45] [INFO] 可用磁盘空间：5920 GB；阈值：2000 GB；路径：/data3/p252701008/refseq_genomes/contexts/refseq_RefSeq_include_all_refseq_shards_size_1000_268328763/dehydrated_links/zips
[2026-07-07 20:38:45] [INFO] 开始下载 dehydrated 链接包：refseq_000084；accession 数：1000
[2026-07-07 20:38:45] [INFO] 命令：datasets download genome accession --inputfile /data3/p252701008/refseq_genomes_runlogs/shards/refseq_RefSeq_include_all_refseq_shards_size_1000_268328763/refseq_shards_size_1000/refseq_000084.txt --dehydrated --include all --assembly-source RefSeq --filename /data3/p252701008/refseq_genomes/contexts/refseq_RefSeq_include_all_refseq_shards_size_1000_268328763/dehydrated_links/zips/refseq_000084.zip.partial.20260707T121233Z.4191587 --no-progressbar
[2026-07-07 20:38:45] [INFO] datasets download refseq_000084：第 1/3 次尝试。日志：/data3/p252701008/refseq_genomes_runlogs/logs/refseq_RefSeq_include_all_refseq_shards_size_1000_268328763/datasets_download_refseq_000084_20260707T121233Z.4191587.log.attempt1
[2026-07-07 20:39:03] [INFO] dehydrated 链接包下载完成：/data3/p252701008/refseq_genomes/contexts/refseq_RefSeq_include_all_refseq_shards_size_1000_268328763/dehydrated_links/zips/refseq_000084.zip
[2026-07-07 20:39:03] [INFO] 可用磁盘空间：5920 GB；阈值：2000 GB；路径：/data3/p252701008/refseq_genomes/contexts/refseq_RefSeq_include_all_refseq_shards_size_1000_268328763/dehydrated_links/zips
[2026-07-07 20:39:03] [INFO] 开始下载 dehydrated 链接包：refseq_000085；accession 数：1000
[2026-07-07 20:39:03] [INFO] 命令：datasets download genome accession --inputfile /data3/p252701008/refseq_genomes_runlogs/shards/refseq_RefSeq_include_all_refseq_shards_size_1000_268328763/refseq_shards_size_1000/refseq_000085.txt --dehydrated --include all --assembly-source RefSeq --filename /data3/p252701008/refseq_genomes/contexts/refseq_RefSeq_include_all_refseq_shards_size_1000_268328763/dehydrated_links/zips/refseq_000085.zip.partial.20260707T121233Z.4191587 --no-progressbar
[2026-07-07 20:39:03] [INFO] datasets download refseq_000085：第 1/3 次尝试。日志：/data3/p252701008/refseq_genomes_runlogs/logs/refseq_RefSeq_include_all_refseq_shards_size_1000_268328763/datasets_download_refseq_000085_20260707T121233Z.4191587.log.attempt1
[2026-07-07 20:39:21] [INFO] dehydrated 链接包下载完成：/data3/p252701008/refseq_genomes/contexts/refseq_RefSeq_include_all_refseq_shards_size_1000_268328763/dehydrated_links/zips/refseq_000085.zip
[2026-07-07 20:39:21] [INFO] 可用磁盘空间：5920 GB；阈值：2000 GB；路径：/data3/p252701008/refseq_genomes/contexts/refseq_RefSeq_include_all_refseq_shards_size_1000_268328763/dehydrated_links/zips
[2026-07-07 20:39:21] [INFO] 开始下载 dehydrated 链接包：refseq_000086；accession 数：1000
[2026-07-07 20:39:21] [INFO] 命令：datasets download genome accession --inputfile /data3/p252701008/refseq_genomes_runlogs/shards/refseq_RefSeq_include_all_refseq_shards_size_1000_268328763/refseq_shards_size_1000/refseq_000086.txt --dehydrated --include all --assembly-source RefSeq --filename /data3/p252701008/refseq_genomes/contexts/refseq_RefSeq_include_all_refseq_shards_size_1000_268328763/dehydrated_links/zips/refseq_000086.zip.partial.20260707T121233Z.4191587 --no-progressbar
[2026-07-07 20:39:21] [INFO] datasets download refseq_000086：第 1/3 次尝试。日志：/data3/p252701008/refseq_genomes_runlogs/logs/refseq_RefSeq_include_all_refseq_shards_size_1000_268328763/datasets_download_refseq_000086_20260707T121233Z.4191587.log.attempt1
[2026-07-07 20:39:39] [INFO] dehydrated 链接包下载完成：/data3/p252701008/refseq_genomes/contexts/refseq_RefSeq_include_all_refseq_shards_size_1000_268328763/dehydrated_links/zips/refseq_000086.zip
[2026-07-07 20:39:39] [INFO] 可用磁盘空间：5920 GB；阈值：2000 GB；路径：/data3/p252701008/refseq_genomes/contexts/refseq_RefSeq_include_all_refseq_shards_size_1000_268328763/dehydrated_links/zips
[2026-07-07 20:39:39] [INFO] 开始下载 dehydrated 链接包：refseq_000087；accession 数：1000
[2026-07-07 20:39:39] [INFO] 命令：datasets download genome accession --inputfile /data3/p252701008/refseq_genomes_runlogs/shards/refseq_RefSeq_include_all_refseq_shards_size_1000_268328763/refseq_shards_size_1000/refseq_000087.txt --dehydrated --include all --assembly-source RefSeq --filename /data3/p252701008/refseq_genomes/contexts/refseq_RefSeq_include_all_refseq_shards_size_1000_268328763/dehydrated_links/zips/refseq_000087.zip.partial.20260707T121233Z.4191587 --no-progressbar
[2026-07-07 20:39:39] [INFO] datasets download refseq_000087：第 1/3 次尝试。日志：/data3/p252701008/refseq_genomes_runlogs/logs/refseq_RefSeq_include_all_refseq_shards_size_1000_268328763/datasets_download_refseq_000087_20260707T121233Z.4191587.log.attempt1
[2026-07-07 20:39:57] [INFO] dehydrated 链接包下载完成：/data3/p252701008/refseq_genomes/contexts/refseq_RefSeq_include_all_refseq_shards_size_1000_268328763/dehydrated_links/zips/refseq_000087.zip
[2026-07-07 20:39:57] [INFO] 可用磁盘空间：5920 GB；阈值：2000 GB；路径：/data3/p252701008/refseq_genomes/contexts/refseq_RefSeq_include_all_refseq_shards_size_1000_268328763/dehydrated_links/zips
[2026-07-07 20:39:57] [INFO] 开始下载 dehydrated 链接包：refseq_000088；accession 数：1000
[2026-07-07 20:39:57] [INFO] 命令：datasets download genome accession --inputfile /data3/p252701008/refseq_genomes_runlogs/shards/refseq_RefSeq_include_all_refseq_shards_size_1000_268328763/refseq_shards_size_1000/refseq_000088.txt --dehydrated --include all --assembly-source RefSeq --filename /data3/p252701008/refseq_genomes/contexts/refseq_RefSeq_include_all_refseq_shards_size_1000_268328763/dehydrated_links/zips/refseq_000088.zip.partial.20260707T121233Z.4191587 --no-progressbar
[2026-07-07 20:39:57] [INFO] datasets download refseq_000088：第 1/3 次尝试。日志：/data3/p252701008/refseq_genomes_runlogs/logs/refseq_RefSeq_include_all_refseq_shards_size_1000_268328763/datasets_download_refseq_000088_20260707T121233Z.4191587.log.attempt1
[2026-07-07 20:40:19] [INFO] dehydrated 链接包下载完成：/data3/p252701008/refseq_genomes/contexts/refseq_RefSeq_include_all_refseq_shards_size_1000_268328763/dehydrated_links/zips/refseq_000088.zip
[2026-07-07 20:40:19] [INFO] 可用磁盘空间：5920 GB；阈值：2000 GB；路径：/data3/p252701008/refseq_genomes/contexts/refseq_RefSeq_include_all_refseq_shards_size_1000_268328763/dehydrated_links/zips
[2026-07-07 20:40:19] [INFO] 开始下载 dehydrated 链接包：refseq_000089；accession 数：1000
[2026-07-07 20:40:19] [INFO] 命令：datasets download genome accession --inputfile /data3/p252701008/refseq_genomes_runlogs/shards/refseq_RefSeq_include_all_refseq_shards_size_1000_268328763/refseq_shards_size_1000/refseq_000089.txt --dehydrated --include all --assembly-source RefSeq --filename /data3/p252701008/refseq_genomes/contexts/refseq_RefSeq_include_all_refseq_shards_size_1000_268328763/dehydrated_links/zips/refseq_000089.zip.partial.20260707T121233Z.4191587 --no-progressbar
[2026-07-07 20:40:19] [INFO] datasets download refseq_000089：第 1/3 次尝试。日志：/data3/p252701008/refseq_genomes_runlogs/logs/refseq_RefSeq_include_all_refseq_shards_size_1000_268328763/datasets_download_refseq_000089_20260707T121233Z.4191587.log.attempt1
[2026-07-07 20:40:36] [INFO] dehydrated 链接包下载完成：/data3/p252701008/refseq_genomes/contexts/refseq_RefSeq_include_all_refseq_shards_size_1000_268328763/dehydrated_links/zips/refseq_000089.zip
[2026-07-07 20:40:36] [INFO] 可用磁盘空间：5920 GB；阈值：2000 GB；路径：/data3/p252701008/refseq_genomes/contexts/refseq_RefSeq_include_all_refseq_shards_size_1000_268328763/dehydrated_links/zips
[2026-07-07 20:40:36] [INFO] 开始下载 dehydrated 链接包：refseq_000090；accession 数：1000
[2026-07-07 20:40:36] [INFO] 命令：datasets download genome accession --inputfile /data3/p252701008/refseq_genomes_runlogs/shards/refseq_RefSeq_include_all_refseq_shards_size_1000_268328763/refseq_shards_size_1000/refseq_000090.txt --dehydrated --include all --assembly-source RefSeq --filename /data3/p252701008/refseq_genomes/contexts/refseq_RefSeq_include_all_refseq_shards_size_1000_268328763/dehydrated_links/zips/refseq_000090.zip.partial.20260707T121233Z.4191587 --no-progressbar
[2026-07-07 20:40:36] [INFO] datasets download refseq_000090：第 1/3 次尝试。日志：/data3/p252701008/refseq_genomes_runlogs/logs/refseq_RefSeq_include_all_refseq_shards_size_1000_268328763/datasets_download_refseq_000090_20260707T121233Z.4191587.log.attempt1
[2026-07-07 20:40:55] [INFO] dehydrated 链接包下载完成：/data3/p252701008/refseq_genomes/contexts/refseq_RefSeq_include_all_refseq_shards_size_1000_268328763/dehydrated_links/zips/refseq_000090.zip
[2026-07-07 20:40:55] [INFO] 可用磁盘空间：5920 GB；阈值：2000 GB；路径：/data3/p252701008/refseq_genomes/contexts/refseq_RefSeq_include_all_refseq_shards_size_1000_268328763/dehydrated_links/zips
[2026-07-07 20:40:55] [INFO] 开始下载 dehydrated 链接包：refseq_000091；accession 数：1000
[2026-07-07 20:40:55] [INFO] 命令：datasets download genome accession --inputfile /data3/p252701008/refseq_genomes_runlogs/shards/refseq_RefSeq_include_all_refseq_shards_size_1000_268328763/refseq_shards_size_1000/refseq_000091.txt --dehydrated --include all --assembly-source RefSeq --filename /data3/p252701008/refseq_genomes/contexts/refseq_RefSeq_include_all_refseq_shards_size_1000_268328763/dehydrated_links/zips/refseq_000091.zip.partial.20260707T121233Z.4191587 --no-progressbar
[2026-07-07 20:40:55] [INFO] datasets download refseq_000091：第 1/3 次尝试。日志：/data3/p252701008/refseq_genomes_runlogs/logs/refseq_RefSeq_include_all_refseq_shards_size_1000_268328763/datasets_download_refseq_000091_20260707T121233Z.4191587.log.attempt1
[2026-07-07 20:41:12] [INFO] dehydrated 链接包下载完成：/data3/p252701008/refseq_genomes/contexts/refseq_RefSeq_include_all_refseq_shards_size_1000_268328763/dehydrated_links/zips/refseq_000091.zip
[2026-07-07 20:41:12] [INFO] 可用磁盘空间：5920 GB；阈值：2000 GB；路径：/data3/p252701008/refseq_genomes/contexts/refseq_RefSeq_include_all_refseq_shards_size_1000_268328763/dehydrated_links/zips
[2026-07-07 20:41:12] [INFO] 开始下载 dehydrated 链接包：refseq_000092；accession 数：1000
[2026-07-07 20:41:12] [INFO] 命令：datasets download genome accession --inputfile /data3/p252701008/refseq_genomes_runlogs/shards/refseq_RefSeq_include_all_refseq_shards_size_1000_268328763/refseq_shards_size_1000/refseq_000092.txt --dehydrated --include all --assembly-source RefSeq --filename /data3/p252701008/refseq_genomes/contexts/refseq_RefSeq_include_all_refseq_shards_size_1000_268328763/dehydrated_links/zips/refseq_000092.zip.partial.20260707T121233Z.4191587 --no-progressbar
[2026-07-07 20:41:12] [INFO] datasets download refseq_000092：第 1/3 次尝试。日志：/data3/p252701008/refseq_genomes_runlogs/logs/refseq_RefSeq_include_all_refseq_shards_size_1000_268328763/datasets_download_refseq_000092_20260707T121233Z.4191587.log.attempt1
[2026-07-07 20:41:31] [INFO] dehydrated 链接包下载完成：/data3/p252701008/refseq_genomes/contexts/refseq_RefSeq_include_all_refseq_shards_size_1000_268328763/dehydrated_links/zips/refseq_000092.zip
[2026-07-07 20:41:31] [INFO] 可用磁盘空间：5920 GB；阈值：2000 GB；路径：/data3/p252701008/refseq_genomes/contexts/refseq_RefSeq_include_all_refseq_shards_size_1000_268328763/dehydrated_links/zips
[2026-07-07 20:41:31] [INFO] 开始下载 dehydrated 链接包：refseq_000093；accession 数：1000
[2026-07-07 20:41:31] [INFO] 命令：datasets download genome accession --inputfile /data3/p252701008/refseq_genomes_runlogs/shards/refseq_RefSeq_include_all_refseq_shards_size_1000_268328763/refseq_shards_size_1000/refseq_000093.txt --dehydrated --include all --assembly-source RefSeq --filename /data3/p252701008/refseq_genomes/contexts/refseq_RefSeq_include_all_refseq_shards_size_1000_268328763/dehydrated_links/zips/refseq_000093.zip.partial.20260707T121233Z.4191587 --no-progressbar
[2026-07-07 20:41:31] [INFO] datasets download refseq_000093：第 1/3 次尝试。日志：/data3/p252701008/refseq_genomes_runlogs/logs/refseq_RefSeq_include_all_refseq_shards_size_1000_268328763/datasets_download_refseq_000093_20260707T121233Z.4191587.log.attempt1
[2026-07-07 20:41:48] [INFO] dehydrated 链接包下载完成：/data3/p252701008/refseq_genomes/contexts/refseq_RefSeq_include_all_refseq_shards_size_1000_268328763/dehydrated_links/zips/refseq_000093.zip
[2026-07-07 20:41:48] [INFO] 可用磁盘空间：5920 GB；阈值：2000 GB；路径：/data3/p252701008/refseq_genomes/contexts/refseq_RefSeq_include_all_refseq_shards_size_1000_268328763/dehydrated_links/zips
[2026-07-07 20:41:48] [INFO] 开始下载 dehydrated 链接包：refseq_000094；accession 数：1000
[2026-07-07 20:41:48] [INFO] 命令：datasets download genome accession --inputfile /data3/p252701008/refseq_genomes_runlogs/shards/refseq_RefSeq_include_all_refseq_shards_size_1000_268328763/refseq_shards_size_1000/refseq_000094.txt --dehydrated --include all --assembly-source RefSeq --filename /data3/p252701008/refseq_genomes/contexts/refseq_RefSeq_include_all_refseq_shards_size_1000_268328763/dehydrated_links/zips/refseq_000094.zip.partial.20260707T121233Z.4191587 --no-progressbar
[2026-07-07 20:41:48] [INFO] datasets download refseq_000094：第 1/3 次尝试。日志：/data3/p252701008/refseq_genomes_runlogs/logs/refseq_RefSeq_include_all_refseq_shards_size_1000_268328763/datasets_download_refseq_000094_20260707T121233Z.4191587.log.attempt1
[2026-07-07 20:42:09] [INFO] dehydrated 链接包下载完成：/data3/p252701008/refseq_genomes/contexts/refseq_RefSeq_include_all_refseq_shards_size_1000_268328763/dehydrated_links/zips/refseq_000094.zip
[2026-07-07 20:42:09] [INFO] 可用磁盘空间：5920 GB；阈值：2000 GB；路径：/data3/p252701008/refseq_genomes/contexts/refseq_RefSeq_include_all_refseq_shards_size_1000_268328763/dehydrated_links/zips
[2026-07-07 20:42:09] [INFO] 开始下载 dehydrated 链接包：refseq_000095；accession 数：1000
[2026-07-07 20:42:09] [INFO] 命令：datasets download genome accession --inputfile /data3/p252701008/refseq_genomes_runlogs/shards/refseq_RefSeq_include_all_refseq_shards_size_1000_268328763/refseq_shards_size_1000/refseq_000095.txt --dehydrated --include all --assembly-source RefSeq --filename /data3/p252701008/refseq_genomes/contexts/refseq_RefSeq_include_all_refseq_shards_size_1000_268328763/dehydrated_links/zips/refseq_000095.zip.partial.20260707T121233Z.4191587 --no-progressbar
[2026-07-07 20:42:09] [INFO] datasets download refseq_000095：第 1/3 次尝试。日志：/data3/p252701008/refseq_genomes_runlogs/logs/refseq_RefSeq_include_all_refseq_shards_size_1000_268328763/datasets_download_refseq_000095_20260707T121233Z.4191587.log.attempt1
[2026-07-07 20:42:32] [INFO] dehydrated 链接包下载完成：/data3/p252701008/refseq_genomes/contexts/refseq_RefSeq_include_all_refseq_shards_size_1000_268328763/dehydrated_links/zips/refseq_000095.zip
[2026-07-07 20:42:32] [INFO] 可用磁盘空间：5920 GB；阈值：2000 GB；路径：/data3/p252701008/refseq_genomes/contexts/refseq_RefSeq_include_all_refseq_shards_size_1000_268328763/dehydrated_links/zips
[2026-07-07 20:42:32] [INFO] 开始下载 dehydrated 链接包：refseq_000096；accession 数：1000
[2026-07-07 20:42:32] [INFO] 命令：datasets download genome accession --inputfile /data3/p252701008/refseq_genomes_runlogs/shards/refseq_RefSeq_include_all_refseq_shards_size_1000_268328763/refseq_shards_size_1000/refseq_000096.txt --dehydrated --include all --assembly-source RefSeq --filename /data3/p252701008/refseq_genomes/contexts/refseq_RefSeq_include_all_refseq_shards_size_1000_268328763/dehydrated_links/zips/refseq_000096.zip.partial.20260707T121233Z.4191587 --no-progressbar
[2026-07-07 20:42:32] [INFO] datasets download refseq_000096：第 1/3 次尝试。日志：/data3/p252701008/refseq_genomes_runlogs/logs/refseq_RefSeq_include_all_refseq_shards_size_1000_268328763/datasets_download_refseq_000096_20260707T121233Z.4191587.log.attempt1
[2026-07-07 20:42:51] [INFO] dehydrated 链接包下载完成：/data3/p252701008/refseq_genomes/contexts/refseq_RefSeq_include_all_refseq_shards_size_1000_268328763/dehydrated_links/zips/refseq_000096.zip
[2026-07-07 20:42:51] [INFO] 可用磁盘空间：5920 GB；阈值：2000 GB；路径：/data3/p252701008/refseq_genomes/contexts/refseq_RefSeq_include_all_refseq_shards_size_1000_268328763/dehydrated_links/zips
[2026-07-07 20:42:51] [INFO] 开始下载 dehydrated 链接包：refseq_000097；accession 数：1000
[2026-07-07 20:42:51] [INFO] 命令：datasets download genome accession --inputfile /data3/p252701008/refseq_genomes_runlogs/shards/refseq_RefSeq_include_all_refseq_shards_size_1000_268328763/refseq_shards_size_1000/refseq_000097.txt --dehydrated --include all --assembly-source RefSeq --filename /data3/p252701008/refseq_genomes/contexts/refseq_RefSeq_include_all_refseq_shards_size_1000_268328763/dehydrated_links/zips/refseq_000097.zip.partial.20260707T121233Z.4191587 --no-progressbar
[2026-07-07 20:42:51] [INFO] datasets download refseq_000097：第 1/3 次尝试。日志：/data3/p252701008/refseq_genomes_runlogs/logs/refseq_RefSeq_include_all_refseq_shards_size_1000_268328763/datasets_download_refseq_000097_20260707T121233Z.4191587.log.attempt1
[2026-07-07 20:43:11] [INFO] dehydrated 链接包下载完成：/data3/p252701008/refseq_genomes/contexts/refseq_RefSeq_include_all_refseq_shards_size_1000_268328763/dehydrated_links/zips/refseq_000097.zip
[2026-07-07 20:43:11] [INFO] 可用磁盘空间：5920 GB；阈值：2000 GB；路径：/data3/p252701008/refseq_genomes/contexts/refseq_RefSeq_include_all_refseq_shards_size_1000_268328763/dehydrated_links/zips
[2026-07-07 20:43:11] [INFO] 开始下载 dehydrated 链接包：refseq_000098；accession 数：1000
[2026-07-07 20:43:11] [INFO] 命令：datasets download genome accession --inputfile /data3/p252701008/refseq_genomes_runlogs/shards/refseq_RefSeq_include_all_refseq_shards_size_1000_268328763/refseq_shards_size_1000/refseq_000098.txt --dehydrated --include all --assembly-source RefSeq --filename /data3/p252701008/refseq_genomes/contexts/refseq_RefSeq_include_all_refseq_shards_size_1000_268328763/dehydrated_links/zips/refseq_000098.zip.partial.20260707T121233Z.4191587 --no-progressbar
[2026-07-07 20:43:11] [INFO] datasets download refseq_000098：第 1/3 次尝试。日志：/data3/p252701008/refseq_genomes_runlogs/logs/refseq_RefSeq_include_all_refseq_shards_size_1000_268328763/datasets_download_refseq_000098_20260707T121233Z.4191587.log.attempt1
[2026-07-07 20:43:29] [INFO] dehydrated 链接包下载完成：/data3/p252701008/refseq_genomes/contexts/refseq_RefSeq_include_all_refseq_shards_size_1000_268328763/dehydrated_links/zips/refseq_000098.zip
[2026-07-07 20:43:29] [INFO] 可用磁盘空间：5920 GB；阈值：2000 GB；路径：/data3/p252701008/refseq_genomes/contexts/refseq_RefSeq_include_all_refseq_shards_size_1000_268328763/dehydrated_links/zips
[2026-07-07 20:43:29] [INFO] 开始下载 dehydrated 链接包：refseq_000099；accession 数：1000
[2026-07-07 20:43:29] [INFO] 命令：datasets download genome accession --inputfile /data3/p252701008/refseq_genomes_runlogs/shards/refseq_RefSeq_include_all_refseq_shards_size_1000_268328763/refseq_shards_size_1000/refseq_000099.txt --dehydrated --include all --assembly-source RefSeq --filename /data3/p252701008/refseq_genomes/contexts/refseq_RefSeq_include_all_refseq_shards_size_1000_268328763/dehydrated_links/zips/refseq_000099.zip.partial.20260707T121233Z.4191587 --no-progressbar
[2026-07-07 20:43:29] [INFO] datasets download refseq_000099：第 1/3 次尝试。日志：/data3/p252701008/refseq_genomes_runlogs/logs/refseq_RefSeq_include_all_refseq_shards_size_1000_268328763/datasets_download_refseq_000099_20260707T121233Z.4191587.log.attempt1
[2026-07-07 20:43:47] [INFO] dehydrated 链接包下载完成：/data3/p252701008/refseq_genomes/contexts/refseq_RefSeq_include_all_refseq_shards_size_1000_268328763/dehydrated_links/zips/refseq_000099.zip
[2026-07-07 20:43:47] [INFO] 可用磁盘空间：5920 GB；阈值：2000 GB；路径：/data3/p252701008/refseq_genomes/contexts/refseq_RefSeq_include_all_refseq_shards_size_1000_268328763/dehydrated_links/zips
[2026-07-07 20:43:47] [INFO] 开始下载 dehydrated 链接包：refseq_000100；accession 数：1000
[2026-07-07 20:43:47] [INFO] 命令：datasets download genome accession --inputfile /data3/p252701008/refseq_genomes_runlogs/shards/refseq_RefSeq_include_all_refseq_shards_size_1000_268328763/refseq_shards_size_1000/refseq_000100.txt --dehydrated --include all --assembly-source RefSeq --filename /data3/p252701008/refseq_genomes/contexts/refseq_RefSeq_include_all_refseq_shards_size_1000_268328763/dehydrated_links/zips/refseq_000100.zip.partial.20260707T121233Z.4191587 --no-progressbar
[2026-07-07 20:43:47] [INFO] datasets download refseq_000100：第 1/3 次尝试。日志：/data3/p252701008/refseq_genomes_runlogs/logs/refseq_RefSeq_include_all_refseq_shards_size_1000_268328763/datasets_download_refseq_000100_20260707T121233Z.4191587.log.attempt1
[2026-07-07 20:44:03] [INFO] dehydrated 链接包下载完成：/data3/p252701008/refseq_genomes/contexts/refseq_RefSeq_include_all_refseq_shards_size_1000_268328763/dehydrated_links/zips/refseq_000100.zip
[2026-07-07 20:44:03] [INFO] 可用磁盘空间：5920 GB；阈值：2000 GB；路径：/data3/p252701008/refseq_genomes/contexts/refseq_RefSeq_include_all_refseq_shards_size_1000_268328763/dehydrated_links/zips
[2026-07-07 20:44:03] [INFO] 开始下载 dehydrated 链接包：refseq_000101；accession 数：1000
[2026-07-07 20:44:03] [INFO] 命令：datasets download genome accession --inputfile /data3/p252701008/refseq_genomes_runlogs/shards/refseq_RefSeq_include_all_refseq_shards_size_1000_268328763/refseq_shards_size_1000/refseq_000101.txt --dehydrated --include all --assembly-source RefSeq --filename /data3/p252701008/refseq_genomes/contexts/refseq_RefSeq_include_all_refseq_shards_size_1000_268328763/dehydrated_links/zips/refseq_000101.zip.partial.20260707T121233Z.4191587 --no-progressbar
[2026-07-07 20:44:03] [INFO] datasets download refseq_000101：第 1/3 次尝试。日志：/data3/p252701008/refseq_genomes_runlogs/logs/refseq_RefSeq_include_all_refseq_shards_size_1000_268328763/datasets_download_refseq_000101_20260707T121233Z.4191587.log.attempt1
[2026-07-07 20:44:21] [INFO] dehydrated 链接包下载完成：/data3/p252701008/refseq_genomes/contexts/refseq_RefSeq_include_all_refseq_shards_size_1000_268328763/dehydrated_links/zips/refseq_000101.zip
[2026-07-07 20:44:21] [INFO] 可用磁盘空间：5920 GB；阈值：2000 GB；路径：/data3/p252701008/refseq_genomes/contexts/refseq_RefSeq_include_all_refseq_shards_size_1000_268328763/dehydrated_links/zips
[2026-07-07 20:44:21] [INFO] 开始下载 dehydrated 链接包：refseq_000102；accession 数：1000
[2026-07-07 20:44:21] [INFO] 命令：datasets download genome accession --inputfile /data3/p252701008/refseq_genomes_runlogs/shards/refseq_RefSeq_include_all_refseq_shards_size_1000_268328763/refseq_shards_size_1000/refseq_000102.txt --dehydrated --include all --assembly-source RefSeq --filename /data3/p252701008/refseq_genomes/contexts/refseq_RefSeq_include_all_refseq_shards_size_1000_268328763/dehydrated_links/zips/refseq_000102.zip.partial.20260707T121233Z.4191587 --no-progressbar
[2026-07-07 20:44:21] [INFO] datasets download refseq_000102：第 1/3 次尝试。日志：/data3/p252701008/refseq_genomes_runlogs/logs/refseq_RefSeq_include_all_refseq_shards_size_1000_268328763/datasets_download_refseq_000102_20260707T121233Z.4191587.log.attempt1
[2026-07-07 20:44:38] [INFO] dehydrated 链接包下载完成：/data3/p252701008/refseq_genomes/contexts/refseq_RefSeq_include_all_refseq_shards_size_1000_268328763/dehydrated_links/zips/refseq_000102.zip
[2026-07-07 20:44:38] [INFO] 可用磁盘空间：5920 GB；阈值：2000 GB；路径：/data3/p252701008/refseq_genomes/contexts/refseq_RefSeq_include_all_refseq_shards_size_1000_268328763/dehydrated_links/zips
[2026-07-07 20:44:38] [INFO] 开始下载 dehydrated 链接包：refseq_000103；accession 数：1000
[2026-07-07 20:44:38] [INFO] 命令：datasets download genome accession --inputfile /data3/p252701008/refseq_genomes_runlogs/shards/refseq_RefSeq_include_all_refseq_shards_size_1000_268328763/refseq_shards_size_1000/refseq_000103.txt --dehydrated --include all --assembly-source RefSeq --filename /data3/p252701008/refseq_genomes/contexts/refseq_RefSeq_include_all_refseq_shards_size_1000_268328763/dehydrated_links/zips/refseq_000103.zip.partial.20260707T121233Z.4191587 --no-progressbar
[2026-07-07 20:44:38] [INFO] datasets download refseq_000103：第 1/3 次尝试。日志：/data3/p252701008/refseq_genomes_runlogs/logs/refseq_RefSeq_include_all_refseq_shards_size_1000_268328763/datasets_download_refseq_000103_20260707T121233Z.4191587.log.attempt1
[2026-07-07 20:44:58] [INFO] dehydrated 链接包下载完成：/data3/p252701008/refseq_genomes/contexts/refseq_RefSeq_include_all_refseq_shards_size_1000_268328763/dehydrated_links/zips/refseq_000103.zip
[2026-07-07 20:44:58] [INFO] 可用磁盘空间：5920 GB；阈值：2000 GB；路径：/data3/p252701008/refseq_genomes/contexts/refseq_RefSeq_include_all_refseq_shards_size_1000_268328763/dehydrated_links/zips
[2026-07-07 20:44:58] [INFO] 开始下载 dehydrated 链接包：refseq_000104；accession 数：1000
[2026-07-07 20:44:58] [INFO] 命令：datasets download genome accession --inputfile /data3/p252701008/refseq_genomes_runlogs/shards/refseq_RefSeq_include_all_refseq_shards_size_1000_268328763/refseq_shards_size_1000/refseq_000104.txt --dehydrated --include all --assembly-source RefSeq --filename /data3/p252701008/refseq_genomes/contexts/refseq_RefSeq_include_all_refseq_shards_size_1000_268328763/dehydrated_links/zips/refseq_000104.zip.partial.20260707T121233Z.4191587 --no-progressbar
[2026-07-07 20:44:58] [INFO] datasets download refseq_000104：第 1/3 次尝试。日志：/data3/p252701008/refseq_genomes_runlogs/logs/refseq_RefSeq_include_all_refseq_shards_size_1000_268328763/datasets_download_refseq_000104_20260707T121233Z.4191587.log.attempt1
[2026-07-07 20:45:15] [INFO] dehydrated 链接包下载完成：/data3/p252701008/refseq_genomes/contexts/refseq_RefSeq_include_all_refseq_shards_size_1000_268328763/dehydrated_links/zips/refseq_000104.zip
[2026-07-07 20:45:15] [INFO] 可用磁盘空间：5920 GB；阈值：2000 GB；路径：/data3/p252701008/refseq_genomes/contexts/refseq_RefSeq_include_all_refseq_shards_size_1000_268328763/dehydrated_links/zips
[2026-07-07 20:45:15] [INFO] 开始下载 dehydrated 链接包：refseq_000105；accession 数：1000
[2026-07-07 20:45:15] [INFO] 命令：datasets download genome accession --inputfile /data3/p252701008/refseq_genomes_runlogs/shards/refseq_RefSeq_include_all_refseq_shards_size_1000_268328763/refseq_shards_size_1000/refseq_000105.txt --dehydrated --include all --assembly-source RefSeq --filename /data3/p252701008/refseq_genomes/contexts/refseq_RefSeq_include_all_refseq_shards_size_1000_268328763/dehydrated_links/zips/refseq_000105.zip.partial.20260707T121233Z.4191587 --no-progressbar
[2026-07-07 20:45:15] [INFO] datasets download refseq_000105：第 1/3 次尝试。日志：/data3/p252701008/refseq_genomes_runlogs/logs/refseq_RefSeq_include_all_refseq_shards_size_1000_268328763/datasets_download_refseq_000105_20260707T121233Z.4191587.log.attempt1
[2026-07-07 20:45:34] [INFO] dehydrated 链接包下载完成：/data3/p252701008/refseq_genomes/contexts/refseq_RefSeq_include_all_refseq_shards_size_1000_268328763/dehydrated_links/zips/refseq_000105.zip
[2026-07-07 20:45:34] [INFO] 可用磁盘空间：5920 GB；阈值：2000 GB；路径：/data3/p252701008/refseq_genomes/contexts/refseq_RefSeq_include_all_refseq_shards_size_1000_268328763/dehydrated_links/zips
[2026-07-07 20:45:34] [INFO] 开始下载 dehydrated 链接包：refseq_000106；accession 数：1000
[2026-07-07 20:45:34] [INFO] 命令：datasets download genome accession --inputfile /data3/p252701008/refseq_genomes_runlogs/shards/refseq_RefSeq_include_all_refseq_shards_size_1000_268328763/refseq_shards_size_1000/refseq_000106.txt --dehydrated --include all --assembly-source RefSeq --filename /data3/p252701008/refseq_genomes/contexts/refseq_RefSeq_include_all_refseq_shards_size_1000_268328763/dehydrated_links/zips/refseq_000106.zip.partial.20260707T121233Z.4191587 --no-progressbar
[2026-07-07 20:45:34] [INFO] datasets download refseq_000106：第 1/3 次尝试。日志：/data3/p252701008/refseq_genomes_runlogs/logs/refseq_RefSeq_include_all_refseq_shards_size_1000_268328763/datasets_download_refseq_000106_20260707T121233Z.4191587.log.attempt1
[2026-07-07 20:45:55] [INFO] dehydrated 链接包下载完成：/data3/p252701008/refseq_genomes/contexts/refseq_RefSeq_include_all_refseq_shards_size_1000_268328763/dehydrated_links/zips/refseq_000106.zip
[2026-07-07 20:45:55] [INFO] 可用磁盘空间：5920 GB；阈值：2000 GB；路径：/data3/p252701008/refseq_genomes/contexts/refseq_RefSeq_include_all_refseq_shards_size_1000_268328763/dehydrated_links/zips
[2026-07-07 20:45:55] [INFO] 开始下载 dehydrated 链接包：refseq_000107；accession 数：1000
[2026-07-07 20:45:55] [INFO] 命令：datasets download genome accession --inputfile /data3/p252701008/refseq_genomes_runlogs/shards/refseq_RefSeq_include_all_refseq_shards_size_1000_268328763/refseq_shards_size_1000/refseq_000107.txt --dehydrated --include all --assembly-source RefSeq --filename /data3/p252701008/refseq_genomes/contexts/refseq_RefSeq_include_all_refseq_shards_size_1000_268328763/dehydrated_links/zips/refseq_000107.zip.partial.20260707T121233Z.4191587 --no-progressbar
[2026-07-07 20:45:55] [INFO] datasets download refseq_000107：第 1/3 次尝试。日志：/data3/p252701008/refseq_genomes_runlogs/logs/refseq_RefSeq_include_all_refseq_shards_size_1000_268328763/datasets_download_refseq_000107_20260707T121233Z.4191587.log.attempt1
[2026-07-07 20:46:14] [INFO] dehydrated 链接包下载完成：/data3/p252701008/refseq_genomes/contexts/refseq_RefSeq_include_all_refseq_shards_size_1000_268328763/dehydrated_links/zips/refseq_000107.zip
[2026-07-07 20:46:14] [INFO] 可用磁盘空间：5920 GB；阈值：2000 GB；路径：/data3/p252701008/refseq_genomes/contexts/refseq_RefSeq_include_all_refseq_shards_size_1000_268328763/dehydrated_links/zips
[2026-07-07 20:46:14] [INFO] 开始下载 dehydrated 链接包：refseq_000108；accession 数：1000
[2026-07-07 20:46:14] [INFO] 命令：datasets download genome accession --inputfile /data3/p252701008/refseq_genomes_runlogs/shards/refseq_RefSeq_include_all_refseq_shards_size_1000_268328763/refseq_shards_size_1000/refseq_000108.txt --dehydrated --include all --assembly-source RefSeq --filename /data3/p252701008/refseq_genomes/contexts/refseq_RefSeq_include_all_refseq_shards_size_1000_268328763/dehydrated_links/zips/refseq_000108.zip.partial.20260707T121233Z.4191587 --no-progressbar
[2026-07-07 20:46:14] [INFO] datasets download refseq_000108：第 1/3 次尝试。日志：/data3/p252701008/refseq_genomes_runlogs/logs/refseq_RefSeq_include_all_refseq_shards_size_1000_268328763/datasets_download_refseq_000108_20260707T121233Z.4191587.log.attempt1
[2026-07-07 20:46:32] [INFO] dehydrated 链接包下载完成：/data3/p252701008/refseq_genomes/contexts/refseq_RefSeq_include_all_refseq_shards_size_1000_268328763/dehydrated_links/zips/refseq_000108.zip
[2026-07-07 20:46:32] [INFO] 可用磁盘空间：5920 GB；阈值：2000 GB；路径：/data3/p252701008/refseq_genomes/contexts/refseq_RefSeq_include_all_refseq_shards_size_1000_268328763/dehydrated_links/zips
[2026-07-07 20:46:32] [INFO] 开始下载 dehydrated 链接包：refseq_000109；accession 数：1000
[2026-07-07 20:46:32] [INFO] 命令：datasets download genome accession --inputfile /data3/p252701008/refseq_genomes_runlogs/shards/refseq_RefSeq_include_all_refseq_shards_size_1000_268328763/refseq_shards_size_1000/refseq_000109.txt --dehydrated --include all --assembly-source RefSeq --filename /data3/p252701008/refseq_genomes/contexts/refseq_RefSeq_include_all_refseq_shards_size_1000_268328763/dehydrated_links/zips/refseq_000109.zip.partial.20260707T121233Z.4191587 --no-progressbar
[2026-07-07 20:46:32] [INFO] datasets download refseq_000109：第 1/3 次尝试。日志：/data3/p252701008/refseq_genomes_runlogs/logs/refseq_RefSeq_include_all_refseq_shards_size_1000_268328763/datasets_download_refseq_000109_20260707T121233Z.4191587.log.attempt1
[2026-07-07 20:46:51] [INFO] dehydrated 链接包下载完成：/data3/p252701008/refseq_genomes/contexts/refseq_RefSeq_include_all_refseq_shards_size_1000_268328763/dehydrated_links/zips/refseq_000109.zip
[2026-07-07 20:46:51] [INFO] 可用磁盘空间：5920 GB；阈值：2000 GB；路径：/data3/p252701008/refseq_genomes/contexts/refseq_RefSeq_include_all_refseq_shards_size_1000_268328763/dehydrated_links/zips
[2026-07-07 20:46:51] [INFO] 开始下载 dehydrated 链接包：refseq_000110；accession 数：1000
[2026-07-07 20:46:51] [INFO] 命令：datasets download genome accession --inputfile /data3/p252701008/refseq_genomes_runlogs/shards/refseq_RefSeq_include_all_refseq_shards_size_1000_268328763/refseq_shards_size_1000/refseq_000110.txt --dehydrated --include all --assembly-source RefSeq --filename /data3/p252701008/refseq_genomes/contexts/refseq_RefSeq_include_all_refseq_shards_size_1000_268328763/dehydrated_links/zips/refseq_000110.zip.partial.20260707T121233Z.4191587 --no-progressbar
[2026-07-07 20:46:51] [INFO] datasets download refseq_000110：第 1/3 次尝试。日志：/data3/p252701008/refseq_genomes_runlogs/logs/refseq_RefSeq_include_all_refseq_shards_size_1000_268328763/datasets_download_refseq_000110_20260707T121233Z.4191587.log.attempt1
[2026-07-07 20:47:11] [INFO] dehydrated 链接包下载完成：/data3/p252701008/refseq_genomes/contexts/refseq_RefSeq_include_all_refseq_shards_size_1000_268328763/dehydrated_links/zips/refseq_000110.zip
[2026-07-07 20:47:11] [INFO] 可用磁盘空间：5920 GB；阈值：2000 GB；路径：/data3/p252701008/refseq_genomes/contexts/refseq_RefSeq_include_all_refseq_shards_size_1000_268328763/dehydrated_links/zips
[2026-07-07 20:47:11] [INFO] 开始下载 dehydrated 链接包：refseq_000111；accession 数：1000
[2026-07-07 20:47:11] [INFO] 命令：datasets download genome accession --inputfile /data3/p252701008/refseq_genomes_runlogs/shards/refseq_RefSeq_include_all_refseq_shards_size_1000_268328763/refseq_shards_size_1000/refseq_000111.txt --dehydrated --include all --assembly-source RefSeq --filename /data3/p252701008/refseq_genomes/contexts/refseq_RefSeq_include_all_refseq_shards_size_1000_268328763/dehydrated_links/zips/refseq_000111.zip.partial.20260707T121233Z.4191587 --no-progressbar
[2026-07-07 20:47:11] [INFO] datasets download refseq_000111：第 1/3 次尝试。日志：/data3/p252701008/refseq_genomes_runlogs/logs/refseq_RefSeq_include_all_refseq_shards_size_1000_268328763/datasets_download_refseq_000111_20260707T121233Z.4191587.log.attempt1
[2026-07-07 20:47:30] [INFO] dehydrated 链接包下载完成：/data3/p252701008/refseq_genomes/contexts/refseq_RefSeq_include_all_refseq_shards_size_1000_268328763/dehydrated_links/zips/refseq_000111.zip
[2026-07-07 20:47:30] [INFO] 可用磁盘空间：5920 GB；阈值：2000 GB；路径：/data3/p252701008/refseq_genomes/contexts/refseq_RefSeq_include_all_refseq_shards_size_1000_268328763/dehydrated_links/zips
[2026-07-07 20:47:30] [INFO] 开始下载 dehydrated 链接包：refseq_000112；accession 数：1000
[2026-07-07 20:47:30] [INFO] 命令：datasets download genome accession --inputfile /data3/p252701008/refseq_genomes_runlogs/shards/refseq_RefSeq_include_all_refseq_shards_size_1000_268328763/refseq_shards_size_1000/refseq_000112.txt --dehydrated --include all --assembly-source RefSeq --filename /data3/p252701008/refseq_genomes/contexts/refseq_RefSeq_include_all_refseq_shards_size_1000_268328763/dehydrated_links/zips/refseq_000112.zip.partial.20260707T121233Z.4191587 --no-progressbar
[2026-07-07 20:47:30] [INFO] datasets download refseq_000112：第 1/3 次尝试。日志：/data3/p252701008/refseq_genomes_runlogs/logs/refseq_RefSeq_include_all_refseq_shards_size_1000_268328763/datasets_download_refseq_000112_20260707T121233Z.4191587.log.attempt1
[2026-07-07 20:47:48] [INFO] dehydrated 链接包下载完成：/data3/p252701008/refseq_genomes/contexts/refseq_RefSeq_include_all_refseq_shards_size_1000_268328763/dehydrated_links/zips/refseq_000112.zip
[2026-07-07 20:47:48] [INFO] 可用磁盘空间：5920 GB；阈值：2000 GB；路径：/data3/p252701008/refseq_genomes/contexts/refseq_RefSeq_include_all_refseq_shards_size_1000_268328763/dehydrated_links/zips
[2026-07-07 20:47:48] [INFO] 开始下载 dehydrated 链接包：refseq_000113；accession 数：1000
[2026-07-07 20:47:48] [INFO] 命令：datasets download genome accession --inputfile /data3/p252701008/refseq_genomes_runlogs/shards/refseq_RefSeq_include_all_refseq_shards_size_1000_268328763/refseq_shards_size_1000/refseq_000113.txt --dehydrated --include all --assembly-source RefSeq --filename /data3/p252701008/refseq_genomes/contexts/refseq_RefSeq_include_all_refseq_shards_size_1000_268328763/dehydrated_links/zips/refseq_000113.zip.partial.20260707T121233Z.4191587 --no-progressbar
[2026-07-07 20:47:48] [INFO] datasets download refseq_000113：第 1/3 次尝试。日志：/data3/p252701008/refseq_genomes_runlogs/logs/refseq_RefSeq_include_all_refseq_shards_size_1000_268328763/datasets_download_refseq_000113_20260707T121233Z.4191587.log.attempt1
[2026-07-07 20:48:05] [INFO] dehydrated 链接包下载完成：/data3/p252701008/refseq_genomes/contexts/refseq_RefSeq_include_all_refseq_shards_size_1000_268328763/dehydrated_links/zips/refseq_000113.zip
[2026-07-07 20:48:05] [INFO] 可用磁盘空间：5920 GB；阈值：2000 GB；路径：/data3/p252701008/refseq_genomes/contexts/refseq_RefSeq_include_all_refseq_shards_size_1000_268328763/dehydrated_links/zips
[2026-07-07 20:48:05] [INFO] 开始下载 dehydrated 链接包：refseq_000114；accession 数：1000
[2026-07-07 20:48:05] [INFO] 命令：datasets download genome accession --inputfile /data3/p252701008/refseq_genomes_runlogs/shards/refseq_RefSeq_include_all_refseq_shards_size_1000_268328763/refseq_shards_size_1000/refseq_000114.txt --dehydrated --include all --assembly-source RefSeq --filename /data3/p252701008/refseq_genomes/contexts/refseq_RefSeq_include_all_refseq_shards_size_1000_268328763/dehydrated_links/zips/refseq_000114.zip.partial.20260707T121233Z.4191587 --no-progressbar
[2026-07-07 20:48:05] [INFO] datasets download refseq_000114：第 1/3 次尝试。日志：/data3/p252701008/refseq_genomes_runlogs/logs/refseq_RefSeq_include_all_refseq_shards_size_1000_268328763/datasets_download_refseq_000114_20260707T121233Z.4191587.log.attempt1
[2026-07-07 20:48:23] [INFO] dehydrated 链接包下载完成：/data3/p252701008/refseq_genomes/contexts/refseq_RefSeq_include_all_refseq_shards_size_1000_268328763/dehydrated_links/zips/refseq_000114.zip
[2026-07-07 20:48:23] [INFO] 可用磁盘空间：5920 GB；阈值：2000 GB；路径：/data3/p252701008/refseq_genomes/contexts/refseq_RefSeq_include_all_refseq_shards_size_1000_268328763/dehydrated_links/zips
[2026-07-07 20:48:23] [INFO] 开始下载 dehydrated 链接包：refseq_000115；accession 数：1000
[2026-07-07 20:48:23] [INFO] 命令：datasets download genome accession --inputfile /data3/p252701008/refseq_genomes_runlogs/shards/refseq_RefSeq_include_all_refseq_shards_size_1000_268328763/refseq_shards_size_1000/refseq_000115.txt --dehydrated --include all --assembly-source RefSeq --filename /data3/p252701008/refseq_genomes/contexts/refseq_RefSeq_include_all_refseq_shards_size_1000_268328763/dehydrated_links/zips/refseq_000115.zip.partial.20260707T121233Z.4191587 --no-progressbar
[2026-07-07 20:48:23] [INFO] datasets download refseq_000115：第 1/3 次尝试。日志：/data3/p252701008/refseq_genomes_runlogs/logs/refseq_RefSeq_include_all_refseq_shards_size_1000_268328763/datasets_download_refseq_000115_20260707T121233Z.4191587.log.attempt1
[2026-07-07 20:48:42] [INFO] dehydrated 链接包下载完成：/data3/p252701008/refseq_genomes/contexts/refseq_RefSeq_include_all_refseq_shards_size_1000_268328763/dehydrated_links/zips/refseq_000115.zip
[2026-07-07 20:48:42] [INFO] 可用磁盘空间：5920 GB；阈值：2000 GB；路径：/data3/p252701008/refseq_genomes/contexts/refseq_RefSeq_include_all_refseq_shards_size_1000_268328763/dehydrated_links/zips
[2026-07-07 20:48:42] [INFO] 开始下载 dehydrated 链接包：refseq_000116；accession 数：1000
[2026-07-07 20:48:42] [INFO] 命令：datasets download genome accession --inputfile /data3/p252701008/refseq_genomes_runlogs/shards/refseq_RefSeq_include_all_refseq_shards_size_1000_268328763/refseq_shards_size_1000/refseq_000116.txt --dehydrated --include all --assembly-source RefSeq --filename /data3/p252701008/refseq_genomes/contexts/refseq_RefSeq_include_all_refseq_shards_size_1000_268328763/dehydrated_links/zips/refseq_000116.zip.partial.20260707T121233Z.4191587 --no-progressbar
[2026-07-07 20:48:42] [INFO] datasets download refseq_000116：第 1/3 次尝试。日志：/data3/p252701008/refseq_genomes_runlogs/logs/refseq_RefSeq_include_all_refseq_shards_size_1000_268328763/datasets_download_refseq_000116_20260707T121233Z.4191587.log.attempt1
[2026-07-07 20:48:47] [ERROR] datasets download 失败：refseq_000116；第 1/3 次；退出码：1；日志：/data3/p252701008/refseq_genomes_runlogs/logs/refseq_RefSeq_include_all_refseq_shards_size_1000_268328763/datasets_download_refseq_000116_20260707T121233Z.4191587.log.attempt1
[2026-07-07 20:48:47] [ERROR]   Error: Download error: stream error: stream ID 7; INTERNAL_ERROR; received from peer
[2026-07-07 20:48:47] [ERROR]   
[2026-07-07 20:48:47] [ERROR]   Use datasets download genome accession <command> --help for detailed help about a command.
[2026-07-07 20:48:47] [ERROR]   
[2026-07-07 20:48:47] [INFO] 已将异常或旧文件移入 trash：/data3/p252701008/refseq_genomes/contexts/refseq_RefSeq_include_all_refseq_shards_size_1000_268328763/dehydrated_links/zips/refseq_000116.zip.partial.20260707T121233Z.4191587 -> /data3/p252701008/refseq_genomes_runlogs/trash/failed_partial_zip.20260707T121233Z.4191587._data3_p252701008_refseq_genomes_contexts_refseq_RefSeq_include_all_refseq_shards_size_1000_268328763_dehydrated_links_zips_refseq_000116_zip_partial_20260707T121233Z_4191587
[2026-07-07 20:48:47] [INFO] datasets download refseq_000116 将在 30 秒后重试。
[2026-07-07 20:49:17] [INFO] datasets download refseq_000116：第 2/3 次尝试。日志：/data3/p252701008/refseq_genomes_runlogs/logs/refseq_RefSeq_include_all_refseq_shards_size_1000_268328763/datasets_download_refseq_000116_20260707T121233Z.4191587.log.attempt2
[2026-07-07 20:49:35] [INFO] dehydrated 链接包下载完成：/data3/p252701008/refseq_genomes/contexts/refseq_RefSeq_include_all_refseq_shards_size_1000_268328763/dehydrated_links/zips/refseq_000116.zip
[2026-07-07 20:49:35] [INFO] 可用磁盘空间：5920 GB；阈值：2000 GB；路径：/data3/p252701008/refseq_genomes/contexts/refseq_RefSeq_include_all_refseq_shards_size_1000_268328763/dehydrated_links/zips
[2026-07-07 20:49:35] [INFO] 开始下载 dehydrated 链接包：refseq_000117；accession 数：1000
[2026-07-07 20:49:35] [INFO] 命令：datasets download genome accession --inputfile /data3/p252701008/refseq_genomes_runlogs/shards/refseq_RefSeq_include_all_refseq_shards_size_1000_268328763/refseq_shards_size_1000/refseq_000117.txt --dehydrated --include all --assembly-source RefSeq --filename /data3/p252701008/refseq_genomes/contexts/refseq_RefSeq_include_all_refseq_shards_size_1000_268328763/dehydrated_links/zips/refseq_000117.zip.partial.20260707T121233Z.4191587 --no-progressbar
[2026-07-07 20:49:35] [INFO] datasets download refseq_000117：第 1/3 次尝试。日志：/data3/p252701008/refseq_genomes_runlogs/logs/refseq_RefSeq_include_all_refseq_shards_size_1000_268328763/datasets_download_refseq_000117_20260707T121233Z.4191587.log.attempt1
[2026-07-07 20:49:53] [INFO] dehydrated 链接包下载完成：/data3/p252701008/refseq_genomes/contexts/refseq_RefSeq_include_all_refseq_shards_size_1000_268328763/dehydrated_links/zips/refseq_000117.zip
[2026-07-07 20:49:53] [INFO] 可用磁盘空间：5920 GB；阈值：2000 GB；路径：/data3/p252701008/refseq_genomes/contexts/refseq_RefSeq_include_all_refseq_shards_size_1000_268328763/dehydrated_links/zips
[2026-07-07 20:49:53] [INFO] 开始下载 dehydrated 链接包：refseq_000118；accession 数：1000
[2026-07-07 20:49:53] [INFO] 命令：datasets download genome accession --inputfile /data3/p252701008/refseq_genomes_runlogs/shards/refseq_RefSeq_include_all_refseq_shards_size_1000_268328763/refseq_shards_size_1000/refseq_000118.txt --dehydrated --include all --assembly-source RefSeq --filename /data3/p252701008/refseq_genomes/contexts/refseq_RefSeq_include_all_refseq_shards_size_1000_268328763/dehydrated_links/zips/refseq_000118.zip.partial.20260707T121233Z.4191587 --no-progressbar
[2026-07-07 20:49:53] [INFO] datasets download refseq_000118：第 1/3 次尝试。日志：/data3/p252701008/refseq_genomes_runlogs/logs/refseq_RefSeq_include_all_refseq_shards_size_1000_268328763/datasets_download_refseq_000118_20260707T121233Z.4191587.log.attempt1
[2026-07-07 20:50:11] [INFO] dehydrated 链接包下载完成：/data3/p252701008/refseq_genomes/contexts/refseq_RefSeq_include_all_refseq_shards_size_1000_268328763/dehydrated_links/zips/refseq_000118.zip
[2026-07-07 20:50:11] [INFO] 可用磁盘空间：5920 GB；阈值：2000 GB；路径：/data3/p252701008/refseq_genomes/contexts/refseq_RefSeq_include_all_refseq_shards_size_1000_268328763/dehydrated_links/zips
[2026-07-07 20:50:11] [INFO] 开始下载 dehydrated 链接包：refseq_000119；accession 数：1000
[2026-07-07 20:50:11] [INFO] 命令：datasets download genome accession --inputfile /data3/p252701008/refseq_genomes_runlogs/shards/refseq_RefSeq_include_all_refseq_shards_size_1000_268328763/refseq_shards_size_1000/refseq_000119.txt --dehydrated --include all --assembly-source RefSeq --filename /data3/p252701008/refseq_genomes/contexts/refseq_RefSeq_include_all_refseq_shards_size_1000_268328763/dehydrated_links/zips/refseq_000119.zip.partial.20260707T121233Z.4191587 --no-progressbar
[2026-07-07 20:50:11] [INFO] datasets download refseq_000119：第 1/3 次尝试。日志：/data3/p252701008/refseq_genomes_runlogs/logs/refseq_RefSeq_include_all_refseq_shards_size_1000_268328763/datasets_download_refseq_000119_20260707T121233Z.4191587.log.attempt1
[2026-07-07 20:50:32] [INFO] dehydrated 链接包下载完成：/data3/p252701008/refseq_genomes/contexts/refseq_RefSeq_include_all_refseq_shards_size_1000_268328763/dehydrated_links/zips/refseq_000119.zip
[2026-07-07 20:50:32] [INFO] 可用磁盘空间：5920 GB；阈值：2000 GB；路径：/data3/p252701008/refseq_genomes/contexts/refseq_RefSeq_include_all_refseq_shards_size_1000_268328763/dehydrated_links/zips
[2026-07-07 20:50:32] [INFO] 开始下载 dehydrated 链接包：refseq_000120；accession 数：1000
[2026-07-07 20:50:32] [INFO] 命令：datasets download genome accession --inputfile /data3/p252701008/refseq_genomes_runlogs/shards/refseq_RefSeq_include_all_refseq_shards_size_1000_268328763/refseq_shards_size_1000/refseq_000120.txt --dehydrated --include all --assembly-source RefSeq --filename /data3/p252701008/refseq_genomes/contexts/refseq_RefSeq_include_all_refseq_shards_size_1000_268328763/dehydrated_links/zips/refseq_000120.zip.partial.20260707T121233Z.4191587 --no-progressbar
[2026-07-07 20:50:32] [INFO] datasets download refseq_000120：第 1/3 次尝试。日志：/data3/p252701008/refseq_genomes_runlogs/logs/refseq_RefSeq_include_all_refseq_shards_size_1000_268328763/datasets_download_refseq_000120_20260707T121233Z.4191587.log.attempt1
[2026-07-07 20:50:51] [INFO] dehydrated 链接包下载完成：/data3/p252701008/refseq_genomes/contexts/refseq_RefSeq_include_all_refseq_shards_size_1000_268328763/dehydrated_links/zips/refseq_000120.zip
[2026-07-07 20:50:51] [INFO] 可用磁盘空间：5920 GB；阈值：2000 GB；路径：/data3/p252701008/refseq_genomes/contexts/refseq_RefSeq_include_all_refseq_shards_size_1000_268328763/dehydrated_links/zips
[2026-07-07 20:50:51] [INFO] 开始下载 dehydrated 链接包：refseq_000121；accession 数：1000
[2026-07-07 20:50:51] [INFO] 命令：datasets download genome accession --inputfile /data3/p252701008/refseq_genomes_runlogs/shards/refseq_RefSeq_include_all_refseq_shards_size_1000_268328763/refseq_shards_size_1000/refseq_000121.txt --dehydrated --include all --assembly-source RefSeq --filename /data3/p252701008/refseq_genomes/contexts/refseq_RefSeq_include_all_refseq_shards_size_1000_268328763/dehydrated_links/zips/refseq_000121.zip.partial.20260707T121233Z.4191587 --no-progressbar
[2026-07-07 20:50:51] [INFO] datasets download refseq_000121：第 1/3 次尝试。日志：/data3/p252701008/refseq_genomes_runlogs/logs/refseq_RefSeq_include_all_refseq_shards_size_1000_268328763/datasets_download_refseq_000121_20260707T121233Z.4191587.log.attempt1
[2026-07-07 20:51:11] [INFO] dehydrated 链接包下载完成：/data3/p252701008/refseq_genomes/contexts/refseq_RefSeq_include_all_refseq_shards_size_1000_268328763/dehydrated_links/zips/refseq_000121.zip
[2026-07-07 20:51:11] [INFO] 可用磁盘空间：5920 GB；阈值：2000 GB；路径：/data3/p252701008/refseq_genomes/contexts/refseq_RefSeq_include_all_refseq_shards_size_1000_268328763/dehydrated_links/zips
[2026-07-07 20:51:11] [INFO] 开始下载 dehydrated 链接包：refseq_000122；accession 数：1000
[2026-07-07 20:51:11] [INFO] 命令：datasets download genome accession --inputfile /data3/p252701008/refseq_genomes_runlogs/shards/refseq_RefSeq_include_all_refseq_shards_size_1000_268328763/refseq_shards_size_1000/refseq_000122.txt --dehydrated --include all --assembly-source RefSeq --filename /data3/p252701008/refseq_genomes/contexts/refseq_RefSeq_include_all_refseq_shards_size_1000_268328763/dehydrated_links/zips/refseq_000122.zip.partial.20260707T121233Z.4191587 --no-progressbar
[2026-07-07 20:51:11] [INFO] datasets download refseq_000122：第 1/3 次尝试。日志：/data3/p252701008/refseq_genomes_runlogs/logs/refseq_RefSeq_include_all_refseq_shards_size_1000_268328763/datasets_download_refseq_000122_20260707T121233Z.4191587.log.attempt1
[2026-07-07 20:51:30] [INFO] dehydrated 链接包下载完成：/data3/p252701008/refseq_genomes/contexts/refseq_RefSeq_include_all_refseq_shards_size_1000_268328763/dehydrated_links/zips/refseq_000122.zip
[2026-07-07 20:51:30] [INFO] 可用磁盘空间：5920 GB；阈值：2000 GB；路径：/data3/p252701008/refseq_genomes/contexts/refseq_RefSeq_include_all_refseq_shards_size_1000_268328763/dehydrated_links/zips
[2026-07-07 20:51:30] [INFO] 开始下载 dehydrated 链接包：refseq_000123；accession 数：1000
[2026-07-07 20:51:30] [INFO] 命令：datasets download genome accession --inputfile /data3/p252701008/refseq_genomes_runlogs/shards/refseq_RefSeq_include_all_refseq_shards_size_1000_268328763/refseq_shards_size_1000/refseq_000123.txt --dehydrated --include all --assembly-source RefSeq --filename /data3/p252701008/refseq_genomes/contexts/refseq_RefSeq_include_all_refseq_shards_size_1000_268328763/dehydrated_links/zips/refseq_000123.zip.partial.20260707T121233Z.4191587 --no-progressbar
[2026-07-07 20:51:30] [INFO] datasets download refseq_000123：第 1/3 次尝试。日志：/data3/p252701008/refseq_genomes_runlogs/logs/refseq_RefSeq_include_all_refseq_shards_size_1000_268328763/datasets_download_refseq_000123_20260707T121233Z.4191587.log.attempt1
[2026-07-07 20:51:48] [INFO] dehydrated 链接包下载完成：/data3/p252701008/refseq_genomes/contexts/refseq_RefSeq_include_all_refseq_shards_size_1000_268328763/dehydrated_links/zips/refseq_000123.zip
[2026-07-07 20:51:48] [INFO] 可用磁盘空间：5920 GB；阈值：2000 GB；路径：/data3/p252701008/refseq_genomes/contexts/refseq_RefSeq_include_all_refseq_shards_size_1000_268328763/dehydrated_links/zips
[2026-07-07 20:51:48] [INFO] 开始下载 dehydrated 链接包：refseq_000124；accession 数：1000
[2026-07-07 20:51:48] [INFO] 命令：datasets download genome accession --inputfile /data3/p252701008/refseq_genomes_runlogs/shards/refseq_RefSeq_include_all_refseq_shards_size_1000_268328763/refseq_shards_size_1000/refseq_000124.txt --dehydrated --include all --assembly-source RefSeq --filename /data3/p252701008/refseq_genomes/contexts/refseq_RefSeq_include_all_refseq_shards_size_1000_268328763/dehydrated_links/zips/refseq_000124.zip.partial.20260707T121233Z.4191587 --no-progressbar
[2026-07-07 20:51:48] [INFO] datasets download refseq_000124：第 1/3 次尝试。日志：/data3/p252701008/refseq_genomes_runlogs/logs/refseq_RefSeq_include_all_refseq_shards_size_1000_268328763/datasets_download_refseq_000124_20260707T121233Z.4191587.log.attempt1
[2026-07-07 20:52:07] [INFO] dehydrated 链接包下载完成：/data3/p252701008/refseq_genomes/contexts/refseq_RefSeq_include_all_refseq_shards_size_1000_268328763/dehydrated_links/zips/refseq_000124.zip
[2026-07-07 20:52:07] [INFO] 可用磁盘空间：5920 GB；阈值：2000 GB；路径：/data3/p252701008/refseq_genomes/contexts/refseq_RefSeq_include_all_refseq_shards_size_1000_268328763/dehydrated_links/zips
[2026-07-07 20:52:07] [INFO] 开始下载 dehydrated 链接包：refseq_000125；accession 数：1000
[2026-07-07 20:52:07] [INFO] 命令：datasets download genome accession --inputfile /data3/p252701008/refseq_genomes_runlogs/shards/refseq_RefSeq_include_all_refseq_shards_size_1000_268328763/refseq_shards_size_1000/refseq_000125.txt --dehydrated --include all --assembly-source RefSeq --filename /data3/p252701008/refseq_genomes/contexts/refseq_RefSeq_include_all_refseq_shards_size_1000_268328763/dehydrated_links/zips/refseq_000125.zip.partial.20260707T121233Z.4191587 --no-progressbar
[2026-07-07 20:52:07] [INFO] datasets download refseq_000125：第 1/3 次尝试。日志：/data3/p252701008/refseq_genomes_runlogs/logs/refseq_RefSeq_include_all_refseq_shards_size_1000_268328763/datasets_download_refseq_000125_20260707T121233Z.4191587.log.attempt1
[2026-07-07 20:52:27] [INFO] dehydrated 链接包下载完成：/data3/p252701008/refseq_genomes/contexts/refseq_RefSeq_include_all_refseq_shards_size_1000_268328763/dehydrated_links/zips/refseq_000125.zip
[2026-07-07 20:52:27] [INFO] 可用磁盘空间：5920 GB；阈值：2000 GB；路径：/data3/p252701008/refseq_genomes/contexts/refseq_RefSeq_include_all_refseq_shards_size_1000_268328763/dehydrated_links/zips
[2026-07-07 20:52:27] [INFO] 开始下载 dehydrated 链接包：refseq_000126；accession 数：1000
[2026-07-07 20:52:27] [INFO] 命令：datasets download genome accession --inputfile /data3/p252701008/refseq_genomes_runlogs/shards/refseq_RefSeq_include_all_refseq_shards_size_1000_268328763/refseq_shards_size_1000/refseq_000126.txt --dehydrated --include all --assembly-source RefSeq --filename /data3/p252701008/refseq_genomes/contexts/refseq_RefSeq_include_all_refseq_shards_size_1000_268328763/dehydrated_links/zips/refseq_000126.zip.partial.20260707T121233Z.4191587 --no-progressbar
[2026-07-07 20:52:27] [INFO] datasets download refseq_000126：第 1/3 次尝试。日志：/data3/p252701008/refseq_genomes_runlogs/logs/refseq_RefSeq_include_all_refseq_shards_size_1000_268328763/datasets_download_refseq_000126_20260707T121233Z.4191587.log.attempt1
[2026-07-07 20:52:45] [INFO] dehydrated 链接包下载完成：/data3/p252701008/refseq_genomes/contexts/refseq_RefSeq_include_all_refseq_shards_size_1000_268328763/dehydrated_links/zips/refseq_000126.zip
[2026-07-07 20:52:45] [INFO] 可用磁盘空间：5920 GB；阈值：2000 GB；路径：/data3/p252701008/refseq_genomes/contexts/refseq_RefSeq_include_all_refseq_shards_size_1000_268328763/dehydrated_links/zips
[2026-07-07 20:52:45] [INFO] 开始下载 dehydrated 链接包：refseq_000127；accession 数：1000
[2026-07-07 20:52:45] [INFO] 命令：datasets download genome accession --inputfile /data3/p252701008/refseq_genomes_runlogs/shards/refseq_RefSeq_include_all_refseq_shards_size_1000_268328763/refseq_shards_size_1000/refseq_000127.txt --dehydrated --include all --assembly-source RefSeq --filename /data3/p252701008/refseq_genomes/contexts/refseq_RefSeq_include_all_refseq_shards_size_1000_268328763/dehydrated_links/zips/refseq_000127.zip.partial.20260707T121233Z.4191587 --no-progressbar
[2026-07-07 20:52:45] [INFO] datasets download refseq_000127：第 1/3 次尝试。日志：/data3/p252701008/refseq_genomes_runlogs/logs/refseq_RefSeq_include_all_refseq_shards_size_1000_268328763/datasets_download_refseq_000127_20260707T121233Z.4191587.log.attempt1
[2026-07-07 20:53:03] [INFO] dehydrated 链接包下载完成：/data3/p252701008/refseq_genomes/contexts/refseq_RefSeq_include_all_refseq_shards_size_1000_268328763/dehydrated_links/zips/refseq_000127.zip
[2026-07-07 20:53:03] [INFO] 可用磁盘空间：5920 GB；阈值：2000 GB；路径：/data3/p252701008/refseq_genomes/contexts/refseq_RefSeq_include_all_refseq_shards_size_1000_268328763/dehydrated_links/zips
[2026-07-07 20:53:03] [INFO] 开始下载 dehydrated 链接包：refseq_000128；accession 数：1000
[2026-07-07 20:53:03] [INFO] 命令：datasets download genome accession --inputfile /data3/p252701008/refseq_genomes_runlogs/shards/refseq_RefSeq_include_all_refseq_shards_size_1000_268328763/refseq_shards_size_1000/refseq_000128.txt --dehydrated --include all --assembly-source RefSeq --filename /data3/p252701008/refseq_genomes/contexts/refseq_RefSeq_include_all_refseq_shards_size_1000_268328763/dehydrated_links/zips/refseq_000128.zip.partial.20260707T121233Z.4191587 --no-progressbar
[2026-07-07 20:53:03] [INFO] datasets download refseq_000128：第 1/3 次尝试。日志：/data3/p252701008/refseq_genomes_runlogs/logs/refseq_RefSeq_include_all_refseq_shards_size_1000_268328763/datasets_download_refseq_000128_20260707T121233Z.4191587.log.attempt1
[2026-07-07 20:53:22] [INFO] dehydrated 链接包下载完成：/data3/p252701008/refseq_genomes/contexts/refseq_RefSeq_include_all_refseq_shards_size_1000_268328763/dehydrated_links/zips/refseq_000128.zip
[2026-07-07 20:53:22] [INFO] 可用磁盘空间：5920 GB；阈值：2000 GB；路径：/data3/p252701008/refseq_genomes/contexts/refseq_RefSeq_include_all_refseq_shards_size_1000_268328763/dehydrated_links/zips
[2026-07-07 20:53:22] [INFO] 开始下载 dehydrated 链接包：refseq_000129；accession 数：1000
[2026-07-07 20:53:22] [INFO] 命令：datasets download genome accession --inputfile /data3/p252701008/refseq_genomes_runlogs/shards/refseq_RefSeq_include_all_refseq_shards_size_1000_268328763/refseq_shards_size_1000/refseq_000129.txt --dehydrated --include all --assembly-source RefSeq --filename /data3/p252701008/refseq_genomes/contexts/refseq_RefSeq_include_all_refseq_shards_size_1000_268328763/dehydrated_links/zips/refseq_000129.zip.partial.20260707T121233Z.4191587 --no-progressbar
[2026-07-07 20:53:22] [INFO] datasets download refseq_000129：第 1/3 次尝试。日志：/data3/p252701008/refseq_genomes_runlogs/logs/refseq_RefSeq_include_all_refseq_shards_size_1000_268328763/datasets_download_refseq_000129_20260707T121233Z.4191587.log.attempt1
[2026-07-07 20:53:41] [INFO] dehydrated 链接包下载完成：/data3/p252701008/refseq_genomes/contexts/refseq_RefSeq_include_all_refseq_shards_size_1000_268328763/dehydrated_links/zips/refseq_000129.zip
[2026-07-07 20:53:41] [INFO] 可用磁盘空间：5920 GB；阈值：2000 GB；路径：/data3/p252701008/refseq_genomes/contexts/refseq_RefSeq_include_all_refseq_shards_size_1000_268328763/dehydrated_links/zips
[2026-07-07 20:53:41] [INFO] 开始下载 dehydrated 链接包：refseq_000130；accession 数：1000
[2026-07-07 20:53:41] [INFO] 命令：datasets download genome accession --inputfile /data3/p252701008/refseq_genomes_runlogs/shards/refseq_RefSeq_include_all_refseq_shards_size_1000_268328763/refseq_shards_size_1000/refseq_000130.txt --dehydrated --include all --assembly-source RefSeq --filename /data3/p252701008/refseq_genomes/contexts/refseq_RefSeq_include_all_refseq_shards_size_1000_268328763/dehydrated_links/zips/refseq_000130.zip.partial.20260707T121233Z.4191587 --no-progressbar
[2026-07-07 20:53:41] [INFO] datasets download refseq_000130：第 1/3 次尝试。日志：/data3/p252701008/refseq_genomes_runlogs/logs/refseq_RefSeq_include_all_refseq_shards_size_1000_268328763/datasets_download_refseq_000130_20260707T121233Z.4191587.log.attempt1
[2026-07-07 20:53:58] [INFO] dehydrated 链接包下载完成：/data3/p252701008/refseq_genomes/contexts/refseq_RefSeq_include_all_refseq_shards_size_1000_268328763/dehydrated_links/zips/refseq_000130.zip
[2026-07-07 20:53:58] [INFO] 可用磁盘空间：5920 GB；阈值：2000 GB；路径：/data3/p252701008/refseq_genomes/contexts/refseq_RefSeq_include_all_refseq_shards_size_1000_268328763/dehydrated_links/zips
[2026-07-07 20:53:58] [INFO] 开始下载 dehydrated 链接包：refseq_000131；accession 数：1000
[2026-07-07 20:53:58] [INFO] 命令：datasets download genome accession --inputfile /data3/p252701008/refseq_genomes_runlogs/shards/refseq_RefSeq_include_all_refseq_shards_size_1000_268328763/refseq_shards_size_1000/refseq_000131.txt --dehydrated --include all --assembly-source RefSeq --filename /data3/p252701008/refseq_genomes/contexts/refseq_RefSeq_include_all_refseq_shards_size_1000_268328763/dehydrated_links/zips/refseq_000131.zip.partial.20260707T121233Z.4191587 --no-progressbar
[2026-07-07 20:53:58] [INFO] datasets download refseq_000131：第 1/3 次尝试。日志：/data3/p252701008/refseq_genomes_runlogs/logs/refseq_RefSeq_include_all_refseq_shards_size_1000_268328763/datasets_download_refseq_000131_20260707T121233Z.4191587.log.attempt1
[2026-07-07 20:54:18] [INFO] dehydrated 链接包下载完成：/data3/p252701008/refseq_genomes/contexts/refseq_RefSeq_include_all_refseq_shards_size_1000_268328763/dehydrated_links/zips/refseq_000131.zip
[2026-07-07 20:54:18] [INFO] 可用磁盘空间：5920 GB；阈值：2000 GB；路径：/data3/p252701008/refseq_genomes/contexts/refseq_RefSeq_include_all_refseq_shards_size_1000_268328763/dehydrated_links/zips
[2026-07-07 20:54:18] [INFO] 开始下载 dehydrated 链接包：refseq_000132；accession 数：1000
[2026-07-07 20:54:18] [INFO] 命令：datasets download genome accession --inputfile /data3/p252701008/refseq_genomes_runlogs/shards/refseq_RefSeq_include_all_refseq_shards_size_1000_268328763/refseq_shards_size_1000/refseq_000132.txt --dehydrated --include all --assembly-source RefSeq --filename /data3/p252701008/refseq_genomes/contexts/refseq_RefSeq_include_all_refseq_shards_size_1000_268328763/dehydrated_links/zips/refseq_000132.zip.partial.20260707T121233Z.4191587 --no-progressbar
[2026-07-07 20:54:18] [INFO] datasets download refseq_000132：第 1/3 次尝试。日志：/data3/p252701008/refseq_genomes_runlogs/logs/refseq_RefSeq_include_all_refseq_shards_size_1000_268328763/datasets_download_refseq_000132_20260707T121233Z.4191587.log.attempt1
[2026-07-07 20:54:39] [INFO] dehydrated 链接包下载完成：/data3/p252701008/refseq_genomes/contexts/refseq_RefSeq_include_all_refseq_shards_size_1000_268328763/dehydrated_links/zips/refseq_000132.zip
[2026-07-07 20:54:39] [INFO] 可用磁盘空间：5920 GB；阈值：2000 GB；路径：/data3/p252701008/refseq_genomes/contexts/refseq_RefSeq_include_all_refseq_shards_size_1000_268328763/dehydrated_links/zips
[2026-07-07 20:54:39] [INFO] 开始下载 dehydrated 链接包：refseq_000133；accession 数：1000
[2026-07-07 20:54:39] [INFO] 命令：datasets download genome accession --inputfile /data3/p252701008/refseq_genomes_runlogs/shards/refseq_RefSeq_include_all_refseq_shards_size_1000_268328763/refseq_shards_size_1000/refseq_000133.txt --dehydrated --include all --assembly-source RefSeq --filename /data3/p252701008/refseq_genomes/contexts/refseq_RefSeq_include_all_refseq_shards_size_1000_268328763/dehydrated_links/zips/refseq_000133.zip.partial.20260707T121233Z.4191587 --no-progressbar
[2026-07-07 20:54:39] [INFO] datasets download refseq_000133：第 1/3 次尝试。日志：/data3/p252701008/refseq_genomes_runlogs/logs/refseq_RefSeq_include_all_refseq_shards_size_1000_268328763/datasets_download_refseq_000133_20260707T121233Z.4191587.log.attempt1
[2026-07-07 20:54:57] [INFO] dehydrated 链接包下载完成：/data3/p252701008/refseq_genomes/contexts/refseq_RefSeq_include_all_refseq_shards_size_1000_268328763/dehydrated_links/zips/refseq_000133.zip
[2026-07-07 20:54:57] [INFO] 可用磁盘空间：5920 GB；阈值：2000 GB；路径：/data3/p252701008/refseq_genomes/contexts/refseq_RefSeq_include_all_refseq_shards_size_1000_268328763/dehydrated_links/zips
[2026-07-07 20:54:57] [INFO] 开始下载 dehydrated 链接包：refseq_000134；accession 数：1000
[2026-07-07 20:54:57] [INFO] 命令：datasets download genome accession --inputfile /data3/p252701008/refseq_genomes_runlogs/shards/refseq_RefSeq_include_all_refseq_shards_size_1000_268328763/refseq_shards_size_1000/refseq_000134.txt --dehydrated --include all --assembly-source RefSeq --filename /data3/p252701008/refseq_genomes/contexts/refseq_RefSeq_include_all_refseq_shards_size_1000_268328763/dehydrated_links/zips/refseq_000134.zip.partial.20260707T121233Z.4191587 --no-progressbar
[2026-07-07 20:54:57] [INFO] datasets download refseq_000134：第 1/3 次尝试。日志：/data3/p252701008/refseq_genomes_runlogs/logs/refseq_RefSeq_include_all_refseq_shards_size_1000_268328763/datasets_download_refseq_000134_20260707T121233Z.4191587.log.attempt1
[2026-07-07 20:55:15] [INFO] dehydrated 链接包下载完成：/data3/p252701008/refseq_genomes/contexts/refseq_RefSeq_include_all_refseq_shards_size_1000_268328763/dehydrated_links/zips/refseq_000134.zip
[2026-07-07 20:55:15] [INFO] 可用磁盘空间：5920 GB；阈值：2000 GB；路径：/data3/p252701008/refseq_genomes/contexts/refseq_RefSeq_include_all_refseq_shards_size_1000_268328763/dehydrated_links/zips
[2026-07-07 20:55:15] [INFO] 开始下载 dehydrated 链接包：refseq_000135；accession 数：1000
[2026-07-07 20:55:15] [INFO] 命令：datasets download genome accession --inputfile /data3/p252701008/refseq_genomes_runlogs/shards/refseq_RefSeq_include_all_refseq_shards_size_1000_268328763/refseq_shards_size_1000/refseq_000135.txt --dehydrated --include all --assembly-source RefSeq --filename /data3/p252701008/refseq_genomes/contexts/refseq_RefSeq_include_all_refseq_shards_size_1000_268328763/dehydrated_links/zips/refseq_000135.zip.partial.20260707T121233Z.4191587 --no-progressbar
[2026-07-07 20:55:15] [INFO] datasets download refseq_000135：第 1/3 次尝试。日志：/data3/p252701008/refseq_genomes_runlogs/logs/refseq_RefSeq_include_all_refseq_shards_size_1000_268328763/datasets_download_refseq_000135_20260707T121233Z.4191587.log.attempt1
[2026-07-07 20:55:34] [INFO] dehydrated 链接包下载完成：/data3/p252701008/refseq_genomes/contexts/refseq_RefSeq_include_all_refseq_shards_size_1000_268328763/dehydrated_links/zips/refseq_000135.zip
[2026-07-07 20:55:34] [INFO] 可用磁盘空间：5920 GB；阈值：2000 GB；路径：/data3/p252701008/refseq_genomes/contexts/refseq_RefSeq_include_all_refseq_shards_size_1000_268328763/dehydrated_links/zips
[2026-07-07 20:55:34] [INFO] 开始下载 dehydrated 链接包：refseq_000136；accession 数：1000
[2026-07-07 20:55:34] [INFO] 命令：datasets download genome accession --inputfile /data3/p252701008/refseq_genomes_runlogs/shards/refseq_RefSeq_include_all_refseq_shards_size_1000_268328763/refseq_shards_size_1000/refseq_000136.txt --dehydrated --include all --assembly-source RefSeq --filename /data3/p252701008/refseq_genomes/contexts/refseq_RefSeq_include_all_refseq_shards_size_1000_268328763/dehydrated_links/zips/refseq_000136.zip.partial.20260707T121233Z.4191587 --no-progressbar
[2026-07-07 20:55:34] [INFO] datasets download refseq_000136：第 1/3 次尝试。日志：/data3/p252701008/refseq_genomes_runlogs/logs/refseq_RefSeq_include_all_refseq_shards_size_1000_268328763/datasets_download_refseq_000136_20260707T121233Z.4191587.log.attempt1
[2026-07-07 20:55:52] [INFO] dehydrated 链接包下载完成：/data3/p252701008/refseq_genomes/contexts/refseq_RefSeq_include_all_refseq_shards_size_1000_268328763/dehydrated_links/zips/refseq_000136.zip
[2026-07-07 20:55:52] [INFO] 可用磁盘空间：5920 GB；阈值：2000 GB；路径：/data3/p252701008/refseq_genomes/contexts/refseq_RefSeq_include_all_refseq_shards_size_1000_268328763/dehydrated_links/zips
[2026-07-07 20:55:52] [INFO] 开始下载 dehydrated 链接包：refseq_000137；accession 数：1000
[2026-07-07 20:55:52] [INFO] 命令：datasets download genome accession --inputfile /data3/p252701008/refseq_genomes_runlogs/shards/refseq_RefSeq_include_all_refseq_shards_size_1000_268328763/refseq_shards_size_1000/refseq_000137.txt --dehydrated --include all --assembly-source RefSeq --filename /data3/p252701008/refseq_genomes/contexts/refseq_RefSeq_include_all_refseq_shards_size_1000_268328763/dehydrated_links/zips/refseq_000137.zip.partial.20260707T121233Z.4191587 --no-progressbar
[2026-07-07 20:55:52] [INFO] datasets download refseq_000137：第 1/3 次尝试。日志：/data3/p252701008/refseq_genomes_runlogs/logs/refseq_RefSeq_include_all_refseq_shards_size_1000_268328763/datasets_download_refseq_000137_20260707T121233Z.4191587.log.attempt1
[2026-07-07 20:56:13] [INFO] dehydrated 链接包下载完成：/data3/p252701008/refseq_genomes/contexts/refseq_RefSeq_include_all_refseq_shards_size_1000_268328763/dehydrated_links/zips/refseq_000137.zip
[2026-07-07 20:56:13] [INFO] 可用磁盘空间：5920 GB；阈值：2000 GB；路径：/data3/p252701008/refseq_genomes/contexts/refseq_RefSeq_include_all_refseq_shards_size_1000_268328763/dehydrated_links/zips
[2026-07-07 20:56:13] [INFO] 开始下载 dehydrated 链接包：refseq_000138；accession 数：1000
[2026-07-07 20:56:13] [INFO] 命令：datasets download genome accession --inputfile /data3/p252701008/refseq_genomes_runlogs/shards/refseq_RefSeq_include_all_refseq_shards_size_1000_268328763/refseq_shards_size_1000/refseq_000138.txt --dehydrated --include all --assembly-source RefSeq --filename /data3/p252701008/refseq_genomes/contexts/refseq_RefSeq_include_all_refseq_shards_size_1000_268328763/dehydrated_links/zips/refseq_000138.zip.partial.20260707T121233Z.4191587 --no-progressbar
[2026-07-07 20:56:13] [INFO] datasets download refseq_000138：第 1/3 次尝试。日志：/data3/p252701008/refseq_genomes_runlogs/logs/refseq_RefSeq_include_all_refseq_shards_size_1000_268328763/datasets_download_refseq_000138_20260707T121233Z.4191587.log.attempt1
[2026-07-07 20:56:32] [INFO] dehydrated 链接包下载完成：/data3/p252701008/refseq_genomes/contexts/refseq_RefSeq_include_all_refseq_shards_size_1000_268328763/dehydrated_links/zips/refseq_000138.zip
[2026-07-07 20:56:32] [INFO] 可用磁盘空间：5920 GB；阈值：2000 GB；路径：/data3/p252701008/refseq_genomes/contexts/refseq_RefSeq_include_all_refseq_shards_size_1000_268328763/dehydrated_links/zips
[2026-07-07 20:56:32] [INFO] 开始下载 dehydrated 链接包：refseq_000139；accession 数：1000
[2026-07-07 20:56:32] [INFO] 命令：datasets download genome accession --inputfile /data3/p252701008/refseq_genomes_runlogs/shards/refseq_RefSeq_include_all_refseq_shards_size_1000_268328763/refseq_shards_size_1000/refseq_000139.txt --dehydrated --include all --assembly-source RefSeq --filename /data3/p252701008/refseq_genomes/contexts/refseq_RefSeq_include_all_refseq_shards_size_1000_268328763/dehydrated_links/zips/refseq_000139.zip.partial.20260707T121233Z.4191587 --no-progressbar
[2026-07-07 20:56:32] [INFO] datasets download refseq_000139：第 1/3 次尝试。日志：/data3/p252701008/refseq_genomes_runlogs/logs/refseq_RefSeq_include_all_refseq_shards_size_1000_268328763/datasets_download_refseq_000139_20260707T121233Z.4191587.log.attempt1
[2026-07-07 20:56:50] [INFO] dehydrated 链接包下载完成：/data3/p252701008/refseq_genomes/contexts/refseq_RefSeq_include_all_refseq_shards_size_1000_268328763/dehydrated_links/zips/refseq_000139.zip
[2026-07-07 20:56:50] [INFO] 可用磁盘空间：5920 GB；阈值：2000 GB；路径：/data3/p252701008/refseq_genomes/contexts/refseq_RefSeq_include_all_refseq_shards_size_1000_268328763/dehydrated_links/zips
[2026-07-07 20:56:50] [INFO] 开始下载 dehydrated 链接包：refseq_000140；accession 数：1000
[2026-07-07 20:56:50] [INFO] 命令：datasets download genome accession --inputfile /data3/p252701008/refseq_genomes_runlogs/shards/refseq_RefSeq_include_all_refseq_shards_size_1000_268328763/refseq_shards_size_1000/refseq_000140.txt --dehydrated --include all --assembly-source RefSeq --filename /data3/p252701008/refseq_genomes/contexts/refseq_RefSeq_include_all_refseq_shards_size_1000_268328763/dehydrated_links/zips/refseq_000140.zip.partial.20260707T121233Z.4191587 --no-progressbar
[2026-07-07 20:56:51] [INFO] datasets download refseq_000140：第 1/3 次尝试。日志：/data3/p252701008/refseq_genomes_runlogs/logs/refseq_RefSeq_include_all_refseq_shards_size_1000_268328763/datasets_download_refseq_000140_20260707T121233Z.4191587.log.attempt1
[2026-07-07 20:57:09] [INFO] dehydrated 链接包下载完成：/data3/p252701008/refseq_genomes/contexts/refseq_RefSeq_include_all_refseq_shards_size_1000_268328763/dehydrated_links/zips/refseq_000140.zip
[2026-07-07 20:57:09] [INFO] 可用磁盘空间：5920 GB；阈值：2000 GB；路径：/data3/p252701008/refseq_genomes/contexts/refseq_RefSeq_include_all_refseq_shards_size_1000_268328763/dehydrated_links/zips
[2026-07-07 20:57:09] [INFO] 开始下载 dehydrated 链接包：refseq_000141；accession 数：1000
[2026-07-07 20:57:09] [INFO] 命令：datasets download genome accession --inputfile /data3/p252701008/refseq_genomes_runlogs/shards/refseq_RefSeq_include_all_refseq_shards_size_1000_268328763/refseq_shards_size_1000/refseq_000141.txt --dehydrated --include all --assembly-source RefSeq --filename /data3/p252701008/refseq_genomes/contexts/refseq_RefSeq_include_all_refseq_shards_size_1000_268328763/dehydrated_links/zips/refseq_000141.zip.partial.20260707T121233Z.4191587 --no-progressbar
[2026-07-07 20:57:09] [INFO] datasets download refseq_000141：第 1/3 次尝试。日志：/data3/p252701008/refseq_genomes_runlogs/logs/refseq_RefSeq_include_all_refseq_shards_size_1000_268328763/datasets_download_refseq_000141_20260707T121233Z.4191587.log.attempt1
[2026-07-07 20:57:28] [INFO] dehydrated 链接包下载完成：/data3/p252701008/refseq_genomes/contexts/refseq_RefSeq_include_all_refseq_shards_size_1000_268328763/dehydrated_links/zips/refseq_000141.zip
[2026-07-07 20:57:28] [INFO] 可用磁盘空间：5920 GB；阈值：2000 GB；路径：/data3/p252701008/refseq_genomes/contexts/refseq_RefSeq_include_all_refseq_shards_size_1000_268328763/dehydrated_links/zips
[2026-07-07 20:57:28] [INFO] 开始下载 dehydrated 链接包：refseq_000142；accession 数：1000
[2026-07-07 20:57:28] [INFO] 命令：datasets download genome accession --inputfile /data3/p252701008/refseq_genomes_runlogs/shards/refseq_RefSeq_include_all_refseq_shards_size_1000_268328763/refseq_shards_size_1000/refseq_000142.txt --dehydrated --include all --assembly-source RefSeq --filename /data3/p252701008/refseq_genomes/contexts/refseq_RefSeq_include_all_refseq_shards_size_1000_268328763/dehydrated_links/zips/refseq_000142.zip.partial.20260707T121233Z.4191587 --no-progressbar
[2026-07-07 20:57:28] [INFO] datasets download refseq_000142：第 1/3 次尝试。日志：/data3/p252701008/refseq_genomes_runlogs/logs/refseq_RefSeq_include_all_refseq_shards_size_1000_268328763/datasets_download_refseq_000142_20260707T121233Z.4191587.log.attempt1
[2026-07-07 20:57:46] [INFO] dehydrated 链接包下载完成：/data3/p252701008/refseq_genomes/contexts/refseq_RefSeq_include_all_refseq_shards_size_1000_268328763/dehydrated_links/zips/refseq_000142.zip
[2026-07-07 20:57:46] [INFO] 可用磁盘空间：5920 GB；阈值：2000 GB；路径：/data3/p252701008/refseq_genomes/contexts/refseq_RefSeq_include_all_refseq_shards_size_1000_268328763/dehydrated_links/zips
[2026-07-07 20:57:46] [INFO] 开始下载 dehydrated 链接包：refseq_000143；accession 数：1000
[2026-07-07 20:57:46] [INFO] 命令：datasets download genome accession --inputfile /data3/p252701008/refseq_genomes_runlogs/shards/refseq_RefSeq_include_all_refseq_shards_size_1000_268328763/refseq_shards_size_1000/refseq_000143.txt --dehydrated --include all --assembly-source RefSeq --filename /data3/p252701008/refseq_genomes/contexts/refseq_RefSeq_include_all_refseq_shards_size_1000_268328763/dehydrated_links/zips/refseq_000143.zip.partial.20260707T121233Z.4191587 --no-progressbar
[2026-07-07 20:57:46] [INFO] datasets download refseq_000143：第 1/3 次尝试。日志：/data3/p252701008/refseq_genomes_runlogs/logs/refseq_RefSeq_include_all_refseq_shards_size_1000_268328763/datasets_download_refseq_000143_20260707T121233Z.4191587.log.attempt1
[2026-07-07 20:58:04] [INFO] dehydrated 链接包下载完成：/data3/p252701008/refseq_genomes/contexts/refseq_RefSeq_include_all_refseq_shards_size_1000_268328763/dehydrated_links/zips/refseq_000143.zip
[2026-07-07 20:58:04] [INFO] 可用磁盘空间：5920 GB；阈值：2000 GB；路径：/data3/p252701008/refseq_genomes/contexts/refseq_RefSeq_include_all_refseq_shards_size_1000_268328763/dehydrated_links/zips
[2026-07-07 20:58:04] [INFO] 开始下载 dehydrated 链接包：refseq_000144；accession 数：1000
[2026-07-07 20:58:04] [INFO] 命令：datasets download genome accession --inputfile /data3/p252701008/refseq_genomes_runlogs/shards/refseq_RefSeq_include_all_refseq_shards_size_1000_268328763/refseq_shards_size_1000/refseq_000144.txt --dehydrated --include all --assembly-source RefSeq --filename /data3/p252701008/refseq_genomes/contexts/refseq_RefSeq_include_all_refseq_shards_size_1000_268328763/dehydrated_links/zips/refseq_000144.zip.partial.20260707T121233Z.4191587 --no-progressbar
[2026-07-07 20:58:04] [INFO] datasets download refseq_000144：第 1/3 次尝试。日志：/data3/p252701008/refseq_genomes_runlogs/logs/refseq_RefSeq_include_all_refseq_shards_size_1000_268328763/datasets_download_refseq_000144_20260707T121233Z.4191587.log.attempt1
[2026-07-07 20:58:23] [INFO] dehydrated 链接包下载完成：/data3/p252701008/refseq_genomes/contexts/refseq_RefSeq_include_all_refseq_shards_size_1000_268328763/dehydrated_links/zips/refseq_000144.zip
[2026-07-07 20:58:23] [INFO] 可用磁盘空间：5920 GB；阈值：2000 GB；路径：/data3/p252701008/refseq_genomes/contexts/refseq_RefSeq_include_all_refseq_shards_size_1000_268328763/dehydrated_links/zips
[2026-07-07 20:58:23] [INFO] 开始下载 dehydrated 链接包：refseq_000145；accession 数：1000
[2026-07-07 20:58:23] [INFO] 命令：datasets download genome accession --inputfile /data3/p252701008/refseq_genomes_runlogs/shards/refseq_RefSeq_include_all_refseq_shards_size_1000_268328763/refseq_shards_size_1000/refseq_000145.txt --dehydrated --include all --assembly-source RefSeq --filename /data3/p252701008/refseq_genomes/contexts/refseq_RefSeq_include_all_refseq_shards_size_1000_268328763/dehydrated_links/zips/refseq_000145.zip.partial.20260707T121233Z.4191587 --no-progressbar
[2026-07-07 20:58:23] [INFO] datasets download refseq_000145：第 1/3 次尝试。日志：/data3/p252701008/refseq_genomes_runlogs/logs/refseq_RefSeq_include_all_refseq_shards_size_1000_268328763/datasets_download_refseq_000145_20260707T121233Z.4191587.log.attempt1
[2026-07-07 20:58:40] [INFO] dehydrated 链接包下载完成：/data3/p252701008/refseq_genomes/contexts/refseq_RefSeq_include_all_refseq_shards_size_1000_268328763/dehydrated_links/zips/refseq_000145.zip
[2026-07-07 20:58:40] [INFO] 可用磁盘空间：5920 GB；阈值：2000 GB；路径：/data3/p252701008/refseq_genomes/contexts/refseq_RefSeq_include_all_refseq_shards_size_1000_268328763/dehydrated_links/zips
[2026-07-07 20:58:40] [INFO] 开始下载 dehydrated 链接包：refseq_000146；accession 数：1000
[2026-07-07 20:58:40] [INFO] 命令：datasets download genome accession --inputfile /data3/p252701008/refseq_genomes_runlogs/shards/refseq_RefSeq_include_all_refseq_shards_size_1000_268328763/refseq_shards_size_1000/refseq_000146.txt --dehydrated --include all --assembly-source RefSeq --filename /data3/p252701008/refseq_genomes/contexts/refseq_RefSeq_include_all_refseq_shards_size_1000_268328763/dehydrated_links/zips/refseq_000146.zip.partial.20260707T121233Z.4191587 --no-progressbar
[2026-07-07 20:58:40] [INFO] datasets download refseq_000146：第 1/3 次尝试。日志：/data3/p252701008/refseq_genomes_runlogs/logs/refseq_RefSeq_include_all_refseq_shards_size_1000_268328763/datasets_download_refseq_000146_20260707T121233Z.4191587.log.attempt1
[2026-07-07 20:58:57] [INFO] dehydrated 链接包下载完成：/data3/p252701008/refseq_genomes/contexts/refseq_RefSeq_include_all_refseq_shards_size_1000_268328763/dehydrated_links/zips/refseq_000146.zip
[2026-07-07 20:58:57] [INFO] 可用磁盘空间：5920 GB；阈值：2000 GB；路径：/data3/p252701008/refseq_genomes/contexts/refseq_RefSeq_include_all_refseq_shards_size_1000_268328763/dehydrated_links/zips
[2026-07-07 20:58:57] [INFO] 开始下载 dehydrated 链接包：refseq_000147；accession 数：1000
[2026-07-07 20:58:57] [INFO] 命令：datasets download genome accession --inputfile /data3/p252701008/refseq_genomes_runlogs/shards/refseq_RefSeq_include_all_refseq_shards_size_1000_268328763/refseq_shards_size_1000/refseq_000147.txt --dehydrated --include all --assembly-source RefSeq --filename /data3/p252701008/refseq_genomes/contexts/refseq_RefSeq_include_all_refseq_shards_size_1000_268328763/dehydrated_links/zips/refseq_000147.zip.partial.20260707T121233Z.4191587 --no-progressbar
[2026-07-07 20:58:57] [INFO] datasets download refseq_000147：第 1/3 次尝试。日志：/data3/p252701008/refseq_genomes_runlogs/logs/refseq_RefSeq_include_all_refseq_shards_size_1000_268328763/datasets_download_refseq_000147_20260707T121233Z.4191587.log.attempt1
[2026-07-07 20:59:15] [INFO] dehydrated 链接包下载完成：/data3/p252701008/refseq_genomes/contexts/refseq_RefSeq_include_all_refseq_shards_size_1000_268328763/dehydrated_links/zips/refseq_000147.zip
[2026-07-07 20:59:15] [INFO] 可用磁盘空间：5920 GB；阈值：2000 GB；路径：/data3/p252701008/refseq_genomes/contexts/refseq_RefSeq_include_all_refseq_shards_size_1000_268328763/dehydrated_links/zips
[2026-07-07 20:59:15] [INFO] 开始下载 dehydrated 链接包：refseq_000148；accession 数：1000
[2026-07-07 20:59:15] [INFO] 命令：datasets download genome accession --inputfile /data3/p252701008/refseq_genomes_runlogs/shards/refseq_RefSeq_include_all_refseq_shards_size_1000_268328763/refseq_shards_size_1000/refseq_000148.txt --dehydrated --include all --assembly-source RefSeq --filename /data3/p252701008/refseq_genomes/contexts/refseq_RefSeq_include_all_refseq_shards_size_1000_268328763/dehydrated_links/zips/refseq_000148.zip.partial.20260707T121233Z.4191587 --no-progressbar
[2026-07-07 20:59:15] [INFO] datasets download refseq_000148：第 1/3 次尝试。日志：/data3/p252701008/refseq_genomes_runlogs/logs/refseq_RefSeq_include_all_refseq_shards_size_1000_268328763/datasets_download_refseq_000148_20260707T121233Z.4191587.log.attempt1
[2026-07-07 20:59:32] [INFO] dehydrated 链接包下载完成：/data3/p252701008/refseq_genomes/contexts/refseq_RefSeq_include_all_refseq_shards_size_1000_268328763/dehydrated_links/zips/refseq_000148.zip
[2026-07-07 20:59:32] [INFO] 可用磁盘空间：5920 GB；阈值：2000 GB；路径：/data3/p252701008/refseq_genomes/contexts/refseq_RefSeq_include_all_refseq_shards_size_1000_268328763/dehydrated_links/zips
[2026-07-07 20:59:32] [INFO] 开始下载 dehydrated 链接包：refseq_000149；accession 数：1000
[2026-07-07 20:59:32] [INFO] 命令：datasets download genome accession --inputfile /data3/p252701008/refseq_genomes_runlogs/shards/refseq_RefSeq_include_all_refseq_shards_size_1000_268328763/refseq_shards_size_1000/refseq_000149.txt --dehydrated --include all --assembly-source RefSeq --filename /data3/p252701008/refseq_genomes/contexts/refseq_RefSeq_include_all_refseq_shards_size_1000_268328763/dehydrated_links/zips/refseq_000149.zip.partial.20260707T121233Z.4191587 --no-progressbar
[2026-07-07 20:59:32] [INFO] datasets download refseq_000149：第 1/3 次尝试。日志：/data3/p252701008/refseq_genomes_runlogs/logs/refseq_RefSeq_include_all_refseq_shards_size_1000_268328763/datasets_download_refseq_000149_20260707T121233Z.4191587.log.attempt1
[2026-07-07 20:59:50] [INFO] dehydrated 链接包下载完成：/data3/p252701008/refseq_genomes/contexts/refseq_RefSeq_include_all_refseq_shards_size_1000_268328763/dehydrated_links/zips/refseq_000149.zip
[2026-07-07 20:59:50] [INFO] 可用磁盘空间：5920 GB；阈值：2000 GB；路径：/data3/p252701008/refseq_genomes/contexts/refseq_RefSeq_include_all_refseq_shards_size_1000_268328763/dehydrated_links/zips
[2026-07-07 20:59:50] [INFO] 开始下载 dehydrated 链接包：refseq_000150；accession 数：1000
[2026-07-07 20:59:50] [INFO] 命令：datasets download genome accession --inputfile /data3/p252701008/refseq_genomes_runlogs/shards/refseq_RefSeq_include_all_refseq_shards_size_1000_268328763/refseq_shards_size_1000/refseq_000150.txt --dehydrated --include all --assembly-source RefSeq --filename /data3/p252701008/refseq_genomes/contexts/refseq_RefSeq_include_all_refseq_shards_size_1000_268328763/dehydrated_links/zips/refseq_000150.zip.partial.20260707T121233Z.4191587 --no-progressbar
[2026-07-07 20:59:50] [INFO] datasets download refseq_000150：第 1/3 次尝试。日志：/data3/p252701008/refseq_genomes_runlogs/logs/refseq_RefSeq_include_all_refseq_shards_size_1000_268328763/datasets_download_refseq_000150_20260707T121233Z.4191587.log.attempt1
[2026-07-07 21:00:07] [INFO] dehydrated 链接包下载完成：/data3/p252701008/refseq_genomes/contexts/refseq_RefSeq_include_all_refseq_shards_size_1000_268328763/dehydrated_links/zips/refseq_000150.zip
[2026-07-07 21:00:07] [INFO] 可用磁盘空间：5920 GB；阈值：2000 GB；路径：/data3/p252701008/refseq_genomes/contexts/refseq_RefSeq_include_all_refseq_shards_size_1000_268328763/dehydrated_links/zips
[2026-07-07 21:00:07] [INFO] 开始下载 dehydrated 链接包：refseq_000151；accession 数：1000
[2026-07-07 21:00:08] [INFO] 命令：datasets download genome accession --inputfile /data3/p252701008/refseq_genomes_runlogs/shards/refseq_RefSeq_include_all_refseq_shards_size_1000_268328763/refseq_shards_size_1000/refseq_000151.txt --dehydrated --include all --assembly-source RefSeq --filename /data3/p252701008/refseq_genomes/contexts/refseq_RefSeq_include_all_refseq_shards_size_1000_268328763/dehydrated_links/zips/refseq_000151.zip.partial.20260707T121233Z.4191587 --no-progressbar
[2026-07-07 21:00:08] [INFO] datasets download refseq_000151：第 1/3 次尝试。日志：/data3/p252701008/refseq_genomes_runlogs/logs/refseq_RefSeq_include_all_refseq_shards_size_1000_268328763/datasets_download_refseq_000151_20260707T121233Z.4191587.log.attempt1
[2026-07-07 21:00:26] [INFO] dehydrated 链接包下载完成：/data3/p252701008/refseq_genomes/contexts/refseq_RefSeq_include_all_refseq_shards_size_1000_268328763/dehydrated_links/zips/refseq_000151.zip
[2026-07-07 21:00:26] [INFO] 可用磁盘空间：5920 GB；阈值：2000 GB；路径：/data3/p252701008/refseq_genomes/contexts/refseq_RefSeq_include_all_refseq_shards_size_1000_268328763/dehydrated_links/zips
[2026-07-07 21:00:26] [INFO] 开始下载 dehydrated 链接包：refseq_000152；accession 数：1000
[2026-07-07 21:00:26] [INFO] 命令：datasets download genome accession --inputfile /data3/p252701008/refseq_genomes_runlogs/shards/refseq_RefSeq_include_all_refseq_shards_size_1000_268328763/refseq_shards_size_1000/refseq_000152.txt --dehydrated --include all --assembly-source RefSeq --filename /data3/p252701008/refseq_genomes/contexts/refseq_RefSeq_include_all_refseq_shards_size_1000_268328763/dehydrated_links/zips/refseq_000152.zip.partial.20260707T121233Z.4191587 --no-progressbar
[2026-07-07 21:00:26] [INFO] datasets download refseq_000152：第 1/3 次尝试。日志：/data3/p252701008/refseq_genomes_runlogs/logs/refseq_RefSeq_include_all_refseq_shards_size_1000_268328763/datasets_download_refseq_000152_20260707T121233Z.4191587.log.attempt1
[2026-07-07 21:00:43] [INFO] dehydrated 链接包下载完成：/data3/p252701008/refseq_genomes/contexts/refseq_RefSeq_include_all_refseq_shards_size_1000_268328763/dehydrated_links/zips/refseq_000152.zip
[2026-07-07 21:00:43] [INFO] 可用磁盘空间：5920 GB；阈值：2000 GB；路径：/data3/p252701008/refseq_genomes/contexts/refseq_RefSeq_include_all_refseq_shards_size_1000_268328763/dehydrated_links/zips
[2026-07-07 21:00:43] [INFO] 开始下载 dehydrated 链接包：refseq_000153；accession 数：1000
[2026-07-07 21:00:43] [INFO] 命令：datasets download genome accession --inputfile /data3/p252701008/refseq_genomes_runlogs/shards/refseq_RefSeq_include_all_refseq_shards_size_1000_268328763/refseq_shards_size_1000/refseq_000153.txt --dehydrated --include all --assembly-source RefSeq --filename /data3/p252701008/refseq_genomes/contexts/refseq_RefSeq_include_all_refseq_shards_size_1000_268328763/dehydrated_links/zips/refseq_000153.zip.partial.20260707T121233Z.4191587 --no-progressbar
[2026-07-07 21:00:43] [INFO] datasets download refseq_000153：第 1/3 次尝试。日志：/data3/p252701008/refseq_genomes_runlogs/logs/refseq_RefSeq_include_all_refseq_shards_size_1000_268328763/datasets_download_refseq_000153_20260707T121233Z.4191587.log.attempt1
[2026-07-07 21:01:04] [INFO] dehydrated 链接包下载完成：/data3/p252701008/refseq_genomes/contexts/refseq_RefSeq_include_all_refseq_shards_size_1000_268328763/dehydrated_links/zips/refseq_000153.zip
[2026-07-07 21:01:04] [INFO] 可用磁盘空间：5920 GB；阈值：2000 GB；路径：/data3/p252701008/refseq_genomes/contexts/refseq_RefSeq_include_all_refseq_shards_size_1000_268328763/dehydrated_links/zips
[2026-07-07 21:01:04] [INFO] 开始下载 dehydrated 链接包：refseq_000154；accession 数：1000
[2026-07-07 21:01:04] [INFO] 命令：datasets download genome accession --inputfile /data3/p252701008/refseq_genomes_runlogs/shards/refseq_RefSeq_include_all_refseq_shards_size_1000_268328763/refseq_shards_size_1000/refseq_000154.txt --dehydrated --include all --assembly-source RefSeq --filename /data3/p252701008/refseq_genomes/contexts/refseq_RefSeq_include_all_refseq_shards_size_1000_268328763/dehydrated_links/zips/refseq_000154.zip.partial.20260707T121233Z.4191587 --no-progressbar
[2026-07-07 21:01:04] [INFO] datasets download refseq_000154：第 1/3 次尝试。日志：/data3/p252701008/refseq_genomes_runlogs/logs/refseq_RefSeq_include_all_refseq_shards_size_1000_268328763/datasets_download_refseq_000154_20260707T121233Z.4191587.log.attempt1
[2026-07-07 21:01:23] [INFO] dehydrated 链接包下载完成：/data3/p252701008/refseq_genomes/contexts/refseq_RefSeq_include_all_refseq_shards_size_1000_268328763/dehydrated_links/zips/refseq_000154.zip
[2026-07-07 21:01:23] [INFO] 可用磁盘空间：5920 GB；阈值：2000 GB；路径：/data3/p252701008/refseq_genomes/contexts/refseq_RefSeq_include_all_refseq_shards_size_1000_268328763/dehydrated_links/zips
[2026-07-07 21:01:23] [INFO] 开始下载 dehydrated 链接包：refseq_000155；accession 数：1000
[2026-07-07 21:01:23] [INFO] 命令：datasets download genome accession --inputfile /data3/p252701008/refseq_genomes_runlogs/shards/refseq_RefSeq_include_all_refseq_shards_size_1000_268328763/refseq_shards_size_1000/refseq_000155.txt --dehydrated --include all --assembly-source RefSeq --filename /data3/p252701008/refseq_genomes/contexts/refseq_RefSeq_include_all_refseq_shards_size_1000_268328763/dehydrated_links/zips/refseq_000155.zip.partial.20260707T121233Z.4191587 --no-progressbar
[2026-07-07 21:01:23] [INFO] datasets download refseq_000155：第 1/3 次尝试。日志：/data3/p252701008/refseq_genomes_runlogs/logs/refseq_RefSeq_include_all_refseq_shards_size_1000_268328763/datasets_download_refseq_000155_20260707T121233Z.4191587.log.attempt1
[2026-07-07 21:01:42] [INFO] dehydrated 链接包下载完成：/data3/p252701008/refseq_genomes/contexts/refseq_RefSeq_include_all_refseq_shards_size_1000_268328763/dehydrated_links/zips/refseq_000155.zip
[2026-07-07 21:01:42] [INFO] 可用磁盘空间：5920 GB；阈值：2000 GB；路径：/data3/p252701008/refseq_genomes/contexts/refseq_RefSeq_include_all_refseq_shards_size_1000_268328763/dehydrated_links/zips
[2026-07-07 21:01:42] [INFO] 开始下载 dehydrated 链接包：refseq_000156；accession 数：1000
[2026-07-07 21:01:42] [INFO] 命令：datasets download genome accession --inputfile /data3/p252701008/refseq_genomes_runlogs/shards/refseq_RefSeq_include_all_refseq_shards_size_1000_268328763/refseq_shards_size_1000/refseq_000156.txt --dehydrated --include all --assembly-source RefSeq --filename /data3/p252701008/refseq_genomes/contexts/refseq_RefSeq_include_all_refseq_shards_size_1000_268328763/dehydrated_links/zips/refseq_000156.zip.partial.20260707T121233Z.4191587 --no-progressbar
[2026-07-07 21:01:42] [INFO] datasets download refseq_000156：第 1/3 次尝试。日志：/data3/p252701008/refseq_genomes_runlogs/logs/refseq_RefSeq_include_all_refseq_shards_size_1000_268328763/datasets_download_refseq_000156_20260707T121233Z.4191587.log.attempt1
[2026-07-07 21:02:01] [INFO] dehydrated 链接包下载完成：/data3/p252701008/refseq_genomes/contexts/refseq_RefSeq_include_all_refseq_shards_size_1000_268328763/dehydrated_links/zips/refseq_000156.zip
[2026-07-07 21:02:01] [INFO] 可用磁盘空间：5920 GB；阈值：2000 GB；路径：/data3/p252701008/refseq_genomes/contexts/refseq_RefSeq_include_all_refseq_shards_size_1000_268328763/dehydrated_links/zips
[2026-07-07 21:02:01] [INFO] 开始下载 dehydrated 链接包：refseq_000157；accession 数：1000
[2026-07-07 21:02:01] [INFO] 命令：datasets download genome accession --inputfile /data3/p252701008/refseq_genomes_runlogs/shards/refseq_RefSeq_include_all_refseq_shards_size_1000_268328763/refseq_shards_size_1000/refseq_000157.txt --dehydrated --include all --assembly-source RefSeq --filename /data3/p252701008/refseq_genomes/contexts/refseq_RefSeq_include_all_refseq_shards_size_1000_268328763/dehydrated_links/zips/refseq_000157.zip.partial.20260707T121233Z.4191587 --no-progressbar
[2026-07-07 21:02:01] [INFO] datasets download refseq_000157：第 1/3 次尝试。日志：/data3/p252701008/refseq_genomes_runlogs/logs/refseq_RefSeq_include_all_refseq_shards_size_1000_268328763/datasets_download_refseq_000157_20260707T121233Z.4191587.log.attempt1
[2026-07-07 21:02:22] [INFO] dehydrated 链接包下载完成：/data3/p252701008/refseq_genomes/contexts/refseq_RefSeq_include_all_refseq_shards_size_1000_268328763/dehydrated_links/zips/refseq_000157.zip
[2026-07-07 21:02:22] [INFO] 可用磁盘空间：5920 GB；阈值：2000 GB；路径：/data3/p252701008/refseq_genomes/contexts/refseq_RefSeq_include_all_refseq_shards_size_1000_268328763/dehydrated_links/zips
[2026-07-07 21:02:22] [INFO] 开始下载 dehydrated 链接包：refseq_000158；accession 数：1000
[2026-07-07 21:02:22] [INFO] 命令：datasets download genome accession --inputfile /data3/p252701008/refseq_genomes_runlogs/shards/refseq_RefSeq_include_all_refseq_shards_size_1000_268328763/refseq_shards_size_1000/refseq_000158.txt --dehydrated --include all --assembly-source RefSeq --filename /data3/p252701008/refseq_genomes/contexts/refseq_RefSeq_include_all_refseq_shards_size_1000_268328763/dehydrated_links/zips/refseq_000158.zip.partial.20260707T121233Z.4191587 --no-progressbar
[2026-07-07 21:02:22] [INFO] datasets download refseq_000158：第 1/3 次尝试。日志：/data3/p252701008/refseq_genomes_runlogs/logs/refseq_RefSeq_include_all_refseq_shards_size_1000_268328763/datasets_download_refseq_000158_20260707T121233Z.4191587.log.attempt1
[2026-07-07 21:02:40] [INFO] dehydrated 链接包下载完成：/data3/p252701008/refseq_genomes/contexts/refseq_RefSeq_include_all_refseq_shards_size_1000_268328763/dehydrated_links/zips/refseq_000158.zip
[2026-07-07 21:02:40] [INFO] 可用磁盘空间：5920 GB；阈值：2000 GB；路径：/data3/p252701008/refseq_genomes/contexts/refseq_RefSeq_include_all_refseq_shards_size_1000_268328763/dehydrated_links/zips
[2026-07-07 21:02:40] [INFO] 开始下载 dehydrated 链接包：refseq_000159；accession 数：1000
[2026-07-07 21:02:40] [INFO] 命令：datasets download genome accession --inputfile /data3/p252701008/refseq_genomes_runlogs/shards/refseq_RefSeq_include_all_refseq_shards_size_1000_268328763/refseq_shards_size_1000/refseq_000159.txt --dehydrated --include all --assembly-source RefSeq --filename /data3/p252701008/refseq_genomes/contexts/refseq_RefSeq_include_all_refseq_shards_size_1000_268328763/dehydrated_links/zips/refseq_000159.zip.partial.20260707T121233Z.4191587 --no-progressbar
[2026-07-07 21:02:40] [INFO] datasets download refseq_000159：第 1/3 次尝试。日志：/data3/p252701008/refseq_genomes_runlogs/logs/refseq_RefSeq_include_all_refseq_shards_size_1000_268328763/datasets_download_refseq_000159_20260707T121233Z.4191587.log.attempt1
[2026-07-07 21:02:57] [INFO] dehydrated 链接包下载完成：/data3/p252701008/refseq_genomes/contexts/refseq_RefSeq_include_all_refseq_shards_size_1000_268328763/dehydrated_links/zips/refseq_000159.zip
[2026-07-07 21:02:57] [INFO] 可用磁盘空间：5920 GB；阈值：2000 GB；路径：/data3/p252701008/refseq_genomes/contexts/refseq_RefSeq_include_all_refseq_shards_size_1000_268328763/dehydrated_links/zips
[2026-07-07 21:02:57] [INFO] 开始下载 dehydrated 链接包：refseq_000160；accession 数：1000
[2026-07-07 21:02:57] [INFO] 命令：datasets download genome accession --inputfile /data3/p252701008/refseq_genomes_runlogs/shards/refseq_RefSeq_include_all_refseq_shards_size_1000_268328763/refseq_shards_size_1000/refseq_000160.txt --dehydrated --include all --assembly-source RefSeq --filename /data3/p252701008/refseq_genomes/contexts/refseq_RefSeq_include_all_refseq_shards_size_1000_268328763/dehydrated_links/zips/refseq_000160.zip.partial.20260707T121233Z.4191587 --no-progressbar
[2026-07-07 21:02:57] [INFO] datasets download refseq_000160：第 1/3 次尝试。日志：/data3/p252701008/refseq_genomes_runlogs/logs/refseq_RefSeq_include_all_refseq_shards_size_1000_268328763/datasets_download_refseq_000160_20260707T121233Z.4191587.log.attempt1
[2026-07-07 21:03:15] [INFO] dehydrated 链接包下载完成：/data3/p252701008/refseq_genomes/contexts/refseq_RefSeq_include_all_refseq_shards_size_1000_268328763/dehydrated_links/zips/refseq_000160.zip
[2026-07-07 21:03:15] [INFO] 可用磁盘空间：5920 GB；阈值：2000 GB；路径：/data3/p252701008/refseq_genomes/contexts/refseq_RefSeq_include_all_refseq_shards_size_1000_268328763/dehydrated_links/zips
[2026-07-07 21:03:16] [INFO] 开始下载 dehydrated 链接包：refseq_000161；accession 数：1000
[2026-07-07 21:03:16] [INFO] 命令：datasets download genome accession --inputfile /data3/p252701008/refseq_genomes_runlogs/shards/refseq_RefSeq_include_all_refseq_shards_size_1000_268328763/refseq_shards_size_1000/refseq_000161.txt --dehydrated --include all --assembly-source RefSeq --filename /data3/p252701008/refseq_genomes/contexts/refseq_RefSeq_include_all_refseq_shards_size_1000_268328763/dehydrated_links/zips/refseq_000161.zip.partial.20260707T121233Z.4191587 --no-progressbar
[2026-07-07 21:03:16] [INFO] datasets download refseq_000161：第 1/3 次尝试。日志：/data3/p252701008/refseq_genomes_runlogs/logs/refseq_RefSeq_include_all_refseq_shards_size_1000_268328763/datasets_download_refseq_000161_20260707T121233Z.4191587.log.attempt1
[2026-07-07 21:03:33] [INFO] dehydrated 链接包下载完成：/data3/p252701008/refseq_genomes/contexts/refseq_RefSeq_include_all_refseq_shards_size_1000_268328763/dehydrated_links/zips/refseq_000161.zip
[2026-07-07 21:03:33] [INFO] 可用磁盘空间：5920 GB；阈值：2000 GB；路径：/data3/p252701008/refseq_genomes/contexts/refseq_RefSeq_include_all_refseq_shards_size_1000_268328763/dehydrated_links/zips
[2026-07-07 21:03:33] [INFO] 开始下载 dehydrated 链接包：refseq_000162；accession 数：1000
[2026-07-07 21:03:33] [INFO] 命令：datasets download genome accession --inputfile /data3/p252701008/refseq_genomes_runlogs/shards/refseq_RefSeq_include_all_refseq_shards_size_1000_268328763/refseq_shards_size_1000/refseq_000162.txt --dehydrated --include all --assembly-source RefSeq --filename /data3/p252701008/refseq_genomes/contexts/refseq_RefSeq_include_all_refseq_shards_size_1000_268328763/dehydrated_links/zips/refseq_000162.zip.partial.20260707T121233Z.4191587 --no-progressbar
[2026-07-07 21:03:33] [INFO] datasets download refseq_000162：第 1/3 次尝试。日志：/data3/p252701008/refseq_genomes_runlogs/logs/refseq_RefSeq_include_all_refseq_shards_size_1000_268328763/datasets_download_refseq_000162_20260707T121233Z.4191587.log.attempt1
[2026-07-07 21:03:50] [INFO] dehydrated 链接包下载完成：/data3/p252701008/refseq_genomes/contexts/refseq_RefSeq_include_all_refseq_shards_size_1000_268328763/dehydrated_links/zips/refseq_000162.zip
[2026-07-07 21:03:50] [INFO] 可用磁盘空间：5920 GB；阈值：2000 GB；路径：/data3/p252701008/refseq_genomes/contexts/refseq_RefSeq_include_all_refseq_shards_size_1000_268328763/dehydrated_links/zips
[2026-07-07 21:03:50] [INFO] 开始下载 dehydrated 链接包：refseq_000163；accession 数：1000
[2026-07-07 21:03:50] [INFO] 命令：datasets download genome accession --inputfile /data3/p252701008/refseq_genomes_runlogs/shards/refseq_RefSeq_include_all_refseq_shards_size_1000_268328763/refseq_shards_size_1000/refseq_000163.txt --dehydrated --include all --assembly-source RefSeq --filename /data3/p252701008/refseq_genomes/contexts/refseq_RefSeq_include_all_refseq_shards_size_1000_268328763/dehydrated_links/zips/refseq_000163.zip.partial.20260707T121233Z.4191587 --no-progressbar
[2026-07-07 21:03:51] [INFO] datasets download refseq_000163：第 1/3 次尝试。日志：/data3/p252701008/refseq_genomes_runlogs/logs/refseq_RefSeq_include_all_refseq_shards_size_1000_268328763/datasets_download_refseq_000163_20260707T121233Z.4191587.log.attempt1
[2026-07-07 21:04:08] [INFO] dehydrated 链接包下载完成：/data3/p252701008/refseq_genomes/contexts/refseq_RefSeq_include_all_refseq_shards_size_1000_268328763/dehydrated_links/zips/refseq_000163.zip
[2026-07-07 21:04:08] [INFO] 可用磁盘空间：5920 GB；阈值：2000 GB；路径：/data3/p252701008/refseq_genomes/contexts/refseq_RefSeq_include_all_refseq_shards_size_1000_268328763/dehydrated_links/zips
[2026-07-07 21:04:08] [INFO] 开始下载 dehydrated 链接包：refseq_000164；accession 数：1000
[2026-07-07 21:04:08] [INFO] 命令：datasets download genome accession --inputfile /data3/p252701008/refseq_genomes_runlogs/shards/refseq_RefSeq_include_all_refseq_shards_size_1000_268328763/refseq_shards_size_1000/refseq_000164.txt --dehydrated --include all --assembly-source RefSeq --filename /data3/p252701008/refseq_genomes/contexts/refseq_RefSeq_include_all_refseq_shards_size_1000_268328763/dehydrated_links/zips/refseq_000164.zip.partial.20260707T121233Z.4191587 --no-progressbar
[2026-07-07 21:04:08] [INFO] datasets download refseq_000164：第 1/3 次尝试。日志：/data3/p252701008/refseq_genomes_runlogs/logs/refseq_RefSeq_include_all_refseq_shards_size_1000_268328763/datasets_download_refseq_000164_20260707T121233Z.4191587.log.attempt1
[2026-07-07 21:04:25] [INFO] dehydrated 链接包下载完成：/data3/p252701008/refseq_genomes/contexts/refseq_RefSeq_include_all_refseq_shards_size_1000_268328763/dehydrated_links/zips/refseq_000164.zip
[2026-07-07 21:04:25] [INFO] 可用磁盘空间：5920 GB；阈值：2000 GB；路径：/data3/p252701008/refseq_genomes/contexts/refseq_RefSeq_include_all_refseq_shards_size_1000_268328763/dehydrated_links/zips
[2026-07-07 21:04:25] [INFO] 开始下载 dehydrated 链接包：refseq_000165；accession 数：1000
[2026-07-07 21:04:25] [INFO] 命令：datasets download genome accession --inputfile /data3/p252701008/refseq_genomes_runlogs/shards/refseq_RefSeq_include_all_refseq_shards_size_1000_268328763/refseq_shards_size_1000/refseq_000165.txt --dehydrated --include all --assembly-source RefSeq --filename /data3/p252701008/refseq_genomes/contexts/refseq_RefSeq_include_all_refseq_shards_size_1000_268328763/dehydrated_links/zips/refseq_000165.zip.partial.20260707T121233Z.4191587 --no-progressbar
[2026-07-07 21:04:25] [INFO] datasets download refseq_000165：第 1/3 次尝试。日志：/data3/p252701008/refseq_genomes_runlogs/logs/refseq_RefSeq_include_all_refseq_shards_size_1000_268328763/datasets_download_refseq_000165_20260707T121233Z.4191587.log.attempt1
[2026-07-07 21:04:47] [INFO] dehydrated 链接包下载完成：/data3/p252701008/refseq_genomes/contexts/refseq_RefSeq_include_all_refseq_shards_size_1000_268328763/dehydrated_links/zips/refseq_000165.zip
[2026-07-07 21:04:47] [INFO] 可用磁盘空间：5920 GB；阈值：2000 GB；路径：/data3/p252701008/refseq_genomes/contexts/refseq_RefSeq_include_all_refseq_shards_size_1000_268328763/dehydrated_links/zips
[2026-07-07 21:04:47] [INFO] 开始下载 dehydrated 链接包：refseq_000166；accession 数：1000
[2026-07-07 21:04:47] [INFO] 命令：datasets download genome accession --inputfile /data3/p252701008/refseq_genomes_runlogs/shards/refseq_RefSeq_include_all_refseq_shards_size_1000_268328763/refseq_shards_size_1000/refseq_000166.txt --dehydrated --include all --assembly-source RefSeq --filename /data3/p252701008/refseq_genomes/contexts/refseq_RefSeq_include_all_refseq_shards_size_1000_268328763/dehydrated_links/zips/refseq_000166.zip.partial.20260707T121233Z.4191587 --no-progressbar
[2026-07-07 21:04:47] [INFO] datasets download refseq_000166：第 1/3 次尝试。日志：/data3/p252701008/refseq_genomes_runlogs/logs/refseq_RefSeq_include_all_refseq_shards_size_1000_268328763/datasets_download_refseq_000166_20260707T121233Z.4191587.log.attempt1
[2026-07-07 21:05:06] [INFO] dehydrated 链接包下载完成：/data3/p252701008/refseq_genomes/contexts/refseq_RefSeq_include_all_refseq_shards_size_1000_268328763/dehydrated_links/zips/refseq_000166.zip
[2026-07-07 21:05:06] [INFO] 可用磁盘空间：5920 GB；阈值：2000 GB；路径：/data3/p252701008/refseq_genomes/contexts/refseq_RefSeq_include_all_refseq_shards_size_1000_268328763/dehydrated_links/zips
[2026-07-07 21:05:06] [INFO] 开始下载 dehydrated 链接包：refseq_000167；accession 数：1000
[2026-07-07 21:05:06] [INFO] 命令：datasets download genome accession --inputfile /data3/p252701008/refseq_genomes_runlogs/shards/refseq_RefSeq_include_all_refseq_shards_size_1000_268328763/refseq_shards_size_1000/refseq_000167.txt --dehydrated --include all --assembly-source RefSeq --filename /data3/p252701008/refseq_genomes/contexts/refseq_RefSeq_include_all_refseq_shards_size_1000_268328763/dehydrated_links/zips/refseq_000167.zip.partial.20260707T121233Z.4191587 --no-progressbar
[2026-07-07 21:05:06] [INFO] datasets download refseq_000167：第 1/3 次尝试。日志：/data3/p252701008/refseq_genomes_runlogs/logs/refseq_RefSeq_include_all_refseq_shards_size_1000_268328763/datasets_download_refseq_000167_20260707T121233Z.4191587.log.attempt1
[2026-07-07 21:05:26] [INFO] dehydrated 链接包下载完成：/data3/p252701008/refseq_genomes/contexts/refseq_RefSeq_include_all_refseq_shards_size_1000_268328763/dehydrated_links/zips/refseq_000167.zip
[2026-07-07 21:05:26] [INFO] 可用磁盘空间：5920 GB；阈值：2000 GB；路径：/data3/p252701008/refseq_genomes/contexts/refseq_RefSeq_include_all_refseq_shards_size_1000_268328763/dehydrated_links/zips
[2026-07-07 21:05:26] [INFO] 开始下载 dehydrated 链接包：refseq_000168；accession 数：1000
[2026-07-07 21:05:26] [INFO] 命令：datasets download genome accession --inputfile /data3/p252701008/refseq_genomes_runlogs/shards/refseq_RefSeq_include_all_refseq_shards_size_1000_268328763/refseq_shards_size_1000/refseq_000168.txt --dehydrated --include all --assembly-source RefSeq --filename /data3/p252701008/refseq_genomes/contexts/refseq_RefSeq_include_all_refseq_shards_size_1000_268328763/dehydrated_links/zips/refseq_000168.zip.partial.20260707T121233Z.4191587 --no-progressbar
[2026-07-07 21:05:26] [INFO] datasets download refseq_000168：第 1/3 次尝试。日志：/data3/p252701008/refseq_genomes_runlogs/logs/refseq_RefSeq_include_all_refseq_shards_size_1000_268328763/datasets_download_refseq_000168_20260707T121233Z.4191587.log.attempt1
[2026-07-07 21:05:44] [INFO] dehydrated 链接包下载完成：/data3/p252701008/refseq_genomes/contexts/refseq_RefSeq_include_all_refseq_shards_size_1000_268328763/dehydrated_links/zips/refseq_000168.zip
[2026-07-07 21:05:44] [INFO] 可用磁盘空间：5920 GB；阈值：2000 GB；路径：/data3/p252701008/refseq_genomes/contexts/refseq_RefSeq_include_all_refseq_shards_size_1000_268328763/dehydrated_links/zips
[2026-07-07 21:05:44] [INFO] 开始下载 dehydrated 链接包：refseq_000169；accession 数：1000
[2026-07-07 21:05:44] [INFO] 命令：datasets download genome accession --inputfile /data3/p252701008/refseq_genomes_runlogs/shards/refseq_RefSeq_include_all_refseq_shards_size_1000_268328763/refseq_shards_size_1000/refseq_000169.txt --dehydrated --include all --assembly-source RefSeq --filename /data3/p252701008/refseq_genomes/contexts/refseq_RefSeq_include_all_refseq_shards_size_1000_268328763/dehydrated_links/zips/refseq_000169.zip.partial.20260707T121233Z.4191587 --no-progressbar
[2026-07-07 21:05:44] [INFO] datasets download refseq_000169：第 1/3 次尝试。日志：/data3/p252701008/refseq_genomes_runlogs/logs/refseq_RefSeq_include_all_refseq_shards_size_1000_268328763/datasets_download_refseq_000169_20260707T121233Z.4191587.log.attempt1
[2026-07-07 21:06:01] [INFO] dehydrated 链接包下载完成：/data3/p252701008/refseq_genomes/contexts/refseq_RefSeq_include_all_refseq_shards_size_1000_268328763/dehydrated_links/zips/refseq_000169.zip
[2026-07-07 21:06:01] [INFO] 可用磁盘空间：5920 GB；阈值：2000 GB；路径：/data3/p252701008/refseq_genomes/contexts/refseq_RefSeq_include_all_refseq_shards_size_1000_268328763/dehydrated_links/zips
[2026-07-07 21:06:01] [INFO] 开始下载 dehydrated 链接包：refseq_000170；accession 数：1000
[2026-07-07 21:06:01] [INFO] 命令：datasets download genome accession --inputfile /data3/p252701008/refseq_genomes_runlogs/shards/refseq_RefSeq_include_all_refseq_shards_size_1000_268328763/refseq_shards_size_1000/refseq_000170.txt --dehydrated --include all --assembly-source RefSeq --filename /data3/p252701008/refseq_genomes/contexts/refseq_RefSeq_include_all_refseq_shards_size_1000_268328763/dehydrated_links/zips/refseq_000170.zip.partial.20260707T121233Z.4191587 --no-progressbar
[2026-07-07 21:06:01] [INFO] datasets download refseq_000170：第 1/3 次尝试。日志：/data3/p252701008/refseq_genomes_runlogs/logs/refseq_RefSeq_include_all_refseq_shards_size_1000_268328763/datasets_download_refseq_000170_20260707T121233Z.4191587.log.attempt1
[2026-07-07 21:06:21] [INFO] dehydrated 链接包下载完成：/data3/p252701008/refseq_genomes/contexts/refseq_RefSeq_include_all_refseq_shards_size_1000_268328763/dehydrated_links/zips/refseq_000170.zip
[2026-07-07 21:06:21] [INFO] 可用磁盘空间：5920 GB；阈值：2000 GB；路径：/data3/p252701008/refseq_genomes/contexts/refseq_RefSeq_include_all_refseq_shards_size_1000_268328763/dehydrated_links/zips
[2026-07-07 21:06:21] [INFO] 开始下载 dehydrated 链接包：refseq_000171；accession 数：1000
[2026-07-07 21:06:21] [INFO] 命令：datasets download genome accession --inputfile /data3/p252701008/refseq_genomes_runlogs/shards/refseq_RefSeq_include_all_refseq_shards_size_1000_268328763/refseq_shards_size_1000/refseq_000171.txt --dehydrated --include all --assembly-source RefSeq --filename /data3/p252701008/refseq_genomes/contexts/refseq_RefSeq_include_all_refseq_shards_size_1000_268328763/dehydrated_links/zips/refseq_000171.zip.partial.20260707T121233Z.4191587 --no-progressbar
[2026-07-07 21:06:21] [INFO] datasets download refseq_000171：第 1/3 次尝试。日志：/data3/p252701008/refseq_genomes_runlogs/logs/refseq_RefSeq_include_all_refseq_shards_size_1000_268328763/datasets_download_refseq_000171_20260707T121233Z.4191587.log.attempt1
[2026-07-07 21:06:41] [INFO] dehydrated 链接包下载完成：/data3/p252701008/refseq_genomes/contexts/refseq_RefSeq_include_all_refseq_shards_size_1000_268328763/dehydrated_links/zips/refseq_000171.zip
[2026-07-07 21:06:41] [INFO] 可用磁盘空间：5920 GB；阈值：2000 GB；路径：/data3/p252701008/refseq_genomes/contexts/refseq_RefSeq_include_all_refseq_shards_size_1000_268328763/dehydrated_links/zips
[2026-07-07 21:06:41] [INFO] 开始下载 dehydrated 链接包：refseq_000172；accession 数：1000
[2026-07-07 21:06:41] [INFO] 命令：datasets download genome accession --inputfile /data3/p252701008/refseq_genomes_runlogs/shards/refseq_RefSeq_include_all_refseq_shards_size_1000_268328763/refseq_shards_size_1000/refseq_000172.txt --dehydrated --include all --assembly-source RefSeq --filename /data3/p252701008/refseq_genomes/contexts/refseq_RefSeq_include_all_refseq_shards_size_1000_268328763/dehydrated_links/zips/refseq_000172.zip.partial.20260707T121233Z.4191587 --no-progressbar
[2026-07-07 21:06:41] [INFO] datasets download refseq_000172：第 1/3 次尝试。日志：/data3/p252701008/refseq_genomes_runlogs/logs/refseq_RefSeq_include_all_refseq_shards_size_1000_268328763/datasets_download_refseq_000172_20260707T121233Z.4191587.log.attempt1
[2026-07-07 21:06:59] [INFO] dehydrated 链接包下载完成：/data3/p252701008/refseq_genomes/contexts/refseq_RefSeq_include_all_refseq_shards_size_1000_268328763/dehydrated_links/zips/refseq_000172.zip
[2026-07-07 21:06:59] [INFO] 可用磁盘空间：5920 GB；阈值：2000 GB；路径：/data3/p252701008/refseq_genomes/contexts/refseq_RefSeq_include_all_refseq_shards_size_1000_268328763/dehydrated_links/zips
[2026-07-07 21:06:59] [INFO] 开始下载 dehydrated 链接包：refseq_000173；accession 数：1000
[2026-07-07 21:06:59] [INFO] 命令：datasets download genome accession --inputfile /data3/p252701008/refseq_genomes_runlogs/shards/refseq_RefSeq_include_all_refseq_shards_size_1000_268328763/refseq_shards_size_1000/refseq_000173.txt --dehydrated --include all --assembly-source RefSeq --filename /data3/p252701008/refseq_genomes/contexts/refseq_RefSeq_include_all_refseq_shards_size_1000_268328763/dehydrated_links/zips/refseq_000173.zip.partial.20260707T121233Z.4191587 --no-progressbar
[2026-07-07 21:06:59] [INFO] datasets download refseq_000173：第 1/3 次尝试。日志：/data3/p252701008/refseq_genomes_runlogs/logs/refseq_RefSeq_include_all_refseq_shards_size_1000_268328763/datasets_download_refseq_000173_20260707T121233Z.4191587.log.attempt1
[2026-07-07 21:07:19] [INFO] dehydrated 链接包下载完成：/data3/p252701008/refseq_genomes/contexts/refseq_RefSeq_include_all_refseq_shards_size_1000_268328763/dehydrated_links/zips/refseq_000173.zip
[2026-07-07 21:07:19] [INFO] 可用磁盘空间：5920 GB；阈值：2000 GB；路径：/data3/p252701008/refseq_genomes/contexts/refseq_RefSeq_include_all_refseq_shards_size_1000_268328763/dehydrated_links/zips
[2026-07-07 21:07:19] [INFO] 开始下载 dehydrated 链接包：refseq_000174；accession 数：1000
[2026-07-07 21:07:19] [INFO] 命令：datasets download genome accession --inputfile /data3/p252701008/refseq_genomes_runlogs/shards/refseq_RefSeq_include_all_refseq_shards_size_1000_268328763/refseq_shards_size_1000/refseq_000174.txt --dehydrated --include all --assembly-source RefSeq --filename /data3/p252701008/refseq_genomes/contexts/refseq_RefSeq_include_all_refseq_shards_size_1000_268328763/dehydrated_links/zips/refseq_000174.zip.partial.20260707T121233Z.4191587 --no-progressbar
[2026-07-07 21:07:20] [INFO] datasets download refseq_000174：第 1/3 次尝试。日志：/data3/p252701008/refseq_genomes_runlogs/logs/refseq_RefSeq_include_all_refseq_shards_size_1000_268328763/datasets_download_refseq_000174_20260707T121233Z.4191587.log.attempt1
[2026-07-07 21:07:37] [INFO] dehydrated 链接包下载完成：/data3/p252701008/refseq_genomes/contexts/refseq_RefSeq_include_all_refseq_shards_size_1000_268328763/dehydrated_links/zips/refseq_000174.zip
[2026-07-07 21:07:37] [INFO] 可用磁盘空间：5920 GB；阈值：2000 GB；路径：/data3/p252701008/refseq_genomes/contexts/refseq_RefSeq_include_all_refseq_shards_size_1000_268328763/dehydrated_links/zips
[2026-07-07 21:07:37] [INFO] 开始下载 dehydrated 链接包：refseq_000175；accession 数：1000
[2026-07-07 21:07:37] [INFO] 命令：datasets download genome accession --inputfile /data3/p252701008/refseq_genomes_runlogs/shards/refseq_RefSeq_include_all_refseq_shards_size_1000_268328763/refseq_shards_size_1000/refseq_000175.txt --dehydrated --include all --assembly-source RefSeq --filename /data3/p252701008/refseq_genomes/contexts/refseq_RefSeq_include_all_refseq_shards_size_1000_268328763/dehydrated_links/zips/refseq_000175.zip.partial.20260707T121233Z.4191587 --no-progressbar
[2026-07-07 21:07:37] [INFO] datasets download refseq_000175：第 1/3 次尝试。日志：/data3/p252701008/refseq_genomes_runlogs/logs/refseq_RefSeq_include_all_refseq_shards_size_1000_268328763/datasets_download_refseq_000175_20260707T121233Z.4191587.log.attempt1
[2026-07-07 21:07:54] [INFO] dehydrated 链接包下载完成：/data3/p252701008/refseq_genomes/contexts/refseq_RefSeq_include_all_refseq_shards_size_1000_268328763/dehydrated_links/zips/refseq_000175.zip
[2026-07-07 21:07:54] [INFO] 可用磁盘空间：5920 GB；阈值：2000 GB；路径：/data3/p252701008/refseq_genomes/contexts/refseq_RefSeq_include_all_refseq_shards_size_1000_268328763/dehydrated_links/zips
[2026-07-07 21:07:54] [INFO] 开始下载 dehydrated 链接包：refseq_000176；accession 数：1000
[2026-07-07 21:07:54] [INFO] 命令：datasets download genome accession --inputfile /data3/p252701008/refseq_genomes_runlogs/shards/refseq_RefSeq_include_all_refseq_shards_size_1000_268328763/refseq_shards_size_1000/refseq_000176.txt --dehydrated --include all --assembly-source RefSeq --filename /data3/p252701008/refseq_genomes/contexts/refseq_RefSeq_include_all_refseq_shards_size_1000_268328763/dehydrated_links/zips/refseq_000176.zip.partial.20260707T121233Z.4191587 --no-progressbar
[2026-07-07 21:07:55] [INFO] datasets download refseq_000176：第 1/3 次尝试。日志：/data3/p252701008/refseq_genomes_runlogs/logs/refseq_RefSeq_include_all_refseq_shards_size_1000_268328763/datasets_download_refseq_000176_20260707T121233Z.4191587.log.attempt1
[2026-07-07 21:08:14] [INFO] dehydrated 链接包下载完成：/data3/p252701008/refseq_genomes/contexts/refseq_RefSeq_include_all_refseq_shards_size_1000_268328763/dehydrated_links/zips/refseq_000176.zip
[2026-07-07 21:08:14] [INFO] 可用磁盘空间：5920 GB；阈值：2000 GB；路径：/data3/p252701008/refseq_genomes/contexts/refseq_RefSeq_include_all_refseq_shards_size_1000_268328763/dehydrated_links/zips
[2026-07-07 21:08:14] [INFO] 开始下载 dehydrated 链接包：refseq_000177；accession 数：1000
[2026-07-07 21:08:14] [INFO] 命令：datasets download genome accession --inputfile /data3/p252701008/refseq_genomes_runlogs/shards/refseq_RefSeq_include_all_refseq_shards_size_1000_268328763/refseq_shards_size_1000/refseq_000177.txt --dehydrated --include all --assembly-source RefSeq --filename /data3/p252701008/refseq_genomes/contexts/refseq_RefSeq_include_all_refseq_shards_size_1000_268328763/dehydrated_links/zips/refseq_000177.zip.partial.20260707T121233Z.4191587 --no-progressbar
[2026-07-07 21:08:14] [INFO] datasets download refseq_000177：第 1/3 次尝试。日志：/data3/p252701008/refseq_genomes_runlogs/logs/refseq_RefSeq_include_all_refseq_shards_size_1000_268328763/datasets_download_refseq_000177_20260707T121233Z.4191587.log.attempt1
[2026-07-07 21:08:23] [ERROR] datasets download 失败：refseq_000177；第 1/3 次；退出码：1；日志：/data3/p252701008/refseq_genomes_runlogs/logs/refseq_RefSeq_include_all_refseq_shards_size_1000_268328763/datasets_download_refseq_000177_20260707T121233Z.4191587.log.attempt1
[2026-07-07 21:08:23] [ERROR]   Error: Download error: stream error: stream ID 7; INTERNAL_ERROR; received from peer
[2026-07-07 21:08:23] [ERROR]   
[2026-07-07 21:08:23] [ERROR]   Use datasets download genome accession <command> --help for detailed help about a command.
[2026-07-07 21:08:23] [ERROR]   
[2026-07-07 21:08:23] [INFO] 已将异常或旧文件移入 trash：/data3/p252701008/refseq_genomes/contexts/refseq_RefSeq_include_all_refseq_shards_size_1000_268328763/dehydrated_links/zips/refseq_000177.zip.partial.20260707T121233Z.4191587 -> /data3/p252701008/refseq_genomes_runlogs/trash/failed_partial_zip.20260707T121233Z.4191587._data3_p252701008_refseq_genomes_contexts_refseq_RefSeq_include_all_refseq_shards_size_1000_268328763_dehydrated_links_zips_refseq_000177_zip_partial_20260707T121233Z_4191587
[2026-07-07 21:08:23] [INFO] datasets download refseq_000177 将在 30 秒后重试。
[2026-07-07 21:08:53] [INFO] datasets download refseq_000177：第 2/3 次尝试。日志：/data3/p252701008/refseq_genomes_runlogs/logs/refseq_RefSeq_include_all_refseq_shards_size_1000_268328763/datasets_download_refseq_000177_20260707T121233Z.4191587.log.attempt2
[2026-07-07 21:09:11] [INFO] dehydrated 链接包下载完成：/data3/p252701008/refseq_genomes/contexts/refseq_RefSeq_include_all_refseq_shards_size_1000_268328763/dehydrated_links/zips/refseq_000177.zip
[2026-07-07 21:09:11] [INFO] 可用磁盘空间：5920 GB；阈值：2000 GB；路径：/data3/p252701008/refseq_genomes/contexts/refseq_RefSeq_include_all_refseq_shards_size_1000_268328763/dehydrated_links/zips
[2026-07-07 21:09:11] [INFO] 开始下载 dehydrated 链接包：refseq_000178；accession 数：1000
[2026-07-07 21:09:11] [INFO] 命令：datasets download genome accession --inputfile /data3/p252701008/refseq_genomes_runlogs/shards/refseq_RefSeq_include_all_refseq_shards_size_1000_268328763/refseq_shards_size_1000/refseq_000178.txt --dehydrated --include all --assembly-source RefSeq --filename /data3/p252701008/refseq_genomes/contexts/refseq_RefSeq_include_all_refseq_shards_size_1000_268328763/dehydrated_links/zips/refseq_000178.zip.partial.20260707T121233Z.4191587 --no-progressbar
[2026-07-07 21:09:11] [INFO] datasets download refseq_000178：第 1/3 次尝试。日志：/data3/p252701008/refseq_genomes_runlogs/logs/refseq_RefSeq_include_all_refseq_shards_size_1000_268328763/datasets_download_refseq_000178_20260707T121233Z.4191587.log.attempt1
[2026-07-07 21:09:31] [INFO] dehydrated 链接包下载完成：/data3/p252701008/refseq_genomes/contexts/refseq_RefSeq_include_all_refseq_shards_size_1000_268328763/dehydrated_links/zips/refseq_000178.zip
[2026-07-07 21:09:31] [INFO] 可用磁盘空间：5920 GB；阈值：2000 GB；路径：/data3/p252701008/refseq_genomes/contexts/refseq_RefSeq_include_all_refseq_shards_size_1000_268328763/dehydrated_links/zips
[2026-07-07 21:09:31] [INFO] 开始下载 dehydrated 链接包：refseq_000179；accession 数：1000
[2026-07-07 21:09:31] [INFO] 命令：datasets download genome accession --inputfile /data3/p252701008/refseq_genomes_runlogs/shards/refseq_RefSeq_include_all_refseq_shards_size_1000_268328763/refseq_shards_size_1000/refseq_000179.txt --dehydrated --include all --assembly-source RefSeq --filename /data3/p252701008/refseq_genomes/contexts/refseq_RefSeq_include_all_refseq_shards_size_1000_268328763/dehydrated_links/zips/refseq_000179.zip.partial.20260707T121233Z.4191587 --no-progressbar
[2026-07-07 21:09:31] [INFO] datasets download refseq_000179：第 1/3 次尝试。日志：/data3/p252701008/refseq_genomes_runlogs/logs/refseq_RefSeq_include_all_refseq_shards_size_1000_268328763/datasets_download_refseq_000179_20260707T121233Z.4191587.log.attempt1
[2026-07-07 21:09:47] [INFO] dehydrated 链接包下载完成：/data3/p252701008/refseq_genomes/contexts/refseq_RefSeq_include_all_refseq_shards_size_1000_268328763/dehydrated_links/zips/refseq_000179.zip
[2026-07-07 21:09:47] [INFO] 可用磁盘空间：5920 GB；阈值：2000 GB；路径：/data3/p252701008/refseq_genomes/contexts/refseq_RefSeq_include_all_refseq_shards_size_1000_268328763/dehydrated_links/zips
[2026-07-07 21:09:47] [INFO] 开始下载 dehydrated 链接包：refseq_000180；accession 数：1000
[2026-07-07 21:09:47] [INFO] 命令：datasets download genome accession --inputfile /data3/p252701008/refseq_genomes_runlogs/shards/refseq_RefSeq_include_all_refseq_shards_size_1000_268328763/refseq_shards_size_1000/refseq_000180.txt --dehydrated --include all --assembly-source RefSeq --filename /data3/p252701008/refseq_genomes/contexts/refseq_RefSeq_include_all_refseq_shards_size_1000_268328763/dehydrated_links/zips/refseq_000180.zip.partial.20260707T121233Z.4191587 --no-progressbar
[2026-07-07 21:09:47] [INFO] datasets download refseq_000180：第 1/3 次尝试。日志：/data3/p252701008/refseq_genomes_runlogs/logs/refseq_RefSeq_include_all_refseq_shards_size_1000_268328763/datasets_download_refseq_000180_20260707T121233Z.4191587.log.attempt1
[2026-07-07 21:10:08] [INFO] dehydrated 链接包下载完成：/data3/p252701008/refseq_genomes/contexts/refseq_RefSeq_include_all_refseq_shards_size_1000_268328763/dehydrated_links/zips/refseq_000180.zip
[2026-07-07 21:10:08] [INFO] 可用磁盘空间：5920 GB；阈值：2000 GB；路径：/data3/p252701008/refseq_genomes/contexts/refseq_RefSeq_include_all_refseq_shards_size_1000_268328763/dehydrated_links/zips
[2026-07-07 21:10:08] [INFO] 开始下载 dehydrated 链接包：refseq_000181；accession 数：1000
[2026-07-07 21:10:08] [INFO] 命令：datasets download genome accession --inputfile /data3/p252701008/refseq_genomes_runlogs/shards/refseq_RefSeq_include_all_refseq_shards_size_1000_268328763/refseq_shards_size_1000/refseq_000181.txt --dehydrated --include all --assembly-source RefSeq --filename /data3/p252701008/refseq_genomes/contexts/refseq_RefSeq_include_all_refseq_shards_size_1000_268328763/dehydrated_links/zips/refseq_000181.zip.partial.20260707T121233Z.4191587 --no-progressbar
[2026-07-07 21:10:08] [INFO] datasets download refseq_000181：第 1/3 次尝试。日志：/data3/p252701008/refseq_genomes_runlogs/logs/refseq_RefSeq_include_all_refseq_shards_size_1000_268328763/datasets_download_refseq_000181_20260707T121233Z.4191587.log.attempt1
[2026-07-07 21:10:28] [INFO] dehydrated 链接包下载完成：/data3/p252701008/refseq_genomes/contexts/refseq_RefSeq_include_all_refseq_shards_size_1000_268328763/dehydrated_links/zips/refseq_000181.zip
[2026-07-07 21:10:28] [INFO] 可用磁盘空间：5920 GB；阈值：2000 GB；路径：/data3/p252701008/refseq_genomes/contexts/refseq_RefSeq_include_all_refseq_shards_size_1000_268328763/dehydrated_links/zips
[2026-07-07 21:10:28] [INFO] 开始下载 dehydrated 链接包：refseq_000182；accession 数：1000
[2026-07-07 21:10:28] [INFO] 命令：datasets download genome accession --inputfile /data3/p252701008/refseq_genomes_runlogs/shards/refseq_RefSeq_include_all_refseq_shards_size_1000_268328763/refseq_shards_size_1000/refseq_000182.txt --dehydrated --include all --assembly-source RefSeq --filename /data3/p252701008/refseq_genomes/contexts/refseq_RefSeq_include_all_refseq_shards_size_1000_268328763/dehydrated_links/zips/refseq_000182.zip.partial.20260707T121233Z.4191587 --no-progressbar
[2026-07-07 21:10:28] [INFO] datasets download refseq_000182：第 1/3 次尝试。日志：/data3/p252701008/refseq_genomes_runlogs/logs/refseq_RefSeq_include_all_refseq_shards_size_1000_268328763/datasets_download_refseq_000182_20260707T121233Z.4191587.log.attempt1
[2026-07-07 21:10:46] [INFO] dehydrated 链接包下载完成：/data3/p252701008/refseq_genomes/contexts/refseq_RefSeq_include_all_refseq_shards_size_1000_268328763/dehydrated_links/zips/refseq_000182.zip
[2026-07-07 21:10:46] [INFO] 可用磁盘空间：5920 GB；阈值：2000 GB；路径：/data3/p252701008/refseq_genomes/contexts/refseq_RefSeq_include_all_refseq_shards_size_1000_268328763/dehydrated_links/zips
[2026-07-07 21:10:46] [INFO] 开始下载 dehydrated 链接包：refseq_000183；accession 数：1000
[2026-07-07 21:10:46] [INFO] 命令：datasets download genome accession --inputfile /data3/p252701008/refseq_genomes_runlogs/shards/refseq_RefSeq_include_all_refseq_shards_size_1000_268328763/refseq_shards_size_1000/refseq_000183.txt --dehydrated --include all --assembly-source RefSeq --filename /data3/p252701008/refseq_genomes/contexts/refseq_RefSeq_include_all_refseq_shards_size_1000_268328763/dehydrated_links/zips/refseq_000183.zip.partial.20260707T121233Z.4191587 --no-progressbar
[2026-07-07 21:10:46] [INFO] datasets download refseq_000183：第 1/3 次尝试。日志：/data3/p252701008/refseq_genomes_runlogs/logs/refseq_RefSeq_include_all_refseq_shards_size_1000_268328763/datasets_download_refseq_000183_20260707T121233Z.4191587.log.attempt1
[2026-07-07 21:11:09] [INFO] dehydrated 链接包下载完成：/data3/p252701008/refseq_genomes/contexts/refseq_RefSeq_include_all_refseq_shards_size_1000_268328763/dehydrated_links/zips/refseq_000183.zip
[2026-07-07 21:11:09] [INFO] 可用磁盘空间：5920 GB；阈值：2000 GB；路径：/data3/p252701008/refseq_genomes/contexts/refseq_RefSeq_include_all_refseq_shards_size_1000_268328763/dehydrated_links/zips
[2026-07-07 21:11:09] [INFO] 开始下载 dehydrated 链接包：refseq_000184；accession 数：1000
[2026-07-07 21:11:09] [INFO] 命令：datasets download genome accession --inputfile /data3/p252701008/refseq_genomes_runlogs/shards/refseq_RefSeq_include_all_refseq_shards_size_1000_268328763/refseq_shards_size_1000/refseq_000184.txt --dehydrated --include all --assembly-source RefSeq --filename /data3/p252701008/refseq_genomes/contexts/refseq_RefSeq_include_all_refseq_shards_size_1000_268328763/dehydrated_links/zips/refseq_000184.zip.partial.20260707T121233Z.4191587 --no-progressbar
[2026-07-07 21:11:09] [INFO] datasets download refseq_000184：第 1/3 次尝试。日志：/data3/p252701008/refseq_genomes_runlogs/logs/refseq_RefSeq_include_all_refseq_shards_size_1000_268328763/datasets_download_refseq_000184_20260707T121233Z.4191587.log.attempt1
[2026-07-07 21:11:36] [INFO] dehydrated 链接包下载完成：/data3/p252701008/refseq_genomes/contexts/refseq_RefSeq_include_all_refseq_shards_size_1000_268328763/dehydrated_links/zips/refseq_000184.zip
[2026-07-07 21:11:36] [INFO] 可用磁盘空间：5920 GB；阈值：2000 GB；路径：/data3/p252701008/refseq_genomes/contexts/refseq_RefSeq_include_all_refseq_shards_size_1000_268328763/dehydrated_links/zips
[2026-07-07 21:11:36] [INFO] 开始下载 dehydrated 链接包：refseq_000185；accession 数：1000
[2026-07-07 21:11:36] [INFO] 命令：datasets download genome accession --inputfile /data3/p252701008/refseq_genomes_runlogs/shards/refseq_RefSeq_include_all_refseq_shards_size_1000_268328763/refseq_shards_size_1000/refseq_000185.txt --dehydrated --include all --assembly-source RefSeq --filename /data3/p252701008/refseq_genomes/contexts/refseq_RefSeq_include_all_refseq_shards_size_1000_268328763/dehydrated_links/zips/refseq_000185.zip.partial.20260707T121233Z.4191587 --no-progressbar
[2026-07-07 21:11:36] [INFO] datasets download refseq_000185：第 1/3 次尝试。日志：/data3/p252701008/refseq_genomes_runlogs/logs/refseq_RefSeq_include_all_refseq_shards_size_1000_268328763/datasets_download_refseq_000185_20260707T121233Z.4191587.log.attempt1
[2026-07-07 21:11:52] [INFO] dehydrated 链接包下载完成：/data3/p252701008/refseq_genomes/contexts/refseq_RefSeq_include_all_refseq_shards_size_1000_268328763/dehydrated_links/zips/refseq_000185.zip
[2026-07-07 21:11:52] [INFO] 可用磁盘空间：5920 GB；阈值：2000 GB；路径：/data3/p252701008/refseq_genomes/contexts/refseq_RefSeq_include_all_refseq_shards_size_1000_268328763/dehydrated_links/zips
[2026-07-07 21:11:52] [INFO] 开始下载 dehydrated 链接包：refseq_000186；accession 数：1000
[2026-07-07 21:11:52] [INFO] 命令：datasets download genome accession --inputfile /data3/p252701008/refseq_genomes_runlogs/shards/refseq_RefSeq_include_all_refseq_shards_size_1000_268328763/refseq_shards_size_1000/refseq_000186.txt --dehydrated --include all --assembly-source RefSeq --filename /data3/p252701008/refseq_genomes/contexts/refseq_RefSeq_include_all_refseq_shards_size_1000_268328763/dehydrated_links/zips/refseq_000186.zip.partial.20260707T121233Z.4191587 --no-progressbar
[2026-07-07 21:11:52] [INFO] datasets download refseq_000186：第 1/3 次尝试。日志：/data3/p252701008/refseq_genomes_runlogs/logs/refseq_RefSeq_include_all_refseq_shards_size_1000_268328763/datasets_download_refseq_000186_20260707T121233Z.4191587.log.attempt1
[2026-07-07 21:12:11] [INFO] dehydrated 链接包下载完成：/data3/p252701008/refseq_genomes/contexts/refseq_RefSeq_include_all_refseq_shards_size_1000_268328763/dehydrated_links/zips/refseq_000186.zip
[2026-07-07 21:12:11] [INFO] 可用磁盘空间：5920 GB；阈值：2000 GB；路径：/data3/p252701008/refseq_genomes/contexts/refseq_RefSeq_include_all_refseq_shards_size_1000_268328763/dehydrated_links/zips
[2026-07-07 21:12:11] [INFO] 开始下载 dehydrated 链接包：refseq_000187；accession 数：1000
[2026-07-07 21:12:11] [INFO] 命令：datasets download genome accession --inputfile /data3/p252701008/refseq_genomes_runlogs/shards/refseq_RefSeq_include_all_refseq_shards_size_1000_268328763/refseq_shards_size_1000/refseq_000187.txt --dehydrated --include all --assembly-source RefSeq --filename /data3/p252701008/refseq_genomes/contexts/refseq_RefSeq_include_all_refseq_shards_size_1000_268328763/dehydrated_links/zips/refseq_000187.zip.partial.20260707T121233Z.4191587 --no-progressbar
[2026-07-07 21:12:11] [INFO] datasets download refseq_000187：第 1/3 次尝试。日志：/data3/p252701008/refseq_genomes_runlogs/logs/refseq_RefSeq_include_all_refseq_shards_size_1000_268328763/datasets_download_refseq_000187_20260707T121233Z.4191587.log.attempt1
[2026-07-07 21:12:32] [INFO] dehydrated 链接包下载完成：/data3/p252701008/refseq_genomes/contexts/refseq_RefSeq_include_all_refseq_shards_size_1000_268328763/dehydrated_links/zips/refseq_000187.zip
[2026-07-07 21:12:32] [INFO] 可用磁盘空间：5920 GB；阈值：2000 GB；路径：/data3/p252701008/refseq_genomes/contexts/refseq_RefSeq_include_all_refseq_shards_size_1000_268328763/dehydrated_links/zips
[2026-07-07 21:12:32] [INFO] 开始下载 dehydrated 链接包：refseq_000188；accession 数：1000
[2026-07-07 21:12:32] [INFO] 命令：datasets download genome accession --inputfile /data3/p252701008/refseq_genomes_runlogs/shards/refseq_RefSeq_include_all_refseq_shards_size_1000_268328763/refseq_shards_size_1000/refseq_000188.txt --dehydrated --include all --assembly-source RefSeq --filename /data3/p252701008/refseq_genomes/contexts/refseq_RefSeq_include_all_refseq_shards_size_1000_268328763/dehydrated_links/zips/refseq_000188.zip.partial.20260707T121233Z.4191587 --no-progressbar
[2026-07-07 21:12:32] [INFO] datasets download refseq_000188：第 1/3 次尝试。日志：/data3/p252701008/refseq_genomes_runlogs/logs/refseq_RefSeq_include_all_refseq_shards_size_1000_268328763/datasets_download_refseq_000188_20260707T121233Z.4191587.log.attempt1
[2026-07-07 21:12:52] [INFO] dehydrated 链接包下载完成：/data3/p252701008/refseq_genomes/contexts/refseq_RefSeq_include_all_refseq_shards_size_1000_268328763/dehydrated_links/zips/refseq_000188.zip
[2026-07-07 21:12:52] [INFO] 可用磁盘空间：5920 GB；阈值：2000 GB；路径：/data3/p252701008/refseq_genomes/contexts/refseq_RefSeq_include_all_refseq_shards_size_1000_268328763/dehydrated_links/zips
[2026-07-07 21:12:52] [INFO] 开始下载 dehydrated 链接包：refseq_000189；accession 数：1000
[2026-07-07 21:12:52] [INFO] 命令：datasets download genome accession --inputfile /data3/p252701008/refseq_genomes_runlogs/shards/refseq_RefSeq_include_all_refseq_shards_size_1000_268328763/refseq_shards_size_1000/refseq_000189.txt --dehydrated --include all --assembly-source RefSeq --filename /data3/p252701008/refseq_genomes/contexts/refseq_RefSeq_include_all_refseq_shards_size_1000_268328763/dehydrated_links/zips/refseq_000189.zip.partial.20260707T121233Z.4191587 --no-progressbar
[2026-07-07 21:12:52] [INFO] datasets download refseq_000189：第 1/3 次尝试。日志：/data3/p252701008/refseq_genomes_runlogs/logs/refseq_RefSeq_include_all_refseq_shards_size_1000_268328763/datasets_download_refseq_000189_20260707T121233Z.4191587.log.attempt1
[2026-07-07 21:13:08] [INFO] dehydrated 链接包下载完成：/data3/p252701008/refseq_genomes/contexts/refseq_RefSeq_include_all_refseq_shards_size_1000_268328763/dehydrated_links/zips/refseq_000189.zip
[2026-07-07 21:13:08] [INFO] 可用磁盘空间：5920 GB；阈值：2000 GB；路径：/data3/p252701008/refseq_genomes/contexts/refseq_RefSeq_include_all_refseq_shards_size_1000_268328763/dehydrated_links/zips
[2026-07-07 21:13:08] [INFO] 开始下载 dehydrated 链接包：refseq_000190；accession 数：1000
[2026-07-07 21:13:08] [INFO] 命令：datasets download genome accession --inputfile /data3/p252701008/refseq_genomes_runlogs/shards/refseq_RefSeq_include_all_refseq_shards_size_1000_268328763/refseq_shards_size_1000/refseq_000190.txt --dehydrated --include all --assembly-source RefSeq --filename /data3/p252701008/refseq_genomes/contexts/refseq_RefSeq_include_all_refseq_shards_size_1000_268328763/dehydrated_links/zips/refseq_000190.zip.partial.20260707T121233Z.4191587 --no-progressbar
[2026-07-07 21:13:08] [INFO] datasets download refseq_000190：第 1/3 次尝试。日志：/data3/p252701008/refseq_genomes_runlogs/logs/refseq_RefSeq_include_all_refseq_shards_size_1000_268328763/datasets_download_refseq_000190_20260707T121233Z.4191587.log.attempt1
[2026-07-07 21:13:26] [INFO] dehydrated 链接包下载完成：/data3/p252701008/refseq_genomes/contexts/refseq_RefSeq_include_all_refseq_shards_size_1000_268328763/dehydrated_links/zips/refseq_000190.zip
[2026-07-07 21:13:26] [INFO] 可用磁盘空间：5920 GB；阈值：2000 GB；路径：/data3/p252701008/refseq_genomes/contexts/refseq_RefSeq_include_all_refseq_shards_size_1000_268328763/dehydrated_links/zips
[2026-07-07 21:13:26] [INFO] 开始下载 dehydrated 链接包：refseq_000191；accession 数：1000
[2026-07-07 21:13:26] [INFO] 命令：datasets download genome accession --inputfile /data3/p252701008/refseq_genomes_runlogs/shards/refseq_RefSeq_include_all_refseq_shards_size_1000_268328763/refseq_shards_size_1000/refseq_000191.txt --dehydrated --include all --assembly-source RefSeq --filename /data3/p252701008/refseq_genomes/contexts/refseq_RefSeq_include_all_refseq_shards_size_1000_268328763/dehydrated_links/zips/refseq_000191.zip.partial.20260707T121233Z.4191587 --no-progressbar
[2026-07-07 21:13:26] [INFO] datasets download refseq_000191：第 1/3 次尝试。日志：/data3/p252701008/refseq_genomes_runlogs/logs/refseq_RefSeq_include_all_refseq_shards_size_1000_268328763/datasets_download_refseq_000191_20260707T121233Z.4191587.log.attempt1
[2026-07-07 21:13:43] [INFO] dehydrated 链接包下载完成：/data3/p252701008/refseq_genomes/contexts/refseq_RefSeq_include_all_refseq_shards_size_1000_268328763/dehydrated_links/zips/refseq_000191.zip
[2026-07-07 21:13:43] [INFO] 可用磁盘空间：5920 GB；阈值：2000 GB；路径：/data3/p252701008/refseq_genomes/contexts/refseq_RefSeq_include_all_refseq_shards_size_1000_268328763/dehydrated_links/zips
[2026-07-07 21:13:43] [INFO] 开始下载 dehydrated 链接包：refseq_000192；accession 数：1000
[2026-07-07 21:13:43] [INFO] 命令：datasets download genome accession --inputfile /data3/p252701008/refseq_genomes_runlogs/shards/refseq_RefSeq_include_all_refseq_shards_size_1000_268328763/refseq_shards_size_1000/refseq_000192.txt --dehydrated --include all --assembly-source RefSeq --filename /data3/p252701008/refseq_genomes/contexts/refseq_RefSeq_include_all_refseq_shards_size_1000_268328763/dehydrated_links/zips/refseq_000192.zip.partial.20260707T121233Z.4191587 --no-progressbar
[2026-07-07 21:13:43] [INFO] datasets download refseq_000192：第 1/3 次尝试。日志：/data3/p252701008/refseq_genomes_runlogs/logs/refseq_RefSeq_include_all_refseq_shards_size_1000_268328763/datasets_download_refseq_000192_20260707T121233Z.4191587.log.attempt1
[2026-07-07 21:14:00] [INFO] dehydrated 链接包下载完成：/data3/p252701008/refseq_genomes/contexts/refseq_RefSeq_include_all_refseq_shards_size_1000_268328763/dehydrated_links/zips/refseq_000192.zip
[2026-07-07 21:14:00] [INFO] 可用磁盘空间：5920 GB；阈值：2000 GB；路径：/data3/p252701008/refseq_genomes/contexts/refseq_RefSeq_include_all_refseq_shards_size_1000_268328763/dehydrated_links/zips
[2026-07-07 21:14:00] [INFO] 开始下载 dehydrated 链接包：refseq_000193；accession 数：1000
[2026-07-07 21:14:00] [INFO] 命令：datasets download genome accession --inputfile /data3/p252701008/refseq_genomes_runlogs/shards/refseq_RefSeq_include_all_refseq_shards_size_1000_268328763/refseq_shards_size_1000/refseq_000193.txt --dehydrated --include all --assembly-source RefSeq --filename /data3/p252701008/refseq_genomes/contexts/refseq_RefSeq_include_all_refseq_shards_size_1000_268328763/dehydrated_links/zips/refseq_000193.zip.partial.20260707T121233Z.4191587 --no-progressbar
[2026-07-07 21:14:00] [INFO] datasets download refseq_000193：第 1/3 次尝试。日志：/data3/p252701008/refseq_genomes_runlogs/logs/refseq_RefSeq_include_all_refseq_shards_size_1000_268328763/datasets_download_refseq_000193_20260707T121233Z.4191587.log.attempt1
[2026-07-07 21:14:21] [INFO] dehydrated 链接包下载完成：/data3/p252701008/refseq_genomes/contexts/refseq_RefSeq_include_all_refseq_shards_size_1000_268328763/dehydrated_links/zips/refseq_000193.zip
[2026-07-07 21:14:21] [INFO] 可用磁盘空间：5920 GB；阈值：2000 GB；路径：/data3/p252701008/refseq_genomes/contexts/refseq_RefSeq_include_all_refseq_shards_size_1000_268328763/dehydrated_links/zips
[2026-07-07 21:14:21] [INFO] 开始下载 dehydrated 链接包：refseq_000194；accession 数：1000
[2026-07-07 21:14:21] [INFO] 命令：datasets download genome accession --inputfile /data3/p252701008/refseq_genomes_runlogs/shards/refseq_RefSeq_include_all_refseq_shards_size_1000_268328763/refseq_shards_size_1000/refseq_000194.txt --dehydrated --include all --assembly-source RefSeq --filename /data3/p252701008/refseq_genomes/contexts/refseq_RefSeq_include_all_refseq_shards_size_1000_268328763/dehydrated_links/zips/refseq_000194.zip.partial.20260707T121233Z.4191587 --no-progressbar
[2026-07-07 21:14:21] [INFO] datasets download refseq_000194：第 1/3 次尝试。日志：/data3/p252701008/refseq_genomes_runlogs/logs/refseq_RefSeq_include_all_refseq_shards_size_1000_268328763/datasets_download_refseq_000194_20260707T121233Z.4191587.log.attempt1
[2026-07-07 21:14:36] [INFO] dehydrated 链接包下载完成：/data3/p252701008/refseq_genomes/contexts/refseq_RefSeq_include_all_refseq_shards_size_1000_268328763/dehydrated_links/zips/refseq_000194.zip
[2026-07-07 21:14:36] [INFO] 可用磁盘空间：5920 GB；阈值：2000 GB；路径：/data3/p252701008/refseq_genomes/contexts/refseq_RefSeq_include_all_refseq_shards_size_1000_268328763/dehydrated_links/zips
[2026-07-07 21:14:36] [INFO] 开始下载 dehydrated 链接包：refseq_000195；accession 数：1000
[2026-07-07 21:14:36] [INFO] 命令：datasets download genome accession --inputfile /data3/p252701008/refseq_genomes_runlogs/shards/refseq_RefSeq_include_all_refseq_shards_size_1000_268328763/refseq_shards_size_1000/refseq_000195.txt --dehydrated --include all --assembly-source RefSeq --filename /data3/p252701008/refseq_genomes/contexts/refseq_RefSeq_include_all_refseq_shards_size_1000_268328763/dehydrated_links/zips/refseq_000195.zip.partial.20260707T121233Z.4191587 --no-progressbar
[2026-07-07 21:14:36] [INFO] datasets download refseq_000195：第 1/3 次尝试。日志：/data3/p252701008/refseq_genomes_runlogs/logs/refseq_RefSeq_include_all_refseq_shards_size_1000_268328763/datasets_download_refseq_000195_20260707T121233Z.4191587.log.attempt1
[2026-07-07 21:14:56] [INFO] dehydrated 链接包下载完成：/data3/p252701008/refseq_genomes/contexts/refseq_RefSeq_include_all_refseq_shards_size_1000_268328763/dehydrated_links/zips/refseq_000195.zip
[2026-07-07 21:14:56] [INFO] 可用磁盘空间：5920 GB；阈值：2000 GB；路径：/data3/p252701008/refseq_genomes/contexts/refseq_RefSeq_include_all_refseq_shards_size_1000_268328763/dehydrated_links/zips
[2026-07-07 21:14:56] [INFO] 开始下载 dehydrated 链接包：refseq_000196；accession 数：1000
[2026-07-07 21:14:56] [INFO] 命令：datasets download genome accession --inputfile /data3/p252701008/refseq_genomes_runlogs/shards/refseq_RefSeq_include_all_refseq_shards_size_1000_268328763/refseq_shards_size_1000/refseq_000196.txt --dehydrated --include all --assembly-source RefSeq --filename /data3/p252701008/refseq_genomes/contexts/refseq_RefSeq_include_all_refseq_shards_size_1000_268328763/dehydrated_links/zips/refseq_000196.zip.partial.20260707T121233Z.4191587 --no-progressbar
[2026-07-07 21:14:56] [INFO] datasets download refseq_000196：第 1/3 次尝试。日志：/data3/p252701008/refseq_genomes_runlogs/logs/refseq_RefSeq_include_all_refseq_shards_size_1000_268328763/datasets_download_refseq_000196_20260707T121233Z.4191587.log.attempt1
[2026-07-07 21:15:14] [INFO] dehydrated 链接包下载完成：/data3/p252701008/refseq_genomes/contexts/refseq_RefSeq_include_all_refseq_shards_size_1000_268328763/dehydrated_links/zips/refseq_000196.zip
[2026-07-07 21:15:14] [INFO] 可用磁盘空间：5920 GB；阈值：2000 GB；路径：/data3/p252701008/refseq_genomes/contexts/refseq_RefSeq_include_all_refseq_shards_size_1000_268328763/dehydrated_links/zips
[2026-07-07 21:15:14] [INFO] 开始下载 dehydrated 链接包：refseq_000197；accession 数：1000
[2026-07-07 21:15:14] [INFO] 命令：datasets download genome accession --inputfile /data3/p252701008/refseq_genomes_runlogs/shards/refseq_RefSeq_include_all_refseq_shards_size_1000_268328763/refseq_shards_size_1000/refseq_000197.txt --dehydrated --include all --assembly-source RefSeq --filename /data3/p252701008/refseq_genomes/contexts/refseq_RefSeq_include_all_refseq_shards_size_1000_268328763/dehydrated_links/zips/refseq_000197.zip.partial.20260707T121233Z.4191587 --no-progressbar
[2026-07-07 21:15:14] [INFO] datasets download refseq_000197：第 1/3 次尝试。日志：/data3/p252701008/refseq_genomes_runlogs/logs/refseq_RefSeq_include_all_refseq_shards_size_1000_268328763/datasets_download_refseq_000197_20260707T121233Z.4191587.log.attempt1
[2026-07-07 21:15:32] [INFO] dehydrated 链接包下载完成：/data3/p252701008/refseq_genomes/contexts/refseq_RefSeq_include_all_refseq_shards_size_1000_268328763/dehydrated_links/zips/refseq_000197.zip
[2026-07-07 21:15:32] [INFO] 可用磁盘空间：5920 GB；阈值：2000 GB；路径：/data3/p252701008/refseq_genomes/contexts/refseq_RefSeq_include_all_refseq_shards_size_1000_268328763/dehydrated_links/zips
[2026-07-07 21:15:32] [INFO] 开始下载 dehydrated 链接包：refseq_000198；accession 数：1000
[2026-07-07 21:15:32] [INFO] 命令：datasets download genome accession --inputfile /data3/p252701008/refseq_genomes_runlogs/shards/refseq_RefSeq_include_all_refseq_shards_size_1000_268328763/refseq_shards_size_1000/refseq_000198.txt --dehydrated --include all --assembly-source RefSeq --filename /data3/p252701008/refseq_genomes/contexts/refseq_RefSeq_include_all_refseq_shards_size_1000_268328763/dehydrated_links/zips/refseq_000198.zip.partial.20260707T121233Z.4191587 --no-progressbar
[2026-07-07 21:15:32] [INFO] datasets download refseq_000198：第 1/3 次尝试。日志：/data3/p252701008/refseq_genomes_runlogs/logs/refseq_RefSeq_include_all_refseq_shards_size_1000_268328763/datasets_download_refseq_000198_20260707T121233Z.4191587.log.attempt1
[2026-07-07 21:15:51] [INFO] dehydrated 链接包下载完成：/data3/p252701008/refseq_genomes/contexts/refseq_RefSeq_include_all_refseq_shards_size_1000_268328763/dehydrated_links/zips/refseq_000198.zip
[2026-07-07 21:15:51] [INFO] 可用磁盘空间：5920 GB；阈值：2000 GB；路径：/data3/p252701008/refseq_genomes/contexts/refseq_RefSeq_include_all_refseq_shards_size_1000_268328763/dehydrated_links/zips
[2026-07-07 21:15:51] [INFO] 开始下载 dehydrated 链接包：refseq_000199；accession 数：1000
[2026-07-07 21:15:51] [INFO] 命令：datasets download genome accession --inputfile /data3/p252701008/refseq_genomes_runlogs/shards/refseq_RefSeq_include_all_refseq_shards_size_1000_268328763/refseq_shards_size_1000/refseq_000199.txt --dehydrated --include all --assembly-source RefSeq --filename /data3/p252701008/refseq_genomes/contexts/refseq_RefSeq_include_all_refseq_shards_size_1000_268328763/dehydrated_links/zips/refseq_000199.zip.partial.20260707T121233Z.4191587 --no-progressbar
[2026-07-07 21:15:51] [INFO] datasets download refseq_000199：第 1/3 次尝试。日志：/data3/p252701008/refseq_genomes_runlogs/logs/refseq_RefSeq_include_all_refseq_shards_size_1000_268328763/datasets_download_refseq_000199_20260707T121233Z.4191587.log.attempt1
[2026-07-07 21:16:09] [INFO] dehydrated 链接包下载完成：/data3/p252701008/refseq_genomes/contexts/refseq_RefSeq_include_all_refseq_shards_size_1000_268328763/dehydrated_links/zips/refseq_000199.zip
[2026-07-07 21:16:09] [INFO] 可用磁盘空间：5920 GB；阈值：2000 GB；路径：/data3/p252701008/refseq_genomes/contexts/refseq_RefSeq_include_all_refseq_shards_size_1000_268328763/dehydrated_links/zips
[2026-07-07 21:16:09] [INFO] 开始下载 dehydrated 链接包：refseq_000200；accession 数：1000
[2026-07-07 21:16:09] [INFO] 命令：datasets download genome accession --inputfile /data3/p252701008/refseq_genomes_runlogs/shards/refseq_RefSeq_include_all_refseq_shards_size_1000_268328763/refseq_shards_size_1000/refseq_000200.txt --dehydrated --include all --assembly-source RefSeq --filename /data3/p252701008/refseq_genomes/contexts/refseq_RefSeq_include_all_refseq_shards_size_1000_268328763/dehydrated_links/zips/refseq_000200.zip.partial.20260707T121233Z.4191587 --no-progressbar
[2026-07-07 21:16:09] [INFO] datasets download refseq_000200：第 1/3 次尝试。日志：/data3/p252701008/refseq_genomes_runlogs/logs/refseq_RefSeq_include_all_refseq_shards_size_1000_268328763/datasets_download_refseq_000200_20260707T121233Z.4191587.log.attempt1
[2026-07-07 21:16:26] [INFO] dehydrated 链接包下载完成：/data3/p252701008/refseq_genomes/contexts/refseq_RefSeq_include_all_refseq_shards_size_1000_268328763/dehydrated_links/zips/refseq_000200.zip
[2026-07-07 21:16:26] [INFO] 可用磁盘空间：5920 GB；阈值：2000 GB；路径：/data3/p252701008/refseq_genomes/contexts/refseq_RefSeq_include_all_refseq_shards_size_1000_268328763/dehydrated_links/zips
[2026-07-07 21:16:26] [INFO] 开始下载 dehydrated 链接包：refseq_000201；accession 数：1000
[2026-07-07 21:16:26] [INFO] 命令：datasets download genome accession --inputfile /data3/p252701008/refseq_genomes_runlogs/shards/refseq_RefSeq_include_all_refseq_shards_size_1000_268328763/refseq_shards_size_1000/refseq_000201.txt --dehydrated --include all --assembly-source RefSeq --filename /data3/p252701008/refseq_genomes/contexts/refseq_RefSeq_include_all_refseq_shards_size_1000_268328763/dehydrated_links/zips/refseq_000201.zip.partial.20260707T121233Z.4191587 --no-progressbar
[2026-07-07 21:16:26] [INFO] datasets download refseq_000201：第 1/3 次尝试。日志：/data3/p252701008/refseq_genomes_runlogs/logs/refseq_RefSeq_include_all_refseq_shards_size_1000_268328763/datasets_download_refseq_000201_20260707T121233Z.4191587.log.attempt1
[2026-07-07 21:16:44] [INFO] dehydrated 链接包下载完成：/data3/p252701008/refseq_genomes/contexts/refseq_RefSeq_include_all_refseq_shards_size_1000_268328763/dehydrated_links/zips/refseq_000201.zip
[2026-07-07 21:16:44] [INFO] 可用磁盘空间：5920 GB；阈值：2000 GB；路径：/data3/p252701008/refseq_genomes/contexts/refseq_RefSeq_include_all_refseq_shards_size_1000_268328763/dehydrated_links/zips
[2026-07-07 21:16:44] [INFO] 开始下载 dehydrated 链接包：refseq_000202；accession 数：1000
[2026-07-07 21:16:44] [INFO] 命令：datasets download genome accession --inputfile /data3/p252701008/refseq_genomes_runlogs/shards/refseq_RefSeq_include_all_refseq_shards_size_1000_268328763/refseq_shards_size_1000/refseq_000202.txt --dehydrated --include all --assembly-source RefSeq --filename /data3/p252701008/refseq_genomes/contexts/refseq_RefSeq_include_all_refseq_shards_size_1000_268328763/dehydrated_links/zips/refseq_000202.zip.partial.20260707T121233Z.4191587 --no-progressbar
[2026-07-07 21:16:44] [INFO] datasets download refseq_000202：第 1/3 次尝试。日志：/data3/p252701008/refseq_genomes_runlogs/logs/refseq_RefSeq_include_all_refseq_shards_size_1000_268328763/datasets_download_refseq_000202_20260707T121233Z.4191587.log.attempt1
[2026-07-07 21:17:03] [INFO] dehydrated 链接包下载完成：/data3/p252701008/refseq_genomes/contexts/refseq_RefSeq_include_all_refseq_shards_size_1000_268328763/dehydrated_links/zips/refseq_000202.zip
[2026-07-07 21:17:03] [INFO] 可用磁盘空间：5920 GB；阈值：2000 GB；路径：/data3/p252701008/refseq_genomes/contexts/refseq_RefSeq_include_all_refseq_shards_size_1000_268328763/dehydrated_links/zips
[2026-07-07 21:17:03] [INFO] 开始下载 dehydrated 链接包：refseq_000203；accession 数：1000
[2026-07-07 21:17:03] [INFO] 命令：datasets download genome accession --inputfile /data3/p252701008/refseq_genomes_runlogs/shards/refseq_RefSeq_include_all_refseq_shards_size_1000_268328763/refseq_shards_size_1000/refseq_000203.txt --dehydrated --include all --assembly-source RefSeq --filename /data3/p252701008/refseq_genomes/contexts/refseq_RefSeq_include_all_refseq_shards_size_1000_268328763/dehydrated_links/zips/refseq_000203.zip.partial.20260707T121233Z.4191587 --no-progressbar
[2026-07-07 21:17:03] [INFO] datasets download refseq_000203：第 1/3 次尝试。日志：/data3/p252701008/refseq_genomes_runlogs/logs/refseq_RefSeq_include_all_refseq_shards_size_1000_268328763/datasets_download_refseq_000203_20260707T121233Z.4191587.log.attempt1
[2026-07-07 21:17:23] [INFO] dehydrated 链接包下载完成：/data3/p252701008/refseq_genomes/contexts/refseq_RefSeq_include_all_refseq_shards_size_1000_268328763/dehydrated_links/zips/refseq_000203.zip
[2026-07-07 21:17:23] [INFO] 可用磁盘空间：5920 GB；阈值：2000 GB；路径：/data3/p252701008/refseq_genomes/contexts/refseq_RefSeq_include_all_refseq_shards_size_1000_268328763/dehydrated_links/zips
[2026-07-07 21:17:23] [INFO] 开始下载 dehydrated 链接包：refseq_000204；accession 数：1000
[2026-07-07 21:17:23] [INFO] 命令：datasets download genome accession --inputfile /data3/p252701008/refseq_genomes_runlogs/shards/refseq_RefSeq_include_all_refseq_shards_size_1000_268328763/refseq_shards_size_1000/refseq_000204.txt --dehydrated --include all --assembly-source RefSeq --filename /data3/p252701008/refseq_genomes/contexts/refseq_RefSeq_include_all_refseq_shards_size_1000_268328763/dehydrated_links/zips/refseq_000204.zip.partial.20260707T121233Z.4191587 --no-progressbar
[2026-07-07 21:17:23] [INFO] datasets download refseq_000204：第 1/3 次尝试。日志：/data3/p252701008/refseq_genomes_runlogs/logs/refseq_RefSeq_include_all_refseq_shards_size_1000_268328763/datasets_download_refseq_000204_20260707T121233Z.4191587.log.attempt1
[2026-07-07 21:17:42] [INFO] dehydrated 链接包下载完成：/data3/p252701008/refseq_genomes/contexts/refseq_RefSeq_include_all_refseq_shards_size_1000_268328763/dehydrated_links/zips/refseq_000204.zip
[2026-07-07 21:17:42] [INFO] 可用磁盘空间：5920 GB；阈值：2000 GB；路径：/data3/p252701008/refseq_genomes/contexts/refseq_RefSeq_include_all_refseq_shards_size_1000_268328763/dehydrated_links/zips
[2026-07-07 21:17:42] [INFO] 开始下载 dehydrated 链接包：refseq_000205；accession 数：1000
[2026-07-07 21:17:42] [INFO] 命令：datasets download genome accession --inputfile /data3/p252701008/refseq_genomes_runlogs/shards/refseq_RefSeq_include_all_refseq_shards_size_1000_268328763/refseq_shards_size_1000/refseq_000205.txt --dehydrated --include all --assembly-source RefSeq --filename /data3/p252701008/refseq_genomes/contexts/refseq_RefSeq_include_all_refseq_shards_size_1000_268328763/dehydrated_links/zips/refseq_000205.zip.partial.20260707T121233Z.4191587 --no-progressbar
[2026-07-07 21:17:42] [INFO] datasets download refseq_000205：第 1/3 次尝试。日志：/data3/p252701008/refseq_genomes_runlogs/logs/refseq_RefSeq_include_all_refseq_shards_size_1000_268328763/datasets_download_refseq_000205_20260707T121233Z.4191587.log.attempt1
[2026-07-07 21:18:01] [INFO] dehydrated 链接包下载完成：/data3/p252701008/refseq_genomes/contexts/refseq_RefSeq_include_all_refseq_shards_size_1000_268328763/dehydrated_links/zips/refseq_000205.zip
[2026-07-07 21:18:01] [INFO] 可用磁盘空间：5920 GB；阈值：2000 GB；路径：/data3/p252701008/refseq_genomes/contexts/refseq_RefSeq_include_all_refseq_shards_size_1000_268328763/dehydrated_links/zips
[2026-07-07 21:18:01] [INFO] 开始下载 dehydrated 链接包：refseq_000206；accession 数：1000
[2026-07-07 21:18:01] [INFO] 命令：datasets download genome accession --inputfile /data3/p252701008/refseq_genomes_runlogs/shards/refseq_RefSeq_include_all_refseq_shards_size_1000_268328763/refseq_shards_size_1000/refseq_000206.txt --dehydrated --include all --assembly-source RefSeq --filename /data3/p252701008/refseq_genomes/contexts/refseq_RefSeq_include_all_refseq_shards_size_1000_268328763/dehydrated_links/zips/refseq_000206.zip.partial.20260707T121233Z.4191587 --no-progressbar
[2026-07-07 21:18:01] [INFO] datasets download refseq_000206：第 1/3 次尝试。日志：/data3/p252701008/refseq_genomes_runlogs/logs/refseq_RefSeq_include_all_refseq_shards_size_1000_268328763/datasets_download_refseq_000206_20260707T121233Z.4191587.log.attempt1
[2026-07-07 21:18:22] [INFO] dehydrated 链接包下载完成：/data3/p252701008/refseq_genomes/contexts/refseq_RefSeq_include_all_refseq_shards_size_1000_268328763/dehydrated_links/zips/refseq_000206.zip
[2026-07-07 21:18:22] [INFO] 可用磁盘空间：5920 GB；阈值：2000 GB；路径：/data3/p252701008/refseq_genomes/contexts/refseq_RefSeq_include_all_refseq_shards_size_1000_268328763/dehydrated_links/zips
[2026-07-07 21:18:22] [INFO] 开始下载 dehydrated 链接包：refseq_000207；accession 数：1000
[2026-07-07 21:18:22] [INFO] 命令：datasets download genome accession --inputfile /data3/p252701008/refseq_genomes_runlogs/shards/refseq_RefSeq_include_all_refseq_shards_size_1000_268328763/refseq_shards_size_1000/refseq_000207.txt --dehydrated --include all --assembly-source RefSeq --filename /data3/p252701008/refseq_genomes/contexts/refseq_RefSeq_include_all_refseq_shards_size_1000_268328763/dehydrated_links/zips/refseq_000207.zip.partial.20260707T121233Z.4191587 --no-progressbar
[2026-07-07 21:18:22] [INFO] datasets download refseq_000207：第 1/3 次尝试。日志：/data3/p252701008/refseq_genomes_runlogs/logs/refseq_RefSeq_include_all_refseq_shards_size_1000_268328763/datasets_download_refseq_000207_20260707T121233Z.4191587.log.attempt1
[2026-07-07 21:18:42] [INFO] dehydrated 链接包下载完成：/data3/p252701008/refseq_genomes/contexts/refseq_RefSeq_include_all_refseq_shards_size_1000_268328763/dehydrated_links/zips/refseq_000207.zip
[2026-07-07 21:18:43] [INFO] 可用磁盘空间：5920 GB；阈值：2000 GB；路径：/data3/p252701008/refseq_genomes/contexts/refseq_RefSeq_include_all_refseq_shards_size_1000_268328763/dehydrated_links/zips
[2026-07-07 21:18:43] [INFO] 开始下载 dehydrated 链接包：refseq_000208；accession 数：1000
[2026-07-07 21:18:43] [INFO] 命令：datasets download genome accession --inputfile /data3/p252701008/refseq_genomes_runlogs/shards/refseq_RefSeq_include_all_refseq_shards_size_1000_268328763/refseq_shards_size_1000/refseq_000208.txt --dehydrated --include all --assembly-source RefSeq --filename /data3/p252701008/refseq_genomes/contexts/refseq_RefSeq_include_all_refseq_shards_size_1000_268328763/dehydrated_links/zips/refseq_000208.zip.partial.20260707T121233Z.4191587 --no-progressbar
[2026-07-07 21:18:43] [INFO] datasets download refseq_000208：第 1/3 次尝试。日志：/data3/p252701008/refseq_genomes_runlogs/logs/refseq_RefSeq_include_all_refseq_shards_size_1000_268328763/datasets_download_refseq_000208_20260707T121233Z.4191587.log.attempt1
[2026-07-07 21:19:03] [INFO] dehydrated 链接包下载完成：/data3/p252701008/refseq_genomes/contexts/refseq_RefSeq_include_all_refseq_shards_size_1000_268328763/dehydrated_links/zips/refseq_000208.zip
[2026-07-07 21:19:03] [INFO] 可用磁盘空间：5920 GB；阈值：2000 GB；路径：/data3/p252701008/refseq_genomes/contexts/refseq_RefSeq_include_all_refseq_shards_size_1000_268328763/dehydrated_links/zips
[2026-07-07 21:19:03] [INFO] 开始下载 dehydrated 链接包：refseq_000209；accession 数：1000
[2026-07-07 21:19:03] [INFO] 命令：datasets download genome accession --inputfile /data3/p252701008/refseq_genomes_runlogs/shards/refseq_RefSeq_include_all_refseq_shards_size_1000_268328763/refseq_shards_size_1000/refseq_000209.txt --dehydrated --include all --assembly-source RefSeq --filename /data3/p252701008/refseq_genomes/contexts/refseq_RefSeq_include_all_refseq_shards_size_1000_268328763/dehydrated_links/zips/refseq_000209.zip.partial.20260707T121233Z.4191587 --no-progressbar
[2026-07-07 21:19:03] [INFO] datasets download refseq_000209：第 1/3 次尝试。日志：/data3/p252701008/refseq_genomes_runlogs/logs/refseq_RefSeq_include_all_refseq_shards_size_1000_268328763/datasets_download_refseq_000209_20260707T121233Z.4191587.log.attempt1
[2026-07-07 21:19:23] [INFO] dehydrated 链接包下载完成：/data3/p252701008/refseq_genomes/contexts/refseq_RefSeq_include_all_refseq_shards_size_1000_268328763/dehydrated_links/zips/refseq_000209.zip
[2026-07-07 21:19:23] [INFO] 可用磁盘空间：5920 GB；阈值：2000 GB；路径：/data3/p252701008/refseq_genomes/contexts/refseq_RefSeq_include_all_refseq_shards_size_1000_268328763/dehydrated_links/zips
[2026-07-07 21:19:23] [INFO] 开始下载 dehydrated 链接包：refseq_000210；accession 数：1000
[2026-07-07 21:19:23] [INFO] 命令：datasets download genome accession --inputfile /data3/p252701008/refseq_genomes_runlogs/shards/refseq_RefSeq_include_all_refseq_shards_size_1000_268328763/refseq_shards_size_1000/refseq_000210.txt --dehydrated --include all --assembly-source RefSeq --filename /data3/p252701008/refseq_genomes/contexts/refseq_RefSeq_include_all_refseq_shards_size_1000_268328763/dehydrated_links/zips/refseq_000210.zip.partial.20260707T121233Z.4191587 --no-progressbar
[2026-07-07 21:19:23] [INFO] datasets download refseq_000210：第 1/3 次尝试。日志：/data3/p252701008/refseq_genomes_runlogs/logs/refseq_RefSeq_include_all_refseq_shards_size_1000_268328763/datasets_download_refseq_000210_20260707T121233Z.4191587.log.attempt1
[2026-07-07 21:19:41] [INFO] dehydrated 链接包下载完成：/data3/p252701008/refseq_genomes/contexts/refseq_RefSeq_include_all_refseq_shards_size_1000_268328763/dehydrated_links/zips/refseq_000210.zip
[2026-07-07 21:19:41] [INFO] 可用磁盘空间：5920 GB；阈值：2000 GB；路径：/data3/p252701008/refseq_genomes/contexts/refseq_RefSeq_include_all_refseq_shards_size_1000_268328763/dehydrated_links/zips
[2026-07-07 21:19:41] [INFO] 开始下载 dehydrated 链接包：refseq_000211；accession 数：1000
[2026-07-07 21:19:41] [INFO] 命令：datasets download genome accession --inputfile /data3/p252701008/refseq_genomes_runlogs/shards/refseq_RefSeq_include_all_refseq_shards_size_1000_268328763/refseq_shards_size_1000/refseq_000211.txt --dehydrated --include all --assembly-source RefSeq --filename /data3/p252701008/refseq_genomes/contexts/refseq_RefSeq_include_all_refseq_shards_size_1000_268328763/dehydrated_links/zips/refseq_000211.zip.partial.20260707T121233Z.4191587 --no-progressbar
[2026-07-07 21:19:41] [INFO] datasets download refseq_000211：第 1/3 次尝试。日志：/data3/p252701008/refseq_genomes_runlogs/logs/refseq_RefSeq_include_all_refseq_shards_size_1000_268328763/datasets_download_refseq_000211_20260707T121233Z.4191587.log.attempt1
[2026-07-07 21:19:59] [INFO] dehydrated 链接包下载完成：/data3/p252701008/refseq_genomes/contexts/refseq_RefSeq_include_all_refseq_shards_size_1000_268328763/dehydrated_links/zips/refseq_000211.zip
[2026-07-07 21:19:59] [INFO] 可用磁盘空间：5920 GB；阈值：2000 GB；路径：/data3/p252701008/refseq_genomes/contexts/refseq_RefSeq_include_all_refseq_shards_size_1000_268328763/dehydrated_links/zips
[2026-07-07 21:19:59] [INFO] 开始下载 dehydrated 链接包：refseq_000212；accession 数：1000
[2026-07-07 21:19:59] [INFO] 命令：datasets download genome accession --inputfile /data3/p252701008/refseq_genomes_runlogs/shards/refseq_RefSeq_include_all_refseq_shards_size_1000_268328763/refseq_shards_size_1000/refseq_000212.txt --dehydrated --include all --assembly-source RefSeq --filename /data3/p252701008/refseq_genomes/contexts/refseq_RefSeq_include_all_refseq_shards_size_1000_268328763/dehydrated_links/zips/refseq_000212.zip.partial.20260707T121233Z.4191587 --no-progressbar
[2026-07-07 21:19:59] [INFO] datasets download refseq_000212：第 1/3 次尝试。日志：/data3/p252701008/refseq_genomes_runlogs/logs/refseq_RefSeq_include_all_refseq_shards_size_1000_268328763/datasets_download_refseq_000212_20260707T121233Z.4191587.log.attempt1
[2026-07-07 21:20:15] [INFO] dehydrated 链接包下载完成：/data3/p252701008/refseq_genomes/contexts/refseq_RefSeq_include_all_refseq_shards_size_1000_268328763/dehydrated_links/zips/refseq_000212.zip
[2026-07-07 21:20:15] [INFO] 可用磁盘空间：5920 GB；阈值：2000 GB；路径：/data3/p252701008/refseq_genomes/contexts/refseq_RefSeq_include_all_refseq_shards_size_1000_268328763/dehydrated_links/zips
[2026-07-07 21:20:15] [INFO] 开始下载 dehydrated 链接包：refseq_000213；accession 数：1000
[2026-07-07 21:20:15] [INFO] 命令：datasets download genome accession --inputfile /data3/p252701008/refseq_genomes_runlogs/shards/refseq_RefSeq_include_all_refseq_shards_size_1000_268328763/refseq_shards_size_1000/refseq_000213.txt --dehydrated --include all --assembly-source RefSeq --filename /data3/p252701008/refseq_genomes/contexts/refseq_RefSeq_include_all_refseq_shards_size_1000_268328763/dehydrated_links/zips/refseq_000213.zip.partial.20260707T121233Z.4191587 --no-progressbar
[2026-07-07 21:20:15] [INFO] datasets download refseq_000213：第 1/3 次尝试。日志：/data3/p252701008/refseq_genomes_runlogs/logs/refseq_RefSeq_include_all_refseq_shards_size_1000_268328763/datasets_download_refseq_000213_20260707T121233Z.4191587.log.attempt1
[2026-07-07 21:20:36] [INFO] dehydrated 链接包下载完成：/data3/p252701008/refseq_genomes/contexts/refseq_RefSeq_include_all_refseq_shards_size_1000_268328763/dehydrated_links/zips/refseq_000213.zip
[2026-07-07 21:20:37] [INFO] 可用磁盘空间：5920 GB；阈值：2000 GB；路径：/data3/p252701008/refseq_genomes/contexts/refseq_RefSeq_include_all_refseq_shards_size_1000_268328763/dehydrated_links/zips
[2026-07-07 21:20:37] [INFO] 开始下载 dehydrated 链接包：refseq_000214；accession 数：1000
[2026-07-07 21:20:37] [INFO] 命令：datasets download genome accession --inputfile /data3/p252701008/refseq_genomes_runlogs/shards/refseq_RefSeq_include_all_refseq_shards_size_1000_268328763/refseq_shards_size_1000/refseq_000214.txt --dehydrated --include all --assembly-source RefSeq --filename /data3/p252701008/refseq_genomes/contexts/refseq_RefSeq_include_all_refseq_shards_size_1000_268328763/dehydrated_links/zips/refseq_000214.zip.partial.20260707T121233Z.4191587 --no-progressbar
[2026-07-07 21:20:37] [INFO] datasets download refseq_000214：第 1/3 次尝试。日志：/data3/p252701008/refseq_genomes_runlogs/logs/refseq_RefSeq_include_all_refseq_shards_size_1000_268328763/datasets_download_refseq_000214_20260707T121233Z.4191587.log.attempt1
[2026-07-07 21:20:55] [INFO] dehydrated 链接包下载完成：/data3/p252701008/refseq_genomes/contexts/refseq_RefSeq_include_all_refseq_shards_size_1000_268328763/dehydrated_links/zips/refseq_000214.zip
[2026-07-07 21:20:55] [INFO] 可用磁盘空间：5920 GB；阈值：2000 GB；路径：/data3/p252701008/refseq_genomes/contexts/refseq_RefSeq_include_all_refseq_shards_size_1000_268328763/dehydrated_links/zips
[2026-07-07 21:20:55] [INFO] 开始下载 dehydrated 链接包：refseq_000215；accession 数：1000
[2026-07-07 21:20:55] [INFO] 命令：datasets download genome accession --inputfile /data3/p252701008/refseq_genomes_runlogs/shards/refseq_RefSeq_include_all_refseq_shards_size_1000_268328763/refseq_shards_size_1000/refseq_000215.txt --dehydrated --include all --assembly-source RefSeq --filename /data3/p252701008/refseq_genomes/contexts/refseq_RefSeq_include_all_refseq_shards_size_1000_268328763/dehydrated_links/zips/refseq_000215.zip.partial.20260707T121233Z.4191587 --no-progressbar
[2026-07-07 21:20:55] [INFO] datasets download refseq_000215：第 1/3 次尝试。日志：/data3/p252701008/refseq_genomes_runlogs/logs/refseq_RefSeq_include_all_refseq_shards_size_1000_268328763/datasets_download_refseq_000215_20260707T121233Z.4191587.log.attempt1
[2026-07-07 21:21:12] [INFO] dehydrated 链接包下载完成：/data3/p252701008/refseq_genomes/contexts/refseq_RefSeq_include_all_refseq_shards_size_1000_268328763/dehydrated_links/zips/refseq_000215.zip
[2026-07-07 21:21:12] [INFO] 可用磁盘空间：5920 GB；阈值：2000 GB；路径：/data3/p252701008/refseq_genomes/contexts/refseq_RefSeq_include_all_refseq_shards_size_1000_268328763/dehydrated_links/zips
[2026-07-07 21:21:12] [INFO] 开始下载 dehydrated 链接包：refseq_000216；accession 数：1000
[2026-07-07 21:21:12] [INFO] 命令：datasets download genome accession --inputfile /data3/p252701008/refseq_genomes_runlogs/shards/refseq_RefSeq_include_all_refseq_shards_size_1000_268328763/refseq_shards_size_1000/refseq_000216.txt --dehydrated --include all --assembly-source RefSeq --filename /data3/p252701008/refseq_genomes/contexts/refseq_RefSeq_include_all_refseq_shards_size_1000_268328763/dehydrated_links/zips/refseq_000216.zip.partial.20260707T121233Z.4191587 --no-progressbar
[2026-07-07 21:21:12] [INFO] datasets download refseq_000216：第 1/3 次尝试。日志：/data3/p252701008/refseq_genomes_runlogs/logs/refseq_RefSeq_include_all_refseq_shards_size_1000_268328763/datasets_download_refseq_000216_20260707T121233Z.4191587.log.attempt1
[2026-07-07 21:21:29] [INFO] dehydrated 链接包下载完成：/data3/p252701008/refseq_genomes/contexts/refseq_RefSeq_include_all_refseq_shards_size_1000_268328763/dehydrated_links/zips/refseq_000216.zip
[2026-07-07 21:21:29] [INFO] 可用磁盘空间：5920 GB；阈值：2000 GB；路径：/data3/p252701008/refseq_genomes/contexts/refseq_RefSeq_include_all_refseq_shards_size_1000_268328763/dehydrated_links/zips
[2026-07-07 21:21:29] [INFO] 开始下载 dehydrated 链接包：refseq_000217；accession 数：1000
[2026-07-07 21:21:29] [INFO] 命令：datasets download genome accession --inputfile /data3/p252701008/refseq_genomes_runlogs/shards/refseq_RefSeq_include_all_refseq_shards_size_1000_268328763/refseq_shards_size_1000/refseq_000217.txt --dehydrated --include all --assembly-source RefSeq --filename /data3/p252701008/refseq_genomes/contexts/refseq_RefSeq_include_all_refseq_shards_size_1000_268328763/dehydrated_links/zips/refseq_000217.zip.partial.20260707T121233Z.4191587 --no-progressbar
[2026-07-07 21:21:29] [INFO] datasets download refseq_000217：第 1/3 次尝试。日志：/data3/p252701008/refseq_genomes_runlogs/logs/refseq_RefSeq_include_all_refseq_shards_size_1000_268328763/datasets_download_refseq_000217_20260707T121233Z.4191587.log.attempt1
[2026-07-07 21:21:48] [INFO] dehydrated 链接包下载完成：/data3/p252701008/refseq_genomes/contexts/refseq_RefSeq_include_all_refseq_shards_size_1000_268328763/dehydrated_links/zips/refseq_000217.zip
[2026-07-07 21:21:48] [INFO] 可用磁盘空间：5920 GB；阈值：2000 GB；路径：/data3/p252701008/refseq_genomes/contexts/refseq_RefSeq_include_all_refseq_shards_size_1000_268328763/dehydrated_links/zips
[2026-07-07 21:21:48] [INFO] 开始下载 dehydrated 链接包：refseq_000218；accession 数：1000
[2026-07-07 21:21:48] [INFO] 命令：datasets download genome accession --inputfile /data3/p252701008/refseq_genomes_runlogs/shards/refseq_RefSeq_include_all_refseq_shards_size_1000_268328763/refseq_shards_size_1000/refseq_000218.txt --dehydrated --include all --assembly-source RefSeq --filename /data3/p252701008/refseq_genomes/contexts/refseq_RefSeq_include_all_refseq_shards_size_1000_268328763/dehydrated_links/zips/refseq_000218.zip.partial.20260707T121233Z.4191587 --no-progressbar
[2026-07-07 21:21:48] [INFO] datasets download refseq_000218：第 1/3 次尝试。日志：/data3/p252701008/refseq_genomes_runlogs/logs/refseq_RefSeq_include_all_refseq_shards_size_1000_268328763/datasets_download_refseq_000218_20260707T121233Z.4191587.log.attempt1
[2026-07-07 21:22:06] [INFO] dehydrated 链接包下载完成：/data3/p252701008/refseq_genomes/contexts/refseq_RefSeq_include_all_refseq_shards_size_1000_268328763/dehydrated_links/zips/refseq_000218.zip
[2026-07-07 21:22:06] [INFO] 可用磁盘空间：5920 GB；阈值：2000 GB；路径：/data3/p252701008/refseq_genomes/contexts/refseq_RefSeq_include_all_refseq_shards_size_1000_268328763/dehydrated_links/zips
[2026-07-07 21:22:06] [INFO] 开始下载 dehydrated 链接包：refseq_000219；accession 数：1000
[2026-07-07 21:22:06] [INFO] 命令：datasets download genome accession --inputfile /data3/p252701008/refseq_genomes_runlogs/shards/refseq_RefSeq_include_all_refseq_shards_size_1000_268328763/refseq_shards_size_1000/refseq_000219.txt --dehydrated --include all --assembly-source RefSeq --filename /data3/p252701008/refseq_genomes/contexts/refseq_RefSeq_include_all_refseq_shards_size_1000_268328763/dehydrated_links/zips/refseq_000219.zip.partial.20260707T121233Z.4191587 --no-progressbar
[2026-07-07 21:22:06] [INFO] datasets download refseq_000219：第 1/3 次尝试。日志：/data3/p252701008/refseq_genomes_runlogs/logs/refseq_RefSeq_include_all_refseq_shards_size_1000_268328763/datasets_download_refseq_000219_20260707T121233Z.4191587.log.attempt1
[2026-07-07 21:22:23] [INFO] dehydrated 链接包下载完成：/data3/p252701008/refseq_genomes/contexts/refseq_RefSeq_include_all_refseq_shards_size_1000_268328763/dehydrated_links/zips/refseq_000219.zip
[2026-07-07 21:22:23] [INFO] 可用磁盘空间：5920 GB；阈值：2000 GB；路径：/data3/p252701008/refseq_genomes/contexts/refseq_RefSeq_include_all_refseq_shards_size_1000_268328763/dehydrated_links/zips
[2026-07-07 21:22:23] [INFO] 开始下载 dehydrated 链接包：refseq_000220；accession 数：1000
[2026-07-07 21:22:23] [INFO] 命令：datasets download genome accession --inputfile /data3/p252701008/refseq_genomes_runlogs/shards/refseq_RefSeq_include_all_refseq_shards_size_1000_268328763/refseq_shards_size_1000/refseq_000220.txt --dehydrated --include all --assembly-source RefSeq --filename /data3/p252701008/refseq_genomes/contexts/refseq_RefSeq_include_all_refseq_shards_size_1000_268328763/dehydrated_links/zips/refseq_000220.zip.partial.20260707T121233Z.4191587 --no-progressbar
[2026-07-07 21:22:23] [INFO] datasets download refseq_000220：第 1/3 次尝试。日志：/data3/p252701008/refseq_genomes_runlogs/logs/refseq_RefSeq_include_all_refseq_shards_size_1000_268328763/datasets_download_refseq_000220_20260707T121233Z.4191587.log.attempt1
[2026-07-07 21:22:41] [INFO] dehydrated 链接包下载完成：/data3/p252701008/refseq_genomes/contexts/refseq_RefSeq_include_all_refseq_shards_size_1000_268328763/dehydrated_links/zips/refseq_000220.zip
[2026-07-07 21:22:41] [INFO] 可用磁盘空间：5920 GB；阈值：2000 GB；路径：/data3/p252701008/refseq_genomes/contexts/refseq_RefSeq_include_all_refseq_shards_size_1000_268328763/dehydrated_links/zips
[2026-07-07 21:22:41] [INFO] 开始下载 dehydrated 链接包：refseq_000221；accession 数：1000
[2026-07-07 21:22:41] [INFO] 命令：datasets download genome accession --inputfile /data3/p252701008/refseq_genomes_runlogs/shards/refseq_RefSeq_include_all_refseq_shards_size_1000_268328763/refseq_shards_size_1000/refseq_000221.txt --dehydrated --include all --assembly-source RefSeq --filename /data3/p252701008/refseq_genomes/contexts/refseq_RefSeq_include_all_refseq_shards_size_1000_268328763/dehydrated_links/zips/refseq_000221.zip.partial.20260707T121233Z.4191587 --no-progressbar
[2026-07-07 21:22:41] [INFO] datasets download refseq_000221：第 1/3 次尝试。日志：/data3/p252701008/refseq_genomes_runlogs/logs/refseq_RefSeq_include_all_refseq_shards_size_1000_268328763/datasets_download_refseq_000221_20260707T121233Z.4191587.log.attempt1
[2026-07-07 21:23:01] [INFO] dehydrated 链接包下载完成：/data3/p252701008/refseq_genomes/contexts/refseq_RefSeq_include_all_refseq_shards_size_1000_268328763/dehydrated_links/zips/refseq_000221.zip
[2026-07-07 21:23:01] [INFO] 可用磁盘空间：5920 GB；阈值：2000 GB；路径：/data3/p252701008/refseq_genomes/contexts/refseq_RefSeq_include_all_refseq_shards_size_1000_268328763/dehydrated_links/zips
[2026-07-07 21:23:01] [INFO] 开始下载 dehydrated 链接包：refseq_000222；accession 数：1000
[2026-07-07 21:23:01] [INFO] 命令：datasets download genome accession --inputfile /data3/p252701008/refseq_genomes_runlogs/shards/refseq_RefSeq_include_all_refseq_shards_size_1000_268328763/refseq_shards_size_1000/refseq_000222.txt --dehydrated --include all --assembly-source RefSeq --filename /data3/p252701008/refseq_genomes/contexts/refseq_RefSeq_include_all_refseq_shards_size_1000_268328763/dehydrated_links/zips/refseq_000222.zip.partial.20260707T121233Z.4191587 --no-progressbar
[2026-07-07 21:23:01] [INFO] datasets download refseq_000222：第 1/3 次尝试。日志：/data3/p252701008/refseq_genomes_runlogs/logs/refseq_RefSeq_include_all_refseq_shards_size_1000_268328763/datasets_download_refseq_000222_20260707T121233Z.4191587.log.attempt1
[2026-07-07 21:23:19] [INFO] dehydrated 链接包下载完成：/data3/p252701008/refseq_genomes/contexts/refseq_RefSeq_include_all_refseq_shards_size_1000_268328763/dehydrated_links/zips/refseq_000222.zip
[2026-07-07 21:23:19] [INFO] 可用磁盘空间：5920 GB；阈值：2000 GB；路径：/data3/p252701008/refseq_genomes/contexts/refseq_RefSeq_include_all_refseq_shards_size_1000_268328763/dehydrated_links/zips
[2026-07-07 21:23:19] [INFO] 开始下载 dehydrated 链接包：refseq_000223；accession 数：1000
[2026-07-07 21:23:19] [INFO] 命令：datasets download genome accession --inputfile /data3/p252701008/refseq_genomes_runlogs/shards/refseq_RefSeq_include_all_refseq_shards_size_1000_268328763/refseq_shards_size_1000/refseq_000223.txt --dehydrated --include all --assembly-source RefSeq --filename /data3/p252701008/refseq_genomes/contexts/refseq_RefSeq_include_all_refseq_shards_size_1000_268328763/dehydrated_links/zips/refseq_000223.zip.partial.20260707T121233Z.4191587 --no-progressbar
[2026-07-07 21:23:19] [INFO] datasets download refseq_000223：第 1/3 次尝试。日志：/data3/p252701008/refseq_genomes_runlogs/logs/refseq_RefSeq_include_all_refseq_shards_size_1000_268328763/datasets_download_refseq_000223_20260707T121233Z.4191587.log.attempt1
[2026-07-07 21:23:35] [INFO] dehydrated 链接包下载完成：/data3/p252701008/refseq_genomes/contexts/refseq_RefSeq_include_all_refseq_shards_size_1000_268328763/dehydrated_links/zips/refseq_000223.zip
[2026-07-07 21:23:35] [INFO] 可用磁盘空间：5920 GB；阈值：2000 GB；路径：/data3/p252701008/refseq_genomes/contexts/refseq_RefSeq_include_all_refseq_shards_size_1000_268328763/dehydrated_links/zips
[2026-07-07 21:23:35] [INFO] 开始下载 dehydrated 链接包：refseq_000224；accession 数：1000
[2026-07-07 21:23:35] [INFO] 命令：datasets download genome accession --inputfile /data3/p252701008/refseq_genomes_runlogs/shards/refseq_RefSeq_include_all_refseq_shards_size_1000_268328763/refseq_shards_size_1000/refseq_000224.txt --dehydrated --include all --assembly-source RefSeq --filename /data3/p252701008/refseq_genomes/contexts/refseq_RefSeq_include_all_refseq_shards_size_1000_268328763/dehydrated_links/zips/refseq_000224.zip.partial.20260707T121233Z.4191587 --no-progressbar
[2026-07-07 21:23:35] [INFO] datasets download refseq_000224：第 1/3 次尝试。日志：/data3/p252701008/refseq_genomes_runlogs/logs/refseq_RefSeq_include_all_refseq_shards_size_1000_268328763/datasets_download_refseq_000224_20260707T121233Z.4191587.log.attempt1
[2026-07-07 21:23:53] [INFO] dehydrated 链接包下载完成：/data3/p252701008/refseq_genomes/contexts/refseq_RefSeq_include_all_refseq_shards_size_1000_268328763/dehydrated_links/zips/refseq_000224.zip
[2026-07-07 21:23:53] [INFO] 可用磁盘空间：5920 GB；阈值：2000 GB；路径：/data3/p252701008/refseq_genomes/contexts/refseq_RefSeq_include_all_refseq_shards_size_1000_268328763/dehydrated_links/zips
[2026-07-07 21:23:53] [INFO] 开始下载 dehydrated 链接包：refseq_000225；accession 数：1000
[2026-07-07 21:23:53] [INFO] 命令：datasets download genome accession --inputfile /data3/p252701008/refseq_genomes_runlogs/shards/refseq_RefSeq_include_all_refseq_shards_size_1000_268328763/refseq_shards_size_1000/refseq_000225.txt --dehydrated --include all --assembly-source RefSeq --filename /data3/p252701008/refseq_genomes/contexts/refseq_RefSeq_include_all_refseq_shards_size_1000_268328763/dehydrated_links/zips/refseq_000225.zip.partial.20260707T121233Z.4191587 --no-progressbar
[2026-07-07 21:23:53] [INFO] datasets download refseq_000225：第 1/3 次尝试。日志：/data3/p252701008/refseq_genomes_runlogs/logs/refseq_RefSeq_include_all_refseq_shards_size_1000_268328763/datasets_download_refseq_000225_20260707T121233Z.4191587.log.attempt1
[2026-07-07 21:24:10] [INFO] dehydrated 链接包下载完成：/data3/p252701008/refseq_genomes/contexts/refseq_RefSeq_include_all_refseq_shards_size_1000_268328763/dehydrated_links/zips/refseq_000225.zip
[2026-07-07 21:24:10] [INFO] 可用磁盘空间：5920 GB；阈值：2000 GB；路径：/data3/p252701008/refseq_genomes/contexts/refseq_RefSeq_include_all_refseq_shards_size_1000_268328763/dehydrated_links/zips
[2026-07-07 21:24:10] [INFO] 开始下载 dehydrated 链接包：refseq_000226；accession 数：1000
[2026-07-07 21:24:10] [INFO] 命令：datasets download genome accession --inputfile /data3/p252701008/refseq_genomes_runlogs/shards/refseq_RefSeq_include_all_refseq_shards_size_1000_268328763/refseq_shards_size_1000/refseq_000226.txt --dehydrated --include all --assembly-source RefSeq --filename /data3/p252701008/refseq_genomes/contexts/refseq_RefSeq_include_all_refseq_shards_size_1000_268328763/dehydrated_links/zips/refseq_000226.zip.partial.20260707T121233Z.4191587 --no-progressbar
[2026-07-07 21:24:10] [INFO] datasets download refseq_000226：第 1/3 次尝试。日志：/data3/p252701008/refseq_genomes_runlogs/logs/refseq_RefSeq_include_all_refseq_shards_size_1000_268328763/datasets_download_refseq_000226_20260707T121233Z.4191587.log.attempt1
[2026-07-07 21:24:29] [INFO] dehydrated 链接包下载完成：/data3/p252701008/refseq_genomes/contexts/refseq_RefSeq_include_all_refseq_shards_size_1000_268328763/dehydrated_links/zips/refseq_000226.zip
[2026-07-07 21:24:29] [INFO] 可用磁盘空间：5920 GB；阈值：2000 GB；路径：/data3/p252701008/refseq_genomes/contexts/refseq_RefSeq_include_all_refseq_shards_size_1000_268328763/dehydrated_links/zips
[2026-07-07 21:24:29] [INFO] 开始下载 dehydrated 链接包：refseq_000227；accession 数：1000
[2026-07-07 21:24:29] [INFO] 命令：datasets download genome accession --inputfile /data3/p252701008/refseq_genomes_runlogs/shards/refseq_RefSeq_include_all_refseq_shards_size_1000_268328763/refseq_shards_size_1000/refseq_000227.txt --dehydrated --include all --assembly-source RefSeq --filename /data3/p252701008/refseq_genomes/contexts/refseq_RefSeq_include_all_refseq_shards_size_1000_268328763/dehydrated_links/zips/refseq_000227.zip.partial.20260707T121233Z.4191587 --no-progressbar
[2026-07-07 21:24:29] [INFO] datasets download refseq_000227：第 1/3 次尝试。日志：/data3/p252701008/refseq_genomes_runlogs/logs/refseq_RefSeq_include_all_refseq_shards_size_1000_268328763/datasets_download_refseq_000227_20260707T121233Z.4191587.log.attempt1
[2026-07-07 21:24:48] [INFO] dehydrated 链接包下载完成：/data3/p252701008/refseq_genomes/contexts/refseq_RefSeq_include_all_refseq_shards_size_1000_268328763/dehydrated_links/zips/refseq_000227.zip
[2026-07-07 21:24:48] [INFO] 可用磁盘空间：5920 GB；阈值：2000 GB；路径：/data3/p252701008/refseq_genomes/contexts/refseq_RefSeq_include_all_refseq_shards_size_1000_268328763/dehydrated_links/zips
[2026-07-07 21:24:48] [INFO] 开始下载 dehydrated 链接包：refseq_000228；accession 数：1000
[2026-07-07 21:24:48] [INFO] 命令：datasets download genome accession --inputfile /data3/p252701008/refseq_genomes_runlogs/shards/refseq_RefSeq_include_all_refseq_shards_size_1000_268328763/refseq_shards_size_1000/refseq_000228.txt --dehydrated --include all --assembly-source RefSeq --filename /data3/p252701008/refseq_genomes/contexts/refseq_RefSeq_include_all_refseq_shards_size_1000_268328763/dehydrated_links/zips/refseq_000228.zip.partial.20260707T121233Z.4191587 --no-progressbar
[2026-07-07 21:24:48] [INFO] datasets download refseq_000228：第 1/3 次尝试。日志：/data3/p252701008/refseq_genomes_runlogs/logs/refseq_RefSeq_include_all_refseq_shards_size_1000_268328763/datasets_download_refseq_000228_20260707T121233Z.4191587.log.attempt1
[2026-07-07 21:25:07] [INFO] dehydrated 链接包下载完成：/data3/p252701008/refseq_genomes/contexts/refseq_RefSeq_include_all_refseq_shards_size_1000_268328763/dehydrated_links/zips/refseq_000228.zip
[2026-07-07 21:25:07] [INFO] 可用磁盘空间：5920 GB；阈值：2000 GB；路径：/data3/p252701008/refseq_genomes/contexts/refseq_RefSeq_include_all_refseq_shards_size_1000_268328763/dehydrated_links/zips
[2026-07-07 21:25:07] [INFO] 开始下载 dehydrated 链接包：refseq_000229；accession 数：1000
[2026-07-07 21:25:07] [INFO] 命令：datasets download genome accession --inputfile /data3/p252701008/refseq_genomes_runlogs/shards/refseq_RefSeq_include_all_refseq_shards_size_1000_268328763/refseq_shards_size_1000/refseq_000229.txt --dehydrated --include all --assembly-source RefSeq --filename /data3/p252701008/refseq_genomes/contexts/refseq_RefSeq_include_all_refseq_shards_size_1000_268328763/dehydrated_links/zips/refseq_000229.zip.partial.20260707T121233Z.4191587 --no-progressbar
[2026-07-07 21:25:07] [INFO] datasets download refseq_000229：第 1/3 次尝试。日志：/data3/p252701008/refseq_genomes_runlogs/logs/refseq_RefSeq_include_all_refseq_shards_size_1000_268328763/datasets_download_refseq_000229_20260707T121233Z.4191587.log.attempt1
[2026-07-07 21:25:25] [INFO] dehydrated 链接包下载完成：/data3/p252701008/refseq_genomes/contexts/refseq_RefSeq_include_all_refseq_shards_size_1000_268328763/dehydrated_links/zips/refseq_000229.zip
[2026-07-07 21:25:25] [INFO] 可用磁盘空间：5920 GB；阈值：2000 GB；路径：/data3/p252701008/refseq_genomes/contexts/refseq_RefSeq_include_all_refseq_shards_size_1000_268328763/dehydrated_links/zips
[2026-07-07 21:25:25] [INFO] 开始下载 dehydrated 链接包：refseq_000230；accession 数：1000
[2026-07-07 21:25:25] [INFO] 命令：datasets download genome accession --inputfile /data3/p252701008/refseq_genomes_runlogs/shards/refseq_RefSeq_include_all_refseq_shards_size_1000_268328763/refseq_shards_size_1000/refseq_000230.txt --dehydrated --include all --assembly-source RefSeq --filename /data3/p252701008/refseq_genomes/contexts/refseq_RefSeq_include_all_refseq_shards_size_1000_268328763/dehydrated_links/zips/refseq_000230.zip.partial.20260707T121233Z.4191587 --no-progressbar
[2026-07-07 21:25:25] [INFO] datasets download refseq_000230：第 1/3 次尝试。日志：/data3/p252701008/refseq_genomes_runlogs/logs/refseq_RefSeq_include_all_refseq_shards_size_1000_268328763/datasets_download_refseq_000230_20260707T121233Z.4191587.log.attempt1
[2026-07-07 21:25:42] [INFO] dehydrated 链接包下载完成：/data3/p252701008/refseq_genomes/contexts/refseq_RefSeq_include_all_refseq_shards_size_1000_268328763/dehydrated_links/zips/refseq_000230.zip
[2026-07-07 21:25:42] [INFO] 可用磁盘空间：5920 GB；阈值：2000 GB；路径：/data3/p252701008/refseq_genomes/contexts/refseq_RefSeq_include_all_refseq_shards_size_1000_268328763/dehydrated_links/zips
[2026-07-07 21:25:42] [INFO] 开始下载 dehydrated 链接包：refseq_000231；accession 数：1000
[2026-07-07 21:25:42] [INFO] 命令：datasets download genome accession --inputfile /data3/p252701008/refseq_genomes_runlogs/shards/refseq_RefSeq_include_all_refseq_shards_size_1000_268328763/refseq_shards_size_1000/refseq_000231.txt --dehydrated --include all --assembly-source RefSeq --filename /data3/p252701008/refseq_genomes/contexts/refseq_RefSeq_include_all_refseq_shards_size_1000_268328763/dehydrated_links/zips/refseq_000231.zip.partial.20260707T121233Z.4191587 --no-progressbar
[2026-07-07 21:25:42] [INFO] datasets download refseq_000231：第 1/3 次尝试。日志：/data3/p252701008/refseq_genomes_runlogs/logs/refseq_RefSeq_include_all_refseq_shards_size_1000_268328763/datasets_download_refseq_000231_20260707T121233Z.4191587.log.attempt1
[2026-07-07 21:26:00] [INFO] dehydrated 链接包下载完成：/data3/p252701008/refseq_genomes/contexts/refseq_RefSeq_include_all_refseq_shards_size_1000_268328763/dehydrated_links/zips/refseq_000231.zip
[2026-07-07 21:26:00] [INFO] 可用磁盘空间：5920 GB；阈值：2000 GB；路径：/data3/p252701008/refseq_genomes/contexts/refseq_RefSeq_include_all_refseq_shards_size_1000_268328763/dehydrated_links/zips
[2026-07-07 21:26:00] [INFO] 开始下载 dehydrated 链接包：refseq_000232；accession 数：1000
[2026-07-07 21:26:00] [INFO] 命令：datasets download genome accession --inputfile /data3/p252701008/refseq_genomes_runlogs/shards/refseq_RefSeq_include_all_refseq_shards_size_1000_268328763/refseq_shards_size_1000/refseq_000232.txt --dehydrated --include all --assembly-source RefSeq --filename /data3/p252701008/refseq_genomes/contexts/refseq_RefSeq_include_all_refseq_shards_size_1000_268328763/dehydrated_links/zips/refseq_000232.zip.partial.20260707T121233Z.4191587 --no-progressbar
[2026-07-07 21:26:00] [INFO] datasets download refseq_000232：第 1/3 次尝试。日志：/data3/p252701008/refseq_genomes_runlogs/logs/refseq_RefSeq_include_all_refseq_shards_size_1000_268328763/datasets_download_refseq_000232_20260707T121233Z.4191587.log.attempt1
[2026-07-07 21:26:20] [INFO] dehydrated 链接包下载完成：/data3/p252701008/refseq_genomes/contexts/refseq_RefSeq_include_all_refseq_shards_size_1000_268328763/dehydrated_links/zips/refseq_000232.zip
[2026-07-07 21:26:20] [INFO] 可用磁盘空间：5920 GB；阈值：2000 GB；路径：/data3/p252701008/refseq_genomes/contexts/refseq_RefSeq_include_all_refseq_shards_size_1000_268328763/dehydrated_links/zips
[2026-07-07 21:26:20] [INFO] 开始下载 dehydrated 链接包：refseq_000233；accession 数：1000
[2026-07-07 21:26:20] [INFO] 命令：datasets download genome accession --inputfile /data3/p252701008/refseq_genomes_runlogs/shards/refseq_RefSeq_include_all_refseq_shards_size_1000_268328763/refseq_shards_size_1000/refseq_000233.txt --dehydrated --include all --assembly-source RefSeq --filename /data3/p252701008/refseq_genomes/contexts/refseq_RefSeq_include_all_refseq_shards_size_1000_268328763/dehydrated_links/zips/refseq_000233.zip.partial.20260707T121233Z.4191587 --no-progressbar
[2026-07-07 21:26:20] [INFO] datasets download refseq_000233：第 1/3 次尝试。日志：/data3/p252701008/refseq_genomes_runlogs/logs/refseq_RefSeq_include_all_refseq_shards_size_1000_268328763/datasets_download_refseq_000233_20260707T121233Z.4191587.log.attempt1
[2026-07-07 21:26:40] [INFO] dehydrated 链接包下载完成：/data3/p252701008/refseq_genomes/contexts/refseq_RefSeq_include_all_refseq_shards_size_1000_268328763/dehydrated_links/zips/refseq_000233.zip
[2026-07-07 21:26:40] [INFO] 可用磁盘空间：5920 GB；阈值：2000 GB；路径：/data3/p252701008/refseq_genomes/contexts/refseq_RefSeq_include_all_refseq_shards_size_1000_268328763/dehydrated_links/zips
[2026-07-07 21:26:40] [INFO] 开始下载 dehydrated 链接包：refseq_000234；accession 数：1000
[2026-07-07 21:26:40] [INFO] 命令：datasets download genome accession --inputfile /data3/p252701008/refseq_genomes_runlogs/shards/refseq_RefSeq_include_all_refseq_shards_size_1000_268328763/refseq_shards_size_1000/refseq_000234.txt --dehydrated --include all --assembly-source RefSeq --filename /data3/p252701008/refseq_genomes/contexts/refseq_RefSeq_include_all_refseq_shards_size_1000_268328763/dehydrated_links/zips/refseq_000234.zip.partial.20260707T121233Z.4191587 --no-progressbar
[2026-07-07 21:26:40] [INFO] datasets download refseq_000234：第 1/3 次尝试。日志：/data3/p252701008/refseq_genomes_runlogs/logs/refseq_RefSeq_include_all_refseq_shards_size_1000_268328763/datasets_download_refseq_000234_20260707T121233Z.4191587.log.attempt1
[2026-07-07 21:26:59] [INFO] dehydrated 链接包下载完成：/data3/p252701008/refseq_genomes/contexts/refseq_RefSeq_include_all_refseq_shards_size_1000_268328763/dehydrated_links/zips/refseq_000234.zip
[2026-07-07 21:26:59] [INFO] 可用磁盘空间：5920 GB；阈值：2000 GB；路径：/data3/p252701008/refseq_genomes/contexts/refseq_RefSeq_include_all_refseq_shards_size_1000_268328763/dehydrated_links/zips
[2026-07-07 21:26:59] [INFO] 开始下载 dehydrated 链接包：refseq_000235；accession 数：1000
[2026-07-07 21:26:59] [INFO] 命令：datasets download genome accession --inputfile /data3/p252701008/refseq_genomes_runlogs/shards/refseq_RefSeq_include_all_refseq_shards_size_1000_268328763/refseq_shards_size_1000/refseq_000235.txt --dehydrated --include all --assembly-source RefSeq --filename /data3/p252701008/refseq_genomes/contexts/refseq_RefSeq_include_all_refseq_shards_size_1000_268328763/dehydrated_links/zips/refseq_000235.zip.partial.20260707T121233Z.4191587 --no-progressbar
[2026-07-07 21:26:59] [INFO] datasets download refseq_000235：第 1/3 次尝试。日志：/data3/p252701008/refseq_genomes_runlogs/logs/refseq_RefSeq_include_all_refseq_shards_size_1000_268328763/datasets_download_refseq_000235_20260707T121233Z.4191587.log.attempt1
[2026-07-07 21:27:20] [INFO] dehydrated 链接包下载完成：/data3/p252701008/refseq_genomes/contexts/refseq_RefSeq_include_all_refseq_shards_size_1000_268328763/dehydrated_links/zips/refseq_000235.zip
[2026-07-07 21:27:20] [INFO] 可用磁盘空间：5920 GB；阈值：2000 GB；路径：/data3/p252701008/refseq_genomes/contexts/refseq_RefSeq_include_all_refseq_shards_size_1000_268328763/dehydrated_links/zips
[2026-07-07 21:27:20] [INFO] 开始下载 dehydrated 链接包：refseq_000236；accession 数：1000
[2026-07-07 21:27:20] [INFO] 命令：datasets download genome accession --inputfile /data3/p252701008/refseq_genomes_runlogs/shards/refseq_RefSeq_include_all_refseq_shards_size_1000_268328763/refseq_shards_size_1000/refseq_000236.txt --dehydrated --include all --assembly-source RefSeq --filename /data3/p252701008/refseq_genomes/contexts/refseq_RefSeq_include_all_refseq_shards_size_1000_268328763/dehydrated_links/zips/refseq_000236.zip.partial.20260707T121233Z.4191587 --no-progressbar
[2026-07-07 21:27:20] [INFO] datasets download refseq_000236：第 1/3 次尝试。日志：/data3/p252701008/refseq_genomes_runlogs/logs/refseq_RefSeq_include_all_refseq_shards_size_1000_268328763/datasets_download_refseq_000236_20260707T121233Z.4191587.log.attempt1
[2026-07-07 21:27:38] [INFO] dehydrated 链接包下载完成：/data3/p252701008/refseq_genomes/contexts/refseq_RefSeq_include_all_refseq_shards_size_1000_268328763/dehydrated_links/zips/refseq_000236.zip
[2026-07-07 21:27:38] [INFO] 可用磁盘空间：5920 GB；阈值：2000 GB；路径：/data3/p252701008/refseq_genomes/contexts/refseq_RefSeq_include_all_refseq_shards_size_1000_268328763/dehydrated_links/zips
[2026-07-07 21:27:38] [INFO] 开始下载 dehydrated 链接包：refseq_000237；accession 数：1000
[2026-07-07 21:27:38] [INFO] 命令：datasets download genome accession --inputfile /data3/p252701008/refseq_genomes_runlogs/shards/refseq_RefSeq_include_all_refseq_shards_size_1000_268328763/refseq_shards_size_1000/refseq_000237.txt --dehydrated --include all --assembly-source RefSeq --filename /data3/p252701008/refseq_genomes/contexts/refseq_RefSeq_include_all_refseq_shards_size_1000_268328763/dehydrated_links/zips/refseq_000237.zip.partial.20260707T121233Z.4191587 --no-progressbar
[2026-07-07 21:27:38] [INFO] datasets download refseq_000237：第 1/3 次尝试。日志：/data3/p252701008/refseq_genomes_runlogs/logs/refseq_RefSeq_include_all_refseq_shards_size_1000_268328763/datasets_download_refseq_000237_20260707T121233Z.4191587.log.attempt1
[2026-07-07 21:27:58] [INFO] dehydrated 链接包下载完成：/data3/p252701008/refseq_genomes/contexts/refseq_RefSeq_include_all_refseq_shards_size_1000_268328763/dehydrated_links/zips/refseq_000237.zip
[2026-07-07 21:27:58] [INFO] 可用磁盘空间：5920 GB；阈值：2000 GB；路径：/data3/p252701008/refseq_genomes/contexts/refseq_RefSeq_include_all_refseq_shards_size_1000_268328763/dehydrated_links/zips
[2026-07-07 21:27:58] [INFO] 开始下载 dehydrated 链接包：refseq_000238；accession 数：1000
[2026-07-07 21:27:58] [INFO] 命令：datasets download genome accession --inputfile /data3/p252701008/refseq_genomes_runlogs/shards/refseq_RefSeq_include_all_refseq_shards_size_1000_268328763/refseq_shards_size_1000/refseq_000238.txt --dehydrated --include all --assembly-source RefSeq --filename /data3/p252701008/refseq_genomes/contexts/refseq_RefSeq_include_all_refseq_shards_size_1000_268328763/dehydrated_links/zips/refseq_000238.zip.partial.20260707T121233Z.4191587 --no-progressbar
[2026-07-07 21:27:58] [INFO] datasets download refseq_000238：第 1/3 次尝试。日志：/data3/p252701008/refseq_genomes_runlogs/logs/refseq_RefSeq_include_all_refseq_shards_size_1000_268328763/datasets_download_refseq_000238_20260707T121233Z.4191587.log.attempt1
[2026-07-07 21:28:17] [INFO] dehydrated 链接包下载完成：/data3/p252701008/refseq_genomes/contexts/refseq_RefSeq_include_all_refseq_shards_size_1000_268328763/dehydrated_links/zips/refseq_000238.zip
[2026-07-07 21:28:17] [INFO] 可用磁盘空间：5920 GB；阈值：2000 GB；路径：/data3/p252701008/refseq_genomes/contexts/refseq_RefSeq_include_all_refseq_shards_size_1000_268328763/dehydrated_links/zips
[2026-07-07 21:28:17] [INFO] 开始下载 dehydrated 链接包：refseq_000239；accession 数：1000
[2026-07-07 21:28:17] [INFO] 命令：datasets download genome accession --inputfile /data3/p252701008/refseq_genomes_runlogs/shards/refseq_RefSeq_include_all_refseq_shards_size_1000_268328763/refseq_shards_size_1000/refseq_000239.txt --dehydrated --include all --assembly-source RefSeq --filename /data3/p252701008/refseq_genomes/contexts/refseq_RefSeq_include_all_refseq_shards_size_1000_268328763/dehydrated_links/zips/refseq_000239.zip.partial.20260707T121233Z.4191587 --no-progressbar
[2026-07-07 21:28:17] [INFO] datasets download refseq_000239：第 1/3 次尝试。日志：/data3/p252701008/refseq_genomes_runlogs/logs/refseq_RefSeq_include_all_refseq_shards_size_1000_268328763/datasets_download_refseq_000239_20260707T121233Z.4191587.log.attempt1
[2026-07-07 21:28:34] [INFO] dehydrated 链接包下载完成：/data3/p252701008/refseq_genomes/contexts/refseq_RefSeq_include_all_refseq_shards_size_1000_268328763/dehydrated_links/zips/refseq_000239.zip
[2026-07-07 21:28:34] [INFO] 可用磁盘空间：5920 GB；阈值：2000 GB；路径：/data3/p252701008/refseq_genomes/contexts/refseq_RefSeq_include_all_refseq_shards_size_1000_268328763/dehydrated_links/zips
[2026-07-07 21:28:34] [INFO] 开始下载 dehydrated 链接包：refseq_000240；accession 数：1000
[2026-07-07 21:28:34] [INFO] 命令：datasets download genome accession --inputfile /data3/p252701008/refseq_genomes_runlogs/shards/refseq_RefSeq_include_all_refseq_shards_size_1000_268328763/refseq_shards_size_1000/refseq_000240.txt --dehydrated --include all --assembly-source RefSeq --filename /data3/p252701008/refseq_genomes/contexts/refseq_RefSeq_include_all_refseq_shards_size_1000_268328763/dehydrated_links/zips/refseq_000240.zip.partial.20260707T121233Z.4191587 --no-progressbar
[2026-07-07 21:28:34] [INFO] datasets download refseq_000240：第 1/3 次尝试。日志：/data3/p252701008/refseq_genomes_runlogs/logs/refseq_RefSeq_include_all_refseq_shards_size_1000_268328763/datasets_download_refseq_000240_20260707T121233Z.4191587.log.attempt1
[2026-07-07 21:28:52] [INFO] dehydrated 链接包下载完成：/data3/p252701008/refseq_genomes/contexts/refseq_RefSeq_include_all_refseq_shards_size_1000_268328763/dehydrated_links/zips/refseq_000240.zip
[2026-07-07 21:28:52] [INFO] 可用磁盘空间：5920 GB；阈值：2000 GB；路径：/data3/p252701008/refseq_genomes/contexts/refseq_RefSeq_include_all_refseq_shards_size_1000_268328763/dehydrated_links/zips
[2026-07-07 21:28:52] [INFO] 开始下载 dehydrated 链接包：refseq_000241；accession 数：1000
[2026-07-07 21:28:52] [INFO] 命令：datasets download genome accession --inputfile /data3/p252701008/refseq_genomes_runlogs/shards/refseq_RefSeq_include_all_refseq_shards_size_1000_268328763/refseq_shards_size_1000/refseq_000241.txt --dehydrated --include all --assembly-source RefSeq --filename /data3/p252701008/refseq_genomes/contexts/refseq_RefSeq_include_all_refseq_shards_size_1000_268328763/dehydrated_links/zips/refseq_000241.zip.partial.20260707T121233Z.4191587 --no-progressbar
[2026-07-07 21:28:52] [INFO] datasets download refseq_000241：第 1/3 次尝试。日志：/data3/p252701008/refseq_genomes_runlogs/logs/refseq_RefSeq_include_all_refseq_shards_size_1000_268328763/datasets_download_refseq_000241_20260707T121233Z.4191587.log.attempt1
[2026-07-07 21:29:10] [INFO] dehydrated 链接包下载完成：/data3/p252701008/refseq_genomes/contexts/refseq_RefSeq_include_all_refseq_shards_size_1000_268328763/dehydrated_links/zips/refseq_000241.zip
[2026-07-07 21:29:10] [INFO] 可用磁盘空间：5920 GB；阈值：2000 GB；路径：/data3/p252701008/refseq_genomes/contexts/refseq_RefSeq_include_all_refseq_shards_size_1000_268328763/dehydrated_links/zips
[2026-07-07 21:29:10] [INFO] 开始下载 dehydrated 链接包：refseq_000242；accession 数：1000
[2026-07-07 21:29:10] [INFO] 命令：datasets download genome accession --inputfile /data3/p252701008/refseq_genomes_runlogs/shards/refseq_RefSeq_include_all_refseq_shards_size_1000_268328763/refseq_shards_size_1000/refseq_000242.txt --dehydrated --include all --assembly-source RefSeq --filename /data3/p252701008/refseq_genomes/contexts/refseq_RefSeq_include_all_refseq_shards_size_1000_268328763/dehydrated_links/zips/refseq_000242.zip.partial.20260707T121233Z.4191587 --no-progressbar
[2026-07-07 21:29:10] [INFO] datasets download refseq_000242：第 1/3 次尝试。日志：/data3/p252701008/refseq_genomes_runlogs/logs/refseq_RefSeq_include_all_refseq_shards_size_1000_268328763/datasets_download_refseq_000242_20260707T121233Z.4191587.log.attempt1
[2026-07-07 21:29:27] [INFO] dehydrated 链接包下载完成：/data3/p252701008/refseq_genomes/contexts/refseq_RefSeq_include_all_refseq_shards_size_1000_268328763/dehydrated_links/zips/refseq_000242.zip
[2026-07-07 21:29:27] [INFO] 可用磁盘空间：5920 GB；阈值：2000 GB；路径：/data3/p252701008/refseq_genomes/contexts/refseq_RefSeq_include_all_refseq_shards_size_1000_268328763/dehydrated_links/zips
[2026-07-07 21:29:27] [INFO] 开始下载 dehydrated 链接包：refseq_000243；accession 数：1000
[2026-07-07 21:29:28] [INFO] 命令：datasets download genome accession --inputfile /data3/p252701008/refseq_genomes_runlogs/shards/refseq_RefSeq_include_all_refseq_shards_size_1000_268328763/refseq_shards_size_1000/refseq_000243.txt --dehydrated --include all --assembly-source RefSeq --filename /data3/p252701008/refseq_genomes/contexts/refseq_RefSeq_include_all_refseq_shards_size_1000_268328763/dehydrated_links/zips/refseq_000243.zip.partial.20260707T121233Z.4191587 --no-progressbar
[2026-07-07 21:29:28] [INFO] datasets download refseq_000243：第 1/3 次尝试。日志：/data3/p252701008/refseq_genomes_runlogs/logs/refseq_RefSeq_include_all_refseq_shards_size_1000_268328763/datasets_download_refseq_000243_20260707T121233Z.4191587.log.attempt1
[2026-07-07 21:29:42] [ERROR] datasets download 失败：refseq_000243；第 1/3 次；退出码：1；日志：/data3/p252701008/refseq_genomes_runlogs/logs/refseq_RefSeq_include_all_refseq_shards_size_1000_268328763/datasets_download_refseq_000243_20260707T121233Z.4191587.log.attempt1
[2026-07-07 21:29:42] [ERROR]   Error: Download error: stream error: stream ID 7; INTERNAL_ERROR; received from peer
[2026-07-07 21:29:42] [ERROR]   
[2026-07-07 21:29:42] [ERROR]   Use datasets download genome accession <command> --help for detailed help about a command.
[2026-07-07 21:29:42] [ERROR]   
[2026-07-07 21:29:42] [INFO] 已将异常或旧文件移入 trash：/data3/p252701008/refseq_genomes/contexts/refseq_RefSeq_include_all_refseq_shards_size_1000_268328763/dehydrated_links/zips/refseq_000243.zip.partial.20260707T121233Z.4191587 -> /data3/p252701008/refseq_genomes_runlogs/trash/failed_partial_zip.20260707T121233Z.4191587._data3_p252701008_refseq_genomes_contexts_refseq_RefSeq_include_all_refseq_shards_size_1000_268328763_dehydrated_links_zips_refseq_000243_zip_partial_20260707T121233Z_4191587
[2026-07-07 21:29:42] [INFO] datasets download refseq_000243 将在 30 秒后重试。
[2026-07-07 21:30:12] [INFO] datasets download refseq_000243：第 2/3 次尝试。日志：/data3/p252701008/refseq_genomes_runlogs/logs/refseq_RefSeq_include_all_refseq_shards_size_1000_268328763/datasets_download_refseq_000243_20260707T121233Z.4191587.log.attempt2
[2026-07-07 21:30:31] [INFO] dehydrated 链接包下载完成：/data3/p252701008/refseq_genomes/contexts/refseq_RefSeq_include_all_refseq_shards_size_1000_268328763/dehydrated_links/zips/refseq_000243.zip
[2026-07-07 21:30:31] [INFO] 可用磁盘空间：5920 GB；阈值：2000 GB；路径：/data3/p252701008/refseq_genomes/contexts/refseq_RefSeq_include_all_refseq_shards_size_1000_268328763/dehydrated_links/zips
[2026-07-07 21:30:31] [INFO] 开始下载 dehydrated 链接包：refseq_000244；accession 数：1000
[2026-07-07 21:30:31] [INFO] 命令：datasets download genome accession --inputfile /data3/p252701008/refseq_genomes_runlogs/shards/refseq_RefSeq_include_all_refseq_shards_size_1000_268328763/refseq_shards_size_1000/refseq_000244.txt --dehydrated --include all --assembly-source RefSeq --filename /data3/p252701008/refseq_genomes/contexts/refseq_RefSeq_include_all_refseq_shards_size_1000_268328763/dehydrated_links/zips/refseq_000244.zip.partial.20260707T121233Z.4191587 --no-progressbar
[2026-07-07 21:30:31] [INFO] datasets download refseq_000244：第 1/3 次尝试。日志：/data3/p252701008/refseq_genomes_runlogs/logs/refseq_RefSeq_include_all_refseq_shards_size_1000_268328763/datasets_download_refseq_000244_20260707T121233Z.4191587.log.attempt1
[2026-07-07 21:30:49] [INFO] dehydrated 链接包下载完成：/data3/p252701008/refseq_genomes/contexts/refseq_RefSeq_include_all_refseq_shards_size_1000_268328763/dehydrated_links/zips/refseq_000244.zip
[2026-07-07 21:30:50] [INFO] 可用磁盘空间：5920 GB；阈值：2000 GB；路径：/data3/p252701008/refseq_genomes/contexts/refseq_RefSeq_include_all_refseq_shards_size_1000_268328763/dehydrated_links/zips
[2026-07-07 21:30:50] [INFO] 开始下载 dehydrated 链接包：refseq_000245；accession 数：1000
[2026-07-07 21:30:50] [INFO] 命令：datasets download genome accession --inputfile /data3/p252701008/refseq_genomes_runlogs/shards/refseq_RefSeq_include_all_refseq_shards_size_1000_268328763/refseq_shards_size_1000/refseq_000245.txt --dehydrated --include all --assembly-source RefSeq --filename /data3/p252701008/refseq_genomes/contexts/refseq_RefSeq_include_all_refseq_shards_size_1000_268328763/dehydrated_links/zips/refseq_000245.zip.partial.20260707T121233Z.4191587 --no-progressbar
[2026-07-07 21:30:50] [INFO] datasets download refseq_000245：第 1/3 次尝试。日志：/data3/p252701008/refseq_genomes_runlogs/logs/refseq_RefSeq_include_all_refseq_shards_size_1000_268328763/datasets_download_refseq_000245_20260707T121233Z.4191587.log.attempt1
[2026-07-07 21:31:08] [INFO] dehydrated 链接包下载完成：/data3/p252701008/refseq_genomes/contexts/refseq_RefSeq_include_all_refseq_shards_size_1000_268328763/dehydrated_links/zips/refseq_000245.zip
[2026-07-07 21:31:08] [INFO] 可用磁盘空间：5920 GB；阈值：2000 GB；路径：/data3/p252701008/refseq_genomes/contexts/refseq_RefSeq_include_all_refseq_shards_size_1000_268328763/dehydrated_links/zips
[2026-07-07 21:31:08] [INFO] 开始下载 dehydrated 链接包：refseq_000246；accession 数：1000
[2026-07-07 21:31:08] [INFO] 命令：datasets download genome accession --inputfile /data3/p252701008/refseq_genomes_runlogs/shards/refseq_RefSeq_include_all_refseq_shards_size_1000_268328763/refseq_shards_size_1000/refseq_000246.txt --dehydrated --include all --assembly-source RefSeq --filename /data3/p252701008/refseq_genomes/contexts/refseq_RefSeq_include_all_refseq_shards_size_1000_268328763/dehydrated_links/zips/refseq_000246.zip.partial.20260707T121233Z.4191587 --no-progressbar
[2026-07-07 21:31:08] [INFO] datasets download refseq_000246：第 1/3 次尝试。日志：/data3/p252701008/refseq_genomes_runlogs/logs/refseq_RefSeq_include_all_refseq_shards_size_1000_268328763/datasets_download_refseq_000246_20260707T121233Z.4191587.log.attempt1
[2026-07-07 21:31:28] [INFO] dehydrated 链接包下载完成：/data3/p252701008/refseq_genomes/contexts/refseq_RefSeq_include_all_refseq_shards_size_1000_268328763/dehydrated_links/zips/refseq_000246.zip
[2026-07-07 21:31:28] [INFO] 可用磁盘空间：5920 GB；阈值：2000 GB；路径：/data3/p252701008/refseq_genomes/contexts/refseq_RefSeq_include_all_refseq_shards_size_1000_268328763/dehydrated_links/zips
[2026-07-07 21:31:28] [INFO] 开始下载 dehydrated 链接包：refseq_000247；accession 数：1000
[2026-07-07 21:31:28] [INFO] 命令：datasets download genome accession --inputfile /data3/p252701008/refseq_genomes_runlogs/shards/refseq_RefSeq_include_all_refseq_shards_size_1000_268328763/refseq_shards_size_1000/refseq_000247.txt --dehydrated --include all --assembly-source RefSeq --filename /data3/p252701008/refseq_genomes/contexts/refseq_RefSeq_include_all_refseq_shards_size_1000_268328763/dehydrated_links/zips/refseq_000247.zip.partial.20260707T121233Z.4191587 --no-progressbar
[2026-07-07 21:31:28] [INFO] datasets download refseq_000247：第 1/3 次尝试。日志：/data3/p252701008/refseq_genomes_runlogs/logs/refseq_RefSeq_include_all_refseq_shards_size_1000_268328763/datasets_download_refseq_000247_20260707T121233Z.4191587.log.attempt1
[2026-07-07 21:31:49] [INFO] dehydrated 链接包下载完成：/data3/p252701008/refseq_genomes/contexts/refseq_RefSeq_include_all_refseq_shards_size_1000_268328763/dehydrated_links/zips/refseq_000247.zip
[2026-07-07 21:31:49] [INFO] 可用磁盘空间：5920 GB；阈值：2000 GB；路径：/data3/p252701008/refseq_genomes/contexts/refseq_RefSeq_include_all_refseq_shards_size_1000_268328763/dehydrated_links/zips
[2026-07-07 21:31:49] [INFO] 开始下载 dehydrated 链接包：refseq_000248；accession 数：1000
[2026-07-07 21:31:49] [INFO] 命令：datasets download genome accession --inputfile /data3/p252701008/refseq_genomes_runlogs/shards/refseq_RefSeq_include_all_refseq_shards_size_1000_268328763/refseq_shards_size_1000/refseq_000248.txt --dehydrated --include all --assembly-source RefSeq --filename /data3/p252701008/refseq_genomes/contexts/refseq_RefSeq_include_all_refseq_shards_size_1000_268328763/dehydrated_links/zips/refseq_000248.zip.partial.20260707T121233Z.4191587 --no-progressbar
[2026-07-07 21:31:49] [INFO] datasets download refseq_000248：第 1/3 次尝试。日志：/data3/p252701008/refseq_genomes_runlogs/logs/refseq_RefSeq_include_all_refseq_shards_size_1000_268328763/datasets_download_refseq_000248_20260707T121233Z.4191587.log.attempt1
[2026-07-07 21:32:06] [INFO] dehydrated 链接包下载完成：/data3/p252701008/refseq_genomes/contexts/refseq_RefSeq_include_all_refseq_shards_size_1000_268328763/dehydrated_links/zips/refseq_000248.zip
[2026-07-07 21:32:06] [INFO] 可用磁盘空间：5920 GB；阈值：2000 GB；路径：/data3/p252701008/refseq_genomes/contexts/refseq_RefSeq_include_all_refseq_shards_size_1000_268328763/dehydrated_links/zips
[2026-07-07 21:32:06] [INFO] 开始下载 dehydrated 链接包：refseq_000249；accession 数：1000
[2026-07-07 21:32:06] [INFO] 命令：datasets download genome accession --inputfile /data3/p252701008/refseq_genomes_runlogs/shards/refseq_RefSeq_include_all_refseq_shards_size_1000_268328763/refseq_shards_size_1000/refseq_000249.txt --dehydrated --include all --assembly-source RefSeq --filename /data3/p252701008/refseq_genomes/contexts/refseq_RefSeq_include_all_refseq_shards_size_1000_268328763/dehydrated_links/zips/refseq_000249.zip.partial.20260707T121233Z.4191587 --no-progressbar
[2026-07-07 21:32:06] [INFO] datasets download refseq_000249：第 1/3 次尝试。日志：/data3/p252701008/refseq_genomes_runlogs/logs/refseq_RefSeq_include_all_refseq_shards_size_1000_268328763/datasets_download_refseq_000249_20260707T121233Z.4191587.log.attempt1
[2026-07-07 21:32:24] [INFO] dehydrated 链接包下载完成：/data3/p252701008/refseq_genomes/contexts/refseq_RefSeq_include_all_refseq_shards_size_1000_268328763/dehydrated_links/zips/refseq_000249.zip
[2026-07-07 21:32:24] [INFO] 可用磁盘空间：5920 GB；阈值：2000 GB；路径：/data3/p252701008/refseq_genomes/contexts/refseq_RefSeq_include_all_refseq_shards_size_1000_268328763/dehydrated_links/zips
[2026-07-07 21:32:24] [INFO] 开始下载 dehydrated 链接包：refseq_000250；accession 数：1000
[2026-07-07 21:32:24] [INFO] 命令：datasets download genome accession --inputfile /data3/p252701008/refseq_genomes_runlogs/shards/refseq_RefSeq_include_all_refseq_shards_size_1000_268328763/refseq_shards_size_1000/refseq_000250.txt --dehydrated --include all --assembly-source RefSeq --filename /data3/p252701008/refseq_genomes/contexts/refseq_RefSeq_include_all_refseq_shards_size_1000_268328763/dehydrated_links/zips/refseq_000250.zip.partial.20260707T121233Z.4191587 --no-progressbar
[2026-07-07 21:32:24] [INFO] datasets download refseq_000250：第 1/3 次尝试。日志：/data3/p252701008/refseq_genomes_runlogs/logs/refseq_RefSeq_include_all_refseq_shards_size_1000_268328763/datasets_download_refseq_000250_20260707T121233Z.4191587.log.attempt1
[2026-07-07 21:32:41] [INFO] dehydrated 链接包下载完成：/data3/p252701008/refseq_genomes/contexts/refseq_RefSeq_include_all_refseq_shards_size_1000_268328763/dehydrated_links/zips/refseq_000250.zip
[2026-07-07 21:32:41] [INFO] 可用磁盘空间：5920 GB；阈值：2000 GB；路径：/data3/p252701008/refseq_genomes/contexts/refseq_RefSeq_include_all_refseq_shards_size_1000_268328763/dehydrated_links/zips
[2026-07-07 21:32:41] [INFO] 开始下载 dehydrated 链接包：refseq_000251；accession 数：1000
[2026-07-07 21:32:41] [INFO] 命令：datasets download genome accession --inputfile /data3/p252701008/refseq_genomes_runlogs/shards/refseq_RefSeq_include_all_refseq_shards_size_1000_268328763/refseq_shards_size_1000/refseq_000251.txt --dehydrated --include all --assembly-source RefSeq --filename /data3/p252701008/refseq_genomes/contexts/refseq_RefSeq_include_all_refseq_shards_size_1000_268328763/dehydrated_links/zips/refseq_000251.zip.partial.20260707T121233Z.4191587 --no-progressbar
[2026-07-07 21:32:41] [INFO] datasets download refseq_000251：第 1/3 次尝试。日志：/data3/p252701008/refseq_genomes_runlogs/logs/refseq_RefSeq_include_all_refseq_shards_size_1000_268328763/datasets_download_refseq_000251_20260707T121233Z.4191587.log.attempt1
[2026-07-07 21:33:01] [INFO] dehydrated 链接包下载完成：/data3/p252701008/refseq_genomes/contexts/refseq_RefSeq_include_all_refseq_shards_size_1000_268328763/dehydrated_links/zips/refseq_000251.zip
[2026-07-07 21:33:01] [INFO] 可用磁盘空间：5920 GB；阈值：2000 GB；路径：/data3/p252701008/refseq_genomes/contexts/refseq_RefSeq_include_all_refseq_shards_size_1000_268328763/dehydrated_links/zips
[2026-07-07 21:33:01] [INFO] 开始下载 dehydrated 链接包：refseq_000252；accession 数：1000
[2026-07-07 21:33:01] [INFO] 命令：datasets download genome accession --inputfile /data3/p252701008/refseq_genomes_runlogs/shards/refseq_RefSeq_include_all_refseq_shards_size_1000_268328763/refseq_shards_size_1000/refseq_000252.txt --dehydrated --include all --assembly-source RefSeq --filename /data3/p252701008/refseq_genomes/contexts/refseq_RefSeq_include_all_refseq_shards_size_1000_268328763/dehydrated_links/zips/refseq_000252.zip.partial.20260707T121233Z.4191587 --no-progressbar
[2026-07-07 21:33:01] [INFO] datasets download refseq_000252：第 1/3 次尝试。日志：/data3/p252701008/refseq_genomes_runlogs/logs/refseq_RefSeq_include_all_refseq_shards_size_1000_268328763/datasets_download_refseq_000252_20260707T121233Z.4191587.log.attempt1
[2026-07-07 21:33:19] [INFO] dehydrated 链接包下载完成：/data3/p252701008/refseq_genomes/contexts/refseq_RefSeq_include_all_refseq_shards_size_1000_268328763/dehydrated_links/zips/refseq_000252.zip
[2026-07-07 21:33:19] [INFO] 可用磁盘空间：5920 GB；阈值：2000 GB；路径：/data3/p252701008/refseq_genomes/contexts/refseq_RefSeq_include_all_refseq_shards_size_1000_268328763/dehydrated_links/zips
[2026-07-07 21:33:19] [INFO] 开始下载 dehydrated 链接包：refseq_000253；accession 数：1000
[2026-07-07 21:33:19] [INFO] 命令：datasets download genome accession --inputfile /data3/p252701008/refseq_genomes_runlogs/shards/refseq_RefSeq_include_all_refseq_shards_size_1000_268328763/refseq_shards_size_1000/refseq_000253.txt --dehydrated --include all --assembly-source RefSeq --filename /data3/p252701008/refseq_genomes/contexts/refseq_RefSeq_include_all_refseq_shards_size_1000_268328763/dehydrated_links/zips/refseq_000253.zip.partial.20260707T121233Z.4191587 --no-progressbar
[2026-07-07 21:33:19] [INFO] datasets download refseq_000253：第 1/3 次尝试。日志：/data3/p252701008/refseq_genomes_runlogs/logs/refseq_RefSeq_include_all_refseq_shards_size_1000_268328763/datasets_download_refseq_000253_20260707T121233Z.4191587.log.attempt1
[2026-07-07 21:33:37] [INFO] dehydrated 链接包下载完成：/data3/p252701008/refseq_genomes/contexts/refseq_RefSeq_include_all_refseq_shards_size_1000_268328763/dehydrated_links/zips/refseq_000253.zip
[2026-07-07 21:33:37] [INFO] 可用磁盘空间：5920 GB；阈值：2000 GB；路径：/data3/p252701008/refseq_genomes/contexts/refseq_RefSeq_include_all_refseq_shards_size_1000_268328763/dehydrated_links/zips
[2026-07-07 21:33:37] [INFO] 开始下载 dehydrated 链接包：refseq_000254；accession 数：1000
[2026-07-07 21:33:37] [INFO] 命令：datasets download genome accession --inputfile /data3/p252701008/refseq_genomes_runlogs/shards/refseq_RefSeq_include_all_refseq_shards_size_1000_268328763/refseq_shards_size_1000/refseq_000254.txt --dehydrated --include all --assembly-source RefSeq --filename /data3/p252701008/refseq_genomes/contexts/refseq_RefSeq_include_all_refseq_shards_size_1000_268328763/dehydrated_links/zips/refseq_000254.zip.partial.20260707T121233Z.4191587 --no-progressbar
[2026-07-07 21:33:37] [INFO] datasets download refseq_000254：第 1/3 次尝试。日志：/data3/p252701008/refseq_genomes_runlogs/logs/refseq_RefSeq_include_all_refseq_shards_size_1000_268328763/datasets_download_refseq_000254_20260707T121233Z.4191587.log.attempt1
[2026-07-07 21:33:56] [INFO] dehydrated 链接包下载完成：/data3/p252701008/refseq_genomes/contexts/refseq_RefSeq_include_all_refseq_shards_size_1000_268328763/dehydrated_links/zips/refseq_000254.zip
[2026-07-07 21:33:56] [INFO] 可用磁盘空间：5920 GB；阈值：2000 GB；路径：/data3/p252701008/refseq_genomes/contexts/refseq_RefSeq_include_all_refseq_shards_size_1000_268328763/dehydrated_links/zips
[2026-07-07 21:33:56] [INFO] 开始下载 dehydrated 链接包：refseq_000255；accession 数：1000
[2026-07-07 21:33:56] [INFO] 命令：datasets download genome accession --inputfile /data3/p252701008/refseq_genomes_runlogs/shards/refseq_RefSeq_include_all_refseq_shards_size_1000_268328763/refseq_shards_size_1000/refseq_000255.txt --dehydrated --include all --assembly-source RefSeq --filename /data3/p252701008/refseq_genomes/contexts/refseq_RefSeq_include_all_refseq_shards_size_1000_268328763/dehydrated_links/zips/refseq_000255.zip.partial.20260707T121233Z.4191587 --no-progressbar
[2026-07-07 21:33:56] [INFO] datasets download refseq_000255：第 1/3 次尝试。日志：/data3/p252701008/refseq_genomes_runlogs/logs/refseq_RefSeq_include_all_refseq_shards_size_1000_268328763/datasets_download_refseq_000255_20260707T121233Z.4191587.log.attempt1
[2026-07-07 21:34:16] [INFO] dehydrated 链接包下载完成：/data3/p252701008/refseq_genomes/contexts/refseq_RefSeq_include_all_refseq_shards_size_1000_268328763/dehydrated_links/zips/refseq_000255.zip
[2026-07-07 21:34:16] [INFO] 可用磁盘空间：5920 GB；阈值：2000 GB；路径：/data3/p252701008/refseq_genomes/contexts/refseq_RefSeq_include_all_refseq_shards_size_1000_268328763/dehydrated_links/zips
[2026-07-07 21:34:16] [INFO] 开始下载 dehydrated 链接包：refseq_000256；accession 数：1000
[2026-07-07 21:34:16] [INFO] 命令：datasets download genome accession --inputfile /data3/p252701008/refseq_genomes_runlogs/shards/refseq_RefSeq_include_all_refseq_shards_size_1000_268328763/refseq_shards_size_1000/refseq_000256.txt --dehydrated --include all --assembly-source RefSeq --filename /data3/p252701008/refseq_genomes/contexts/refseq_RefSeq_include_all_refseq_shards_size_1000_268328763/dehydrated_links/zips/refseq_000256.zip.partial.20260707T121233Z.4191587 --no-progressbar
[2026-07-07 21:34:16] [INFO] datasets download refseq_000256：第 1/3 次尝试。日志：/data3/p252701008/refseq_genomes_runlogs/logs/refseq_RefSeq_include_all_refseq_shards_size_1000_268328763/datasets_download_refseq_000256_20260707T121233Z.4191587.log.attempt1
[2026-07-07 21:34:35] [INFO] dehydrated 链接包下载完成：/data3/p252701008/refseq_genomes/contexts/refseq_RefSeq_include_all_refseq_shards_size_1000_268328763/dehydrated_links/zips/refseq_000256.zip
[2026-07-07 21:34:35] [INFO] 可用磁盘空间：5920 GB；阈值：2000 GB；路径：/data3/p252701008/refseq_genomes/contexts/refseq_RefSeq_include_all_refseq_shards_size_1000_268328763/dehydrated_links/zips
[2026-07-07 21:34:35] [INFO] 开始下载 dehydrated 链接包：refseq_000257；accession 数：1000
[2026-07-07 21:34:35] [INFO] 命令：datasets download genome accession --inputfile /data3/p252701008/refseq_genomes_runlogs/shards/refseq_RefSeq_include_all_refseq_shards_size_1000_268328763/refseq_shards_size_1000/refseq_000257.txt --dehydrated --include all --assembly-source RefSeq --filename /data3/p252701008/refseq_genomes/contexts/refseq_RefSeq_include_all_refseq_shards_size_1000_268328763/dehydrated_links/zips/refseq_000257.zip.partial.20260707T121233Z.4191587 --no-progressbar
[2026-07-07 21:34:35] [INFO] datasets download refseq_000257：第 1/3 次尝试。日志：/data3/p252701008/refseq_genomes_runlogs/logs/refseq_RefSeq_include_all_refseq_shards_size_1000_268328763/datasets_download_refseq_000257_20260707T121233Z.4191587.log.attempt1
[2026-07-07 21:34:53] [INFO] dehydrated 链接包下载完成：/data3/p252701008/refseq_genomes/contexts/refseq_RefSeq_include_all_refseq_shards_size_1000_268328763/dehydrated_links/zips/refseq_000257.zip
[2026-07-07 21:34:53] [INFO] 可用磁盘空间：5920 GB；阈值：2000 GB；路径：/data3/p252701008/refseq_genomes/contexts/refseq_RefSeq_include_all_refseq_shards_size_1000_268328763/dehydrated_links/zips
[2026-07-07 21:34:53] [INFO] 开始下载 dehydrated 链接包：refseq_000258；accession 数：1000
[2026-07-07 21:34:53] [INFO] 命令：datasets download genome accession --inputfile /data3/p252701008/refseq_genomes_runlogs/shards/refseq_RefSeq_include_all_refseq_shards_size_1000_268328763/refseq_shards_size_1000/refseq_000258.txt --dehydrated --include all --assembly-source RefSeq --filename /data3/p252701008/refseq_genomes/contexts/refseq_RefSeq_include_all_refseq_shards_size_1000_268328763/dehydrated_links/zips/refseq_000258.zip.partial.20260707T121233Z.4191587 --no-progressbar
[2026-07-07 21:34:53] [INFO] datasets download refseq_000258：第 1/3 次尝试。日志：/data3/p252701008/refseq_genomes_runlogs/logs/refseq_RefSeq_include_all_refseq_shards_size_1000_268328763/datasets_download_refseq_000258_20260707T121233Z.4191587.log.attempt1
[2026-07-07 21:35:12] [INFO] dehydrated 链接包下载完成：/data3/p252701008/refseq_genomes/contexts/refseq_RefSeq_include_all_refseq_shards_size_1000_268328763/dehydrated_links/zips/refseq_000258.zip
[2026-07-07 21:35:12] [INFO] 可用磁盘空间：5920 GB；阈值：2000 GB；路径：/data3/p252701008/refseq_genomes/contexts/refseq_RefSeq_include_all_refseq_shards_size_1000_268328763/dehydrated_links/zips
[2026-07-07 21:35:12] [INFO] 开始下载 dehydrated 链接包：refseq_000259；accession 数：1000
[2026-07-07 21:35:12] [INFO] 命令：datasets download genome accession --inputfile /data3/p252701008/refseq_genomes_runlogs/shards/refseq_RefSeq_include_all_refseq_shards_size_1000_268328763/refseq_shards_size_1000/refseq_000259.txt --dehydrated --include all --assembly-source RefSeq --filename /data3/p252701008/refseq_genomes/contexts/refseq_RefSeq_include_all_refseq_shards_size_1000_268328763/dehydrated_links/zips/refseq_000259.zip.partial.20260707T121233Z.4191587 --no-progressbar
[2026-07-07 21:35:12] [INFO] datasets download refseq_000259：第 1/3 次尝试。日志：/data3/p252701008/refseq_genomes_runlogs/logs/refseq_RefSeq_include_all_refseq_shards_size_1000_268328763/datasets_download_refseq_000259_20260707T121233Z.4191587.log.attempt1
[2026-07-07 21:35:31] [INFO] dehydrated 链接包下载完成：/data3/p252701008/refseq_genomes/contexts/refseq_RefSeq_include_all_refseq_shards_size_1000_268328763/dehydrated_links/zips/refseq_000259.zip
[2026-07-07 21:35:31] [INFO] 可用磁盘空间：5920 GB；阈值：2000 GB；路径：/data3/p252701008/refseq_genomes/contexts/refseq_RefSeq_include_all_refseq_shards_size_1000_268328763/dehydrated_links/zips
[2026-07-07 21:35:31] [INFO] 开始下载 dehydrated 链接包：refseq_000260；accession 数：1000
[2026-07-07 21:35:31] [INFO] 命令：datasets download genome accession --inputfile /data3/p252701008/refseq_genomes_runlogs/shards/refseq_RefSeq_include_all_refseq_shards_size_1000_268328763/refseq_shards_size_1000/refseq_000260.txt --dehydrated --include all --assembly-source RefSeq --filename /data3/p252701008/refseq_genomes/contexts/refseq_RefSeq_include_all_refseq_shards_size_1000_268328763/dehydrated_links/zips/refseq_000260.zip.partial.20260707T121233Z.4191587 --no-progressbar
[2026-07-07 21:35:31] [INFO] datasets download refseq_000260：第 1/3 次尝试。日志：/data3/p252701008/refseq_genomes_runlogs/logs/refseq_RefSeq_include_all_refseq_shards_size_1000_268328763/datasets_download_refseq_000260_20260707T121233Z.4191587.log.attempt1
[2026-07-07 21:35:50] [INFO] dehydrated 链接包下载完成：/data3/p252701008/refseq_genomes/contexts/refseq_RefSeq_include_all_refseq_shards_size_1000_268328763/dehydrated_links/zips/refseq_000260.zip
[2026-07-07 21:35:50] [INFO] 可用磁盘空间：5920 GB；阈值：2000 GB；路径：/data3/p252701008/refseq_genomes/contexts/refseq_RefSeq_include_all_refseq_shards_size_1000_268328763/dehydrated_links/zips
[2026-07-07 21:35:50] [INFO] 开始下载 dehydrated 链接包：refseq_000261；accession 数：1000
[2026-07-07 21:35:50] [INFO] 命令：datasets download genome accession --inputfile /data3/p252701008/refseq_genomes_runlogs/shards/refseq_RefSeq_include_all_refseq_shards_size_1000_268328763/refseq_shards_size_1000/refseq_000261.txt --dehydrated --include all --assembly-source RefSeq --filename /data3/p252701008/refseq_genomes/contexts/refseq_RefSeq_include_all_refseq_shards_size_1000_268328763/dehydrated_links/zips/refseq_000261.zip.partial.20260707T121233Z.4191587 --no-progressbar
[2026-07-07 21:35:50] [INFO] datasets download refseq_000261：第 1/3 次尝试。日志：/data3/p252701008/refseq_genomes_runlogs/logs/refseq_RefSeq_include_all_refseq_shards_size_1000_268328763/datasets_download_refseq_000261_20260707T121233Z.4191587.log.attempt1
[2026-07-07 21:36:06] [INFO] dehydrated 链接包下载完成：/data3/p252701008/refseq_genomes/contexts/refseq_RefSeq_include_all_refseq_shards_size_1000_268328763/dehydrated_links/zips/refseq_000261.zip
[2026-07-07 21:36:06] [INFO] 可用磁盘空间：5920 GB；阈值：2000 GB；路径：/data3/p252701008/refseq_genomes/contexts/refseq_RefSeq_include_all_refseq_shards_size_1000_268328763/dehydrated_links/zips
[2026-07-07 21:36:06] [INFO] 开始下载 dehydrated 链接包：refseq_000262；accession 数：1000
[2026-07-07 21:36:06] [INFO] 命令：datasets download genome accession --inputfile /data3/p252701008/refseq_genomes_runlogs/shards/refseq_RefSeq_include_all_refseq_shards_size_1000_268328763/refseq_shards_size_1000/refseq_000262.txt --dehydrated --include all --assembly-source RefSeq --filename /data3/p252701008/refseq_genomes/contexts/refseq_RefSeq_include_all_refseq_shards_size_1000_268328763/dehydrated_links/zips/refseq_000262.zip.partial.20260707T121233Z.4191587 --no-progressbar
[2026-07-07 21:36:06] [INFO] datasets download refseq_000262：第 1/3 次尝试。日志：/data3/p252701008/refseq_genomes_runlogs/logs/refseq_RefSeq_include_all_refseq_shards_size_1000_268328763/datasets_download_refseq_000262_20260707T121233Z.4191587.log.attempt1
[2026-07-07 21:36:23] [INFO] dehydrated 链接包下载完成：/data3/p252701008/refseq_genomes/contexts/refseq_RefSeq_include_all_refseq_shards_size_1000_268328763/dehydrated_links/zips/refseq_000262.zip
[2026-07-07 21:36:23] [INFO] 可用磁盘空间：5920 GB；阈值：2000 GB；路径：/data3/p252701008/refseq_genomes/contexts/refseq_RefSeq_include_all_refseq_shards_size_1000_268328763/dehydrated_links/zips
[2026-07-07 21:36:23] [INFO] 开始下载 dehydrated 链接包：refseq_000263；accession 数：1000
[2026-07-07 21:36:23] [INFO] 命令：datasets download genome accession --inputfile /data3/p252701008/refseq_genomes_runlogs/shards/refseq_RefSeq_include_all_refseq_shards_size_1000_268328763/refseq_shards_size_1000/refseq_000263.txt --dehydrated --include all --assembly-source RefSeq --filename /data3/p252701008/refseq_genomes/contexts/refseq_RefSeq_include_all_refseq_shards_size_1000_268328763/dehydrated_links/zips/refseq_000263.zip.partial.20260707T121233Z.4191587 --no-progressbar
[2026-07-07 21:36:23] [INFO] datasets download refseq_000263：第 1/3 次尝试。日志：/data3/p252701008/refseq_genomes_runlogs/logs/refseq_RefSeq_include_all_refseq_shards_size_1000_268328763/datasets_download_refseq_000263_20260707T121233Z.4191587.log.attempt1
[2026-07-07 21:36:42] [INFO] dehydrated 链接包下载完成：/data3/p252701008/refseq_genomes/contexts/refseq_RefSeq_include_all_refseq_shards_size_1000_268328763/dehydrated_links/zips/refseq_000263.zip
[2026-07-07 21:36:42] [INFO] 可用磁盘空间：5920 GB；阈值：2000 GB；路径：/data3/p252701008/refseq_genomes/contexts/refseq_RefSeq_include_all_refseq_shards_size_1000_268328763/dehydrated_links/zips
[2026-07-07 21:36:42] [INFO] 开始下载 dehydrated 链接包：refseq_000264；accession 数：1000
[2026-07-07 21:36:42] [INFO] 命令：datasets download genome accession --inputfile /data3/p252701008/refseq_genomes_runlogs/shards/refseq_RefSeq_include_all_refseq_shards_size_1000_268328763/refseq_shards_size_1000/refseq_000264.txt --dehydrated --include all --assembly-source RefSeq --filename /data3/p252701008/refseq_genomes/contexts/refseq_RefSeq_include_all_refseq_shards_size_1000_268328763/dehydrated_links/zips/refseq_000264.zip.partial.20260707T121233Z.4191587 --no-progressbar
[2026-07-07 21:36:42] [INFO] datasets download refseq_000264：第 1/3 次尝试。日志：/data3/p252701008/refseq_genomes_runlogs/logs/refseq_RefSeq_include_all_refseq_shards_size_1000_268328763/datasets_download_refseq_000264_20260707T121233Z.4191587.log.attempt1
[2026-07-07 21:37:00] [INFO] dehydrated 链接包下载完成：/data3/p252701008/refseq_genomes/contexts/refseq_RefSeq_include_all_refseq_shards_size_1000_268328763/dehydrated_links/zips/refseq_000264.zip
[2026-07-07 21:37:00] [INFO] 可用磁盘空间：5920 GB；阈值：2000 GB；路径：/data3/p252701008/refseq_genomes/contexts/refseq_RefSeq_include_all_refseq_shards_size_1000_268328763/dehydrated_links/zips
[2026-07-07 21:37:00] [INFO] 开始下载 dehydrated 链接包：refseq_000265；accession 数：1000
[2026-07-07 21:37:00] [INFO] 命令：datasets download genome accession --inputfile /data3/p252701008/refseq_genomes_runlogs/shards/refseq_RefSeq_include_all_refseq_shards_size_1000_268328763/refseq_shards_size_1000/refseq_000265.txt --dehydrated --include all --assembly-source RefSeq --filename /data3/p252701008/refseq_genomes/contexts/refseq_RefSeq_include_all_refseq_shards_size_1000_268328763/dehydrated_links/zips/refseq_000265.zip.partial.20260707T121233Z.4191587 --no-progressbar
[2026-07-07 21:37:00] [INFO] datasets download refseq_000265：第 1/3 次尝试。日志：/data3/p252701008/refseq_genomes_runlogs/logs/refseq_RefSeq_include_all_refseq_shards_size_1000_268328763/datasets_download_refseq_000265_20260707T121233Z.4191587.log.attempt1
[2026-07-07 21:37:19] [INFO] dehydrated 链接包下载完成：/data3/p252701008/refseq_genomes/contexts/refseq_RefSeq_include_all_refseq_shards_size_1000_268328763/dehydrated_links/zips/refseq_000265.zip
[2026-07-07 21:37:19] [INFO] 可用磁盘空间：5920 GB；阈值：2000 GB；路径：/data3/p252701008/refseq_genomes/contexts/refseq_RefSeq_include_all_refseq_shards_size_1000_268328763/dehydrated_links/zips
[2026-07-07 21:37:19] [INFO] 开始下载 dehydrated 链接包：refseq_000266；accession 数：1000
[2026-07-07 21:37:19] [INFO] 命令：datasets download genome accession --inputfile /data3/p252701008/refseq_genomes_runlogs/shards/refseq_RefSeq_include_all_refseq_shards_size_1000_268328763/refseq_shards_size_1000/refseq_000266.txt --dehydrated --include all --assembly-source RefSeq --filename /data3/p252701008/refseq_genomes/contexts/refseq_RefSeq_include_all_refseq_shards_size_1000_268328763/dehydrated_links/zips/refseq_000266.zip.partial.20260707T121233Z.4191587 --no-progressbar
[2026-07-07 21:37:19] [INFO] datasets download refseq_000266：第 1/3 次尝试。日志：/data3/p252701008/refseq_genomes_runlogs/logs/refseq_RefSeq_include_all_refseq_shards_size_1000_268328763/datasets_download_refseq_000266_20260707T121233Z.4191587.log.attempt1
[2026-07-07 21:37:36] [INFO] dehydrated 链接包下载完成：/data3/p252701008/refseq_genomes/contexts/refseq_RefSeq_include_all_refseq_shards_size_1000_268328763/dehydrated_links/zips/refseq_000266.zip
[2026-07-07 21:37:36] [INFO] 可用磁盘空间：5920 GB；阈值：2000 GB；路径：/data3/p252701008/refseq_genomes/contexts/refseq_RefSeq_include_all_refseq_shards_size_1000_268328763/dehydrated_links/zips
[2026-07-07 21:37:36] [INFO] 开始下载 dehydrated 链接包：refseq_000267；accession 数：1000
[2026-07-07 21:37:36] [INFO] 命令：datasets download genome accession --inputfile /data3/p252701008/refseq_genomes_runlogs/shards/refseq_RefSeq_include_all_refseq_shards_size_1000_268328763/refseq_shards_size_1000/refseq_000267.txt --dehydrated --include all --assembly-source RefSeq --filename /data3/p252701008/refseq_genomes/contexts/refseq_RefSeq_include_all_refseq_shards_size_1000_268328763/dehydrated_links/zips/refseq_000267.zip.partial.20260707T121233Z.4191587 --no-progressbar
[2026-07-07 21:37:36] [INFO] datasets download refseq_000267：第 1/3 次尝试。日志：/data3/p252701008/refseq_genomes_runlogs/logs/refseq_RefSeq_include_all_refseq_shards_size_1000_268328763/datasets_download_refseq_000267_20260707T121233Z.4191587.log.attempt1
[2026-07-07 21:37:53] [INFO] dehydrated 链接包下载完成：/data3/p252701008/refseq_genomes/contexts/refseq_RefSeq_include_all_refseq_shards_size_1000_268328763/dehydrated_links/zips/refseq_000267.zip
[2026-07-07 21:37:53] [INFO] 可用磁盘空间：5920 GB；阈值：2000 GB；路径：/data3/p252701008/refseq_genomes/contexts/refseq_RefSeq_include_all_refseq_shards_size_1000_268328763/dehydrated_links/zips
[2026-07-07 21:37:53] [INFO] 开始下载 dehydrated 链接包：refseq_000268；accession 数：1000
[2026-07-07 21:37:53] [INFO] 命令：datasets download genome accession --inputfile /data3/p252701008/refseq_genomes_runlogs/shards/refseq_RefSeq_include_all_refseq_shards_size_1000_268328763/refseq_shards_size_1000/refseq_000268.txt --dehydrated --include all --assembly-source RefSeq --filename /data3/p252701008/refseq_genomes/contexts/refseq_RefSeq_include_all_refseq_shards_size_1000_268328763/dehydrated_links/zips/refseq_000268.zip.partial.20260707T121233Z.4191587 --no-progressbar
[2026-07-07 21:37:53] [INFO] datasets download refseq_000268：第 1/3 次尝试。日志：/data3/p252701008/refseq_genomes_runlogs/logs/refseq_RefSeq_include_all_refseq_shards_size_1000_268328763/datasets_download_refseq_000268_20260707T121233Z.4191587.log.attempt1
[2026-07-07 21:38:13] [INFO] dehydrated 链接包下载完成：/data3/p252701008/refseq_genomes/contexts/refseq_RefSeq_include_all_refseq_shards_size_1000_268328763/dehydrated_links/zips/refseq_000268.zip
[2026-07-07 21:38:13] [INFO] 可用磁盘空间：5920 GB；阈值：2000 GB；路径：/data3/p252701008/refseq_genomes/contexts/refseq_RefSeq_include_all_refseq_shards_size_1000_268328763/dehydrated_links/zips
[2026-07-07 21:38:13] [INFO] 开始下载 dehydrated 链接包：refseq_000269；accession 数：1000
[2026-07-07 21:38:13] [INFO] 命令：datasets download genome accession --inputfile /data3/p252701008/refseq_genomes_runlogs/shards/refseq_RefSeq_include_all_refseq_shards_size_1000_268328763/refseq_shards_size_1000/refseq_000269.txt --dehydrated --include all --assembly-source RefSeq --filename /data3/p252701008/refseq_genomes/contexts/refseq_RefSeq_include_all_refseq_shards_size_1000_268328763/dehydrated_links/zips/refseq_000269.zip.partial.20260707T121233Z.4191587 --no-progressbar
[2026-07-07 21:38:13] [INFO] datasets download refseq_000269：第 1/3 次尝试。日志：/data3/p252701008/refseq_genomes_runlogs/logs/refseq_RefSeq_include_all_refseq_shards_size_1000_268328763/datasets_download_refseq_000269_20260707T121233Z.4191587.log.attempt1
[2026-07-07 21:38:30] [INFO] dehydrated 链接包下载完成：/data3/p252701008/refseq_genomes/contexts/refseq_RefSeq_include_all_refseq_shards_size_1000_268328763/dehydrated_links/zips/refseq_000269.zip
[2026-07-07 21:38:30] [INFO] 可用磁盘空间：5920 GB；阈值：2000 GB；路径：/data3/p252701008/refseq_genomes/contexts/refseq_RefSeq_include_all_refseq_shards_size_1000_268328763/dehydrated_links/zips
[2026-07-07 21:38:30] [INFO] 开始下载 dehydrated 链接包：refseq_000270；accession 数：1000
[2026-07-07 21:38:30] [INFO] 命令：datasets download genome accession --inputfile /data3/p252701008/refseq_genomes_runlogs/shards/refseq_RefSeq_include_all_refseq_shards_size_1000_268328763/refseq_shards_size_1000/refseq_000270.txt --dehydrated --include all --assembly-source RefSeq --filename /data3/p252701008/refseq_genomes/contexts/refseq_RefSeq_include_all_refseq_shards_size_1000_268328763/dehydrated_links/zips/refseq_000270.zip.partial.20260707T121233Z.4191587 --no-progressbar
[2026-07-07 21:38:30] [INFO] datasets download refseq_000270：第 1/3 次尝试。日志：/data3/p252701008/refseq_genomes_runlogs/logs/refseq_RefSeq_include_all_refseq_shards_size_1000_268328763/datasets_download_refseq_000270_20260707T121233Z.4191587.log.attempt1
[2026-07-07 21:38:48] [INFO] dehydrated 链接包下载完成：/data3/p252701008/refseq_genomes/contexts/refseq_RefSeq_include_all_refseq_shards_size_1000_268328763/dehydrated_links/zips/refseq_000270.zip
[2026-07-07 21:38:48] [INFO] 可用磁盘空间：5920 GB；阈值：2000 GB；路径：/data3/p252701008/refseq_genomes/contexts/refseq_RefSeq_include_all_refseq_shards_size_1000_268328763/dehydrated_links/zips
[2026-07-07 21:38:48] [INFO] 开始下载 dehydrated 链接包：refseq_000271；accession 数：1000
[2026-07-07 21:38:48] [INFO] 命令：datasets download genome accession --inputfile /data3/p252701008/refseq_genomes_runlogs/shards/refseq_RefSeq_include_all_refseq_shards_size_1000_268328763/refseq_shards_size_1000/refseq_000271.txt --dehydrated --include all --assembly-source RefSeq --filename /data3/p252701008/refseq_genomes/contexts/refseq_RefSeq_include_all_refseq_shards_size_1000_268328763/dehydrated_links/zips/refseq_000271.zip.partial.20260707T121233Z.4191587 --no-progressbar
[2026-07-07 21:38:48] [INFO] datasets download refseq_000271：第 1/3 次尝试。日志：/data3/p252701008/refseq_genomes_runlogs/logs/refseq_RefSeq_include_all_refseq_shards_size_1000_268328763/datasets_download_refseq_000271_20260707T121233Z.4191587.log.attempt1
[2026-07-07 21:39:03] [INFO] dehydrated 链接包下载完成：/data3/p252701008/refseq_genomes/contexts/refseq_RefSeq_include_all_refseq_shards_size_1000_268328763/dehydrated_links/zips/refseq_000271.zip
[2026-07-07 21:39:03] [INFO] 可用磁盘空间：5920 GB；阈值：2000 GB；路径：/data3/p252701008/refseq_genomes/contexts/refseq_RefSeq_include_all_refseq_shards_size_1000_268328763/dehydrated_links/zips
[2026-07-07 21:39:03] [INFO] 开始下载 dehydrated 链接包：refseq_000272；accession 数：1000
[2026-07-07 21:39:03] [INFO] 命令：datasets download genome accession --inputfile /data3/p252701008/refseq_genomes_runlogs/shards/refseq_RefSeq_include_all_refseq_shards_size_1000_268328763/refseq_shards_size_1000/refseq_000272.txt --dehydrated --include all --assembly-source RefSeq --filename /data3/p252701008/refseq_genomes/contexts/refseq_RefSeq_include_all_refseq_shards_size_1000_268328763/dehydrated_links/zips/refseq_000272.zip.partial.20260707T121233Z.4191587 --no-progressbar
[2026-07-07 21:39:03] [INFO] datasets download refseq_000272：第 1/3 次尝试。日志：/data3/p252701008/refseq_genomes_runlogs/logs/refseq_RefSeq_include_all_refseq_shards_size_1000_268328763/datasets_download_refseq_000272_20260707T121233Z.4191587.log.attempt1
[2026-07-07 21:39:22] [INFO] dehydrated 链接包下载完成：/data3/p252701008/refseq_genomes/contexts/refseq_RefSeq_include_all_refseq_shards_size_1000_268328763/dehydrated_links/zips/refseq_000272.zip
[2026-07-07 21:39:22] [INFO] 可用磁盘空间：5920 GB；阈值：2000 GB；路径：/data3/p252701008/refseq_genomes/contexts/refseq_RefSeq_include_all_refseq_shards_size_1000_268328763/dehydrated_links/zips
[2026-07-07 21:39:22] [INFO] 开始下载 dehydrated 链接包：refseq_000273；accession 数：1000
[2026-07-07 21:39:22] [INFO] 命令：datasets download genome accession --inputfile /data3/p252701008/refseq_genomes_runlogs/shards/refseq_RefSeq_include_all_refseq_shards_size_1000_268328763/refseq_shards_size_1000/refseq_000273.txt --dehydrated --include all --assembly-source RefSeq --filename /data3/p252701008/refseq_genomes/contexts/refseq_RefSeq_include_all_refseq_shards_size_1000_268328763/dehydrated_links/zips/refseq_000273.zip.partial.20260707T121233Z.4191587 --no-progressbar
[2026-07-07 21:39:22] [INFO] datasets download refseq_000273：第 1/3 次尝试。日志：/data3/p252701008/refseq_genomes_runlogs/logs/refseq_RefSeq_include_all_refseq_shards_size_1000_268328763/datasets_download_refseq_000273_20260707T121233Z.4191587.log.attempt1
[2026-07-07 21:39:40] [INFO] dehydrated 链接包下载完成：/data3/p252701008/refseq_genomes/contexts/refseq_RefSeq_include_all_refseq_shards_size_1000_268328763/dehydrated_links/zips/refseq_000273.zip
[2026-07-07 21:39:40] [INFO] 可用磁盘空间：5920 GB；阈值：2000 GB；路径：/data3/p252701008/refseq_genomes/contexts/refseq_RefSeq_include_all_refseq_shards_size_1000_268328763/dehydrated_links/zips
[2026-07-07 21:39:40] [INFO] 开始下载 dehydrated 链接包：refseq_000274；accession 数：1000
[2026-07-07 21:39:40] [INFO] 命令：datasets download genome accession --inputfile /data3/p252701008/refseq_genomes_runlogs/shards/refseq_RefSeq_include_all_refseq_shards_size_1000_268328763/refseq_shards_size_1000/refseq_000274.txt --dehydrated --include all --assembly-source RefSeq --filename /data3/p252701008/refseq_genomes/contexts/refseq_RefSeq_include_all_refseq_shards_size_1000_268328763/dehydrated_links/zips/refseq_000274.zip.partial.20260707T121233Z.4191587 --no-progressbar
[2026-07-07 21:39:40] [INFO] datasets download refseq_000274：第 1/3 次尝试。日志：/data3/p252701008/refseq_genomes_runlogs/logs/refseq_RefSeq_include_all_refseq_shards_size_1000_268328763/datasets_download_refseq_000274_20260707T121233Z.4191587.log.attempt1
[2026-07-07 21:39:59] [INFO] dehydrated 链接包下载完成：/data3/p252701008/refseq_genomes/contexts/refseq_RefSeq_include_all_refseq_shards_size_1000_268328763/dehydrated_links/zips/refseq_000274.zip
[2026-07-07 21:39:59] [INFO] 可用磁盘空间：5920 GB；阈值：2000 GB；路径：/data3/p252701008/refseq_genomes/contexts/refseq_RefSeq_include_all_refseq_shards_size_1000_268328763/dehydrated_links/zips
[2026-07-07 21:39:59] [INFO] 开始下载 dehydrated 链接包：refseq_000275；accession 数：1000
[2026-07-07 21:39:59] [INFO] 命令：datasets download genome accession --inputfile /data3/p252701008/refseq_genomes_runlogs/shards/refseq_RefSeq_include_all_refseq_shards_size_1000_268328763/refseq_shards_size_1000/refseq_000275.txt --dehydrated --include all --assembly-source RefSeq --filename /data3/p252701008/refseq_genomes/contexts/refseq_RefSeq_include_all_refseq_shards_size_1000_268328763/dehydrated_links/zips/refseq_000275.zip.partial.20260707T121233Z.4191587 --no-progressbar
[2026-07-07 21:39:59] [INFO] datasets download refseq_000275：第 1/3 次尝试。日志：/data3/p252701008/refseq_genomes_runlogs/logs/refseq_RefSeq_include_all_refseq_shards_size_1000_268328763/datasets_download_refseq_000275_20260707T121233Z.4191587.log.attempt1
[2026-07-07 21:40:19] [INFO] dehydrated 链接包下载完成：/data3/p252701008/refseq_genomes/contexts/refseq_RefSeq_include_all_refseq_shards_size_1000_268328763/dehydrated_links/zips/refseq_000275.zip
[2026-07-07 21:40:19] [INFO] 可用磁盘空间：5920 GB；阈值：2000 GB；路径：/data3/p252701008/refseq_genomes/contexts/refseq_RefSeq_include_all_refseq_shards_size_1000_268328763/dehydrated_links/zips
[2026-07-07 21:40:19] [INFO] 开始下载 dehydrated 链接包：refseq_000276；accession 数：1000
[2026-07-07 21:40:19] [INFO] 命令：datasets download genome accession --inputfile /data3/p252701008/refseq_genomes_runlogs/shards/refseq_RefSeq_include_all_refseq_shards_size_1000_268328763/refseq_shards_size_1000/refseq_000276.txt --dehydrated --include all --assembly-source RefSeq --filename /data3/p252701008/refseq_genomes/contexts/refseq_RefSeq_include_all_refseq_shards_size_1000_268328763/dehydrated_links/zips/refseq_000276.zip.partial.20260707T121233Z.4191587 --no-progressbar
[2026-07-07 21:40:19] [INFO] datasets download refseq_000276：第 1/3 次尝试。日志：/data3/p252701008/refseq_genomes_runlogs/logs/refseq_RefSeq_include_all_refseq_shards_size_1000_268328763/datasets_download_refseq_000276_20260707T121233Z.4191587.log.attempt1
[2026-07-07 21:40:37] [INFO] dehydrated 链接包下载完成：/data3/p252701008/refseq_genomes/contexts/refseq_RefSeq_include_all_refseq_shards_size_1000_268328763/dehydrated_links/zips/refseq_000276.zip
[2026-07-07 21:40:37] [INFO] 可用磁盘空间：5920 GB；阈值：2000 GB；路径：/data3/p252701008/refseq_genomes/contexts/refseq_RefSeq_include_all_refseq_shards_size_1000_268328763/dehydrated_links/zips
[2026-07-07 21:40:37] [INFO] 开始下载 dehydrated 链接包：refseq_000277；accession 数：1000
[2026-07-07 21:40:37] [INFO] 命令：datasets download genome accession --inputfile /data3/p252701008/refseq_genomes_runlogs/shards/refseq_RefSeq_include_all_refseq_shards_size_1000_268328763/refseq_shards_size_1000/refseq_000277.txt --dehydrated --include all --assembly-source RefSeq --filename /data3/p252701008/refseq_genomes/contexts/refseq_RefSeq_include_all_refseq_shards_size_1000_268328763/dehydrated_links/zips/refseq_000277.zip.partial.20260707T121233Z.4191587 --no-progressbar
[2026-07-07 21:40:37] [INFO] datasets download refseq_000277：第 1/3 次尝试。日志：/data3/p252701008/refseq_genomes_runlogs/logs/refseq_RefSeq_include_all_refseq_shards_size_1000_268328763/datasets_download_refseq_000277_20260707T121233Z.4191587.log.attempt1
[2026-07-07 21:40:55] [INFO] dehydrated 链接包下载完成：/data3/p252701008/refseq_genomes/contexts/refseq_RefSeq_include_all_refseq_shards_size_1000_268328763/dehydrated_links/zips/refseq_000277.zip
[2026-07-07 21:40:55] [INFO] 可用磁盘空间：5920 GB；阈值：2000 GB；路径：/data3/p252701008/refseq_genomes/contexts/refseq_RefSeq_include_all_refseq_shards_size_1000_268328763/dehydrated_links/zips
[2026-07-07 21:40:55] [INFO] 开始下载 dehydrated 链接包：refseq_000278；accession 数：1000
[2026-07-07 21:40:55] [INFO] 命令：datasets download genome accession --inputfile /data3/p252701008/refseq_genomes_runlogs/shards/refseq_RefSeq_include_all_refseq_shards_size_1000_268328763/refseq_shards_size_1000/refseq_000278.txt --dehydrated --include all --assembly-source RefSeq --filename /data3/p252701008/refseq_genomes/contexts/refseq_RefSeq_include_all_refseq_shards_size_1000_268328763/dehydrated_links/zips/refseq_000278.zip.partial.20260707T121233Z.4191587 --no-progressbar
[2026-07-07 21:40:55] [INFO] datasets download refseq_000278：第 1/3 次尝试。日志：/data3/p252701008/refseq_genomes_runlogs/logs/refseq_RefSeq_include_all_refseq_shards_size_1000_268328763/datasets_download_refseq_000278_20260707T121233Z.4191587.log.attempt1
[2026-07-07 21:41:14] [INFO] dehydrated 链接包下载完成：/data3/p252701008/refseq_genomes/contexts/refseq_RefSeq_include_all_refseq_shards_size_1000_268328763/dehydrated_links/zips/refseq_000278.zip
[2026-07-07 21:41:14] [INFO] 可用磁盘空间：5920 GB；阈值：2000 GB；路径：/data3/p252701008/refseq_genomes/contexts/refseq_RefSeq_include_all_refseq_shards_size_1000_268328763/dehydrated_links/zips
[2026-07-07 21:41:14] [INFO] 开始下载 dehydrated 链接包：refseq_000279；accession 数：1000
[2026-07-07 21:41:14] [INFO] 命令：datasets download genome accession --inputfile /data3/p252701008/refseq_genomes_runlogs/shards/refseq_RefSeq_include_all_refseq_shards_size_1000_268328763/refseq_shards_size_1000/refseq_000279.txt --dehydrated --include all --assembly-source RefSeq --filename /data3/p252701008/refseq_genomes/contexts/refseq_RefSeq_include_all_refseq_shards_size_1000_268328763/dehydrated_links/zips/refseq_000279.zip.partial.20260707T121233Z.4191587 --no-progressbar
[2026-07-07 21:41:14] [INFO] datasets download refseq_000279：第 1/3 次尝试。日志：/data3/p252701008/refseq_genomes_runlogs/logs/refseq_RefSeq_include_all_refseq_shards_size_1000_268328763/datasets_download_refseq_000279_20260707T121233Z.4191587.log.attempt1
[2026-07-07 21:41:31] [INFO] dehydrated 链接包下载完成：/data3/p252701008/refseq_genomes/contexts/refseq_RefSeq_include_all_refseq_shards_size_1000_268328763/dehydrated_links/zips/refseq_000279.zip
[2026-07-07 21:41:31] [INFO] 可用磁盘空间：5920 GB；阈值：2000 GB；路径：/data3/p252701008/refseq_genomes/contexts/refseq_RefSeq_include_all_refseq_shards_size_1000_268328763/dehydrated_links/zips
[2026-07-07 21:41:31] [INFO] 开始下载 dehydrated 链接包：refseq_000280；accession 数：1000
[2026-07-07 21:41:31] [INFO] 命令：datasets download genome accession --inputfile /data3/p252701008/refseq_genomes_runlogs/shards/refseq_RefSeq_include_all_refseq_shards_size_1000_268328763/refseq_shards_size_1000/refseq_000280.txt --dehydrated --include all --assembly-source RefSeq --filename /data3/p252701008/refseq_genomes/contexts/refseq_RefSeq_include_all_refseq_shards_size_1000_268328763/dehydrated_links/zips/refseq_000280.zip.partial.20260707T121233Z.4191587 --no-progressbar
[2026-07-07 21:41:31] [INFO] datasets download refseq_000280：第 1/3 次尝试。日志：/data3/p252701008/refseq_genomes_runlogs/logs/refseq_RefSeq_include_all_refseq_shards_size_1000_268328763/datasets_download_refseq_000280_20260707T121233Z.4191587.log.attempt1
[2026-07-07 21:41:51] [INFO] dehydrated 链接包下载完成：/data3/p252701008/refseq_genomes/contexts/refseq_RefSeq_include_all_refseq_shards_size_1000_268328763/dehydrated_links/zips/refseq_000280.zip
[2026-07-07 21:41:51] [INFO] 可用磁盘空间：5920 GB；阈值：2000 GB；路径：/data3/p252701008/refseq_genomes/contexts/refseq_RefSeq_include_all_refseq_shards_size_1000_268328763/dehydrated_links/zips
[2026-07-07 21:41:51] [INFO] 开始下载 dehydrated 链接包：refseq_000281；accession 数：1000
[2026-07-07 21:41:51] [INFO] 命令：datasets download genome accession --inputfile /data3/p252701008/refseq_genomes_runlogs/shards/refseq_RefSeq_include_all_refseq_shards_size_1000_268328763/refseq_shards_size_1000/refseq_000281.txt --dehydrated --include all --assembly-source RefSeq --filename /data3/p252701008/refseq_genomes/contexts/refseq_RefSeq_include_all_refseq_shards_size_1000_268328763/dehydrated_links/zips/refseq_000281.zip.partial.20260707T121233Z.4191587 --no-progressbar
[2026-07-07 21:41:51] [INFO] datasets download refseq_000281：第 1/3 次尝试。日志：/data3/p252701008/refseq_genomes_runlogs/logs/refseq_RefSeq_include_all_refseq_shards_size_1000_268328763/datasets_download_refseq_000281_20260707T121233Z.4191587.log.attempt1
[2026-07-07 21:42:10] [INFO] dehydrated 链接包下载完成：/data3/p252701008/refseq_genomes/contexts/refseq_RefSeq_include_all_refseq_shards_size_1000_268328763/dehydrated_links/zips/refseq_000281.zip
[2026-07-07 21:42:10] [INFO] 可用磁盘空间：5920 GB；阈值：2000 GB；路径：/data3/p252701008/refseq_genomes/contexts/refseq_RefSeq_include_all_refseq_shards_size_1000_268328763/dehydrated_links/zips
[2026-07-07 21:42:10] [INFO] 开始下载 dehydrated 链接包：refseq_000282；accession 数：1000
[2026-07-07 21:42:10] [INFO] 命令：datasets download genome accession --inputfile /data3/p252701008/refseq_genomes_runlogs/shards/refseq_RefSeq_include_all_refseq_shards_size_1000_268328763/refseq_shards_size_1000/refseq_000282.txt --dehydrated --include all --assembly-source RefSeq --filename /data3/p252701008/refseq_genomes/contexts/refseq_RefSeq_include_all_refseq_shards_size_1000_268328763/dehydrated_links/zips/refseq_000282.zip.partial.20260707T121233Z.4191587 --no-progressbar
[2026-07-07 21:42:10] [INFO] datasets download refseq_000282：第 1/3 次尝试。日志：/data3/p252701008/refseq_genomes_runlogs/logs/refseq_RefSeq_include_all_refseq_shards_size_1000_268328763/datasets_download_refseq_000282_20260707T121233Z.4191587.log.attempt1
[2026-07-07 21:42:29] [INFO] dehydrated 链接包下载完成：/data3/p252701008/refseq_genomes/contexts/refseq_RefSeq_include_all_refseq_shards_size_1000_268328763/dehydrated_links/zips/refseq_000282.zip
[2026-07-07 21:42:29] [INFO] 可用磁盘空间：5920 GB；阈值：2000 GB；路径：/data3/p252701008/refseq_genomes/contexts/refseq_RefSeq_include_all_refseq_shards_size_1000_268328763/dehydrated_links/zips
[2026-07-07 21:42:29] [INFO] 开始下载 dehydrated 链接包：refseq_000283；accession 数：1000
[2026-07-07 21:42:29] [INFO] 命令：datasets download genome accession --inputfile /data3/p252701008/refseq_genomes_runlogs/shards/refseq_RefSeq_include_all_refseq_shards_size_1000_268328763/refseq_shards_size_1000/refseq_000283.txt --dehydrated --include all --assembly-source RefSeq --filename /data3/p252701008/refseq_genomes/contexts/refseq_RefSeq_include_all_refseq_shards_size_1000_268328763/dehydrated_links/zips/refseq_000283.zip.partial.20260707T121233Z.4191587 --no-progressbar
[2026-07-07 21:42:29] [INFO] datasets download refseq_000283：第 1/3 次尝试。日志：/data3/p252701008/refseq_genomes_runlogs/logs/refseq_RefSeq_include_all_refseq_shards_size_1000_268328763/datasets_download_refseq_000283_20260707T121233Z.4191587.log.attempt1
[2026-07-07 21:42:48] [INFO] dehydrated 链接包下载完成：/data3/p252701008/refseq_genomes/contexts/refseq_RefSeq_include_all_refseq_shards_size_1000_268328763/dehydrated_links/zips/refseq_000283.zip
[2026-07-07 21:42:48] [INFO] 可用磁盘空间：5920 GB；阈值：2000 GB；路径：/data3/p252701008/refseq_genomes/contexts/refseq_RefSeq_include_all_refseq_shards_size_1000_268328763/dehydrated_links/zips
[2026-07-07 21:42:48] [INFO] 开始下载 dehydrated 链接包：refseq_000284；accession 数：1000
[2026-07-07 21:42:48] [INFO] 命令：datasets download genome accession --inputfile /data3/p252701008/refseq_genomes_runlogs/shards/refseq_RefSeq_include_all_refseq_shards_size_1000_268328763/refseq_shards_size_1000/refseq_000284.txt --dehydrated --include all --assembly-source RefSeq --filename /data3/p252701008/refseq_genomes/contexts/refseq_RefSeq_include_all_refseq_shards_size_1000_268328763/dehydrated_links/zips/refseq_000284.zip.partial.20260707T121233Z.4191587 --no-progressbar
[2026-07-07 21:42:48] [INFO] datasets download refseq_000284：第 1/3 次尝试。日志：/data3/p252701008/refseq_genomes_runlogs/logs/refseq_RefSeq_include_all_refseq_shards_size_1000_268328763/datasets_download_refseq_000284_20260707T121233Z.4191587.log.attempt1
[2026-07-07 21:43:07] [INFO] dehydrated 链接包下载完成：/data3/p252701008/refseq_genomes/contexts/refseq_RefSeq_include_all_refseq_shards_size_1000_268328763/dehydrated_links/zips/refseq_000284.zip
[2026-07-07 21:43:07] [INFO] 可用磁盘空间：5920 GB；阈值：2000 GB；路径：/data3/p252701008/refseq_genomes/contexts/refseq_RefSeq_include_all_refseq_shards_size_1000_268328763/dehydrated_links/zips
[2026-07-07 21:43:07] [INFO] 开始下载 dehydrated 链接包：refseq_000285；accession 数：1000
[2026-07-07 21:43:07] [INFO] 命令：datasets download genome accession --inputfile /data3/p252701008/refseq_genomes_runlogs/shards/refseq_RefSeq_include_all_refseq_shards_size_1000_268328763/refseq_shards_size_1000/refseq_000285.txt --dehydrated --include all --assembly-source RefSeq --filename /data3/p252701008/refseq_genomes/contexts/refseq_RefSeq_include_all_refseq_shards_size_1000_268328763/dehydrated_links/zips/refseq_000285.zip.partial.20260707T121233Z.4191587 --no-progressbar
[2026-07-07 21:43:07] [INFO] datasets download refseq_000285：第 1/3 次尝试。日志：/data3/p252701008/refseq_genomes_runlogs/logs/refseq_RefSeq_include_all_refseq_shards_size_1000_268328763/datasets_download_refseq_000285_20260707T121233Z.4191587.log.attempt1
[2026-07-07 21:43:25] [INFO] dehydrated 链接包下载完成：/data3/p252701008/refseq_genomes/contexts/refseq_RefSeq_include_all_refseq_shards_size_1000_268328763/dehydrated_links/zips/refseq_000285.zip
[2026-07-07 21:43:25] [INFO] 可用磁盘空间：5920 GB；阈值：2000 GB；路径：/data3/p252701008/refseq_genomes/contexts/refseq_RefSeq_include_all_refseq_shards_size_1000_268328763/dehydrated_links/zips
[2026-07-07 21:43:25] [INFO] 开始下载 dehydrated 链接包：refseq_000286；accession 数：1000
[2026-07-07 21:43:25] [INFO] 命令：datasets download genome accession --inputfile /data3/p252701008/refseq_genomes_runlogs/shards/refseq_RefSeq_include_all_refseq_shards_size_1000_268328763/refseq_shards_size_1000/refseq_000286.txt --dehydrated --include all --assembly-source RefSeq --filename /data3/p252701008/refseq_genomes/contexts/refseq_RefSeq_include_all_refseq_shards_size_1000_268328763/dehydrated_links/zips/refseq_000286.zip.partial.20260707T121233Z.4191587 --no-progressbar
[2026-07-07 21:43:25] [INFO] datasets download refseq_000286：第 1/3 次尝试。日志：/data3/p252701008/refseq_genomes_runlogs/logs/refseq_RefSeq_include_all_refseq_shards_size_1000_268328763/datasets_download_refseq_000286_20260707T121233Z.4191587.log.attempt1
[2026-07-07 21:43:43] [INFO] dehydrated 链接包下载完成：/data3/p252701008/refseq_genomes/contexts/refseq_RefSeq_include_all_refseq_shards_size_1000_268328763/dehydrated_links/zips/refseq_000286.zip
[2026-07-07 21:43:43] [INFO] 可用磁盘空间：5920 GB；阈值：2000 GB；路径：/data3/p252701008/refseq_genomes/contexts/refseq_RefSeq_include_all_refseq_shards_size_1000_268328763/dehydrated_links/zips
[2026-07-07 21:43:43] [INFO] 开始下载 dehydrated 链接包：refseq_000287；accession 数：1000
[2026-07-07 21:43:43] [INFO] 命令：datasets download genome accession --inputfile /data3/p252701008/refseq_genomes_runlogs/shards/refseq_RefSeq_include_all_refseq_shards_size_1000_268328763/refseq_shards_size_1000/refseq_000287.txt --dehydrated --include all --assembly-source RefSeq --filename /data3/p252701008/refseq_genomes/contexts/refseq_RefSeq_include_all_refseq_shards_size_1000_268328763/dehydrated_links/zips/refseq_000287.zip.partial.20260707T121233Z.4191587 --no-progressbar
[2026-07-07 21:43:43] [INFO] datasets download refseq_000287：第 1/3 次尝试。日志：/data3/p252701008/refseq_genomes_runlogs/logs/refseq_RefSeq_include_all_refseq_shards_size_1000_268328763/datasets_download_refseq_000287_20260707T121233Z.4191587.log.attempt1
[2026-07-07 21:43:59] [INFO] dehydrated 链接包下载完成：/data3/p252701008/refseq_genomes/contexts/refseq_RefSeq_include_all_refseq_shards_size_1000_268328763/dehydrated_links/zips/refseq_000287.zip
[2026-07-07 21:43:59] [INFO] 可用磁盘空间：5920 GB；阈值：2000 GB；路径：/data3/p252701008/refseq_genomes/contexts/refseq_RefSeq_include_all_refseq_shards_size_1000_268328763/dehydrated_links/zips
[2026-07-07 21:43:59] [INFO] 开始下载 dehydrated 链接包：refseq_000288；accession 数：1000
[2026-07-07 21:44:00] [INFO] 命令：datasets download genome accession --inputfile /data3/p252701008/refseq_genomes_runlogs/shards/refseq_RefSeq_include_all_refseq_shards_size_1000_268328763/refseq_shards_size_1000/refseq_000288.txt --dehydrated --include all --assembly-source RefSeq --filename /data3/p252701008/refseq_genomes/contexts/refseq_RefSeq_include_all_refseq_shards_size_1000_268328763/dehydrated_links/zips/refseq_000288.zip.partial.20260707T121233Z.4191587 --no-progressbar
[2026-07-07 21:44:00] [INFO] datasets download refseq_000288：第 1/3 次尝试。日志：/data3/p252701008/refseq_genomes_runlogs/logs/refseq_RefSeq_include_all_refseq_shards_size_1000_268328763/datasets_download_refseq_000288_20260707T121233Z.4191587.log.attempt1
[2026-07-07 21:44:19] [INFO] dehydrated 链接包下载完成：/data3/p252701008/refseq_genomes/contexts/refseq_RefSeq_include_all_refseq_shards_size_1000_268328763/dehydrated_links/zips/refseq_000288.zip
[2026-07-07 21:44:19] [INFO] 可用磁盘空间：5920 GB；阈值：2000 GB；路径：/data3/p252701008/refseq_genomes/contexts/refseq_RefSeq_include_all_refseq_shards_size_1000_268328763/dehydrated_links/zips
[2026-07-07 21:44:19] [INFO] 开始下载 dehydrated 链接包：refseq_000289；accession 数：1000
[2026-07-07 21:44:19] [INFO] 命令：datasets download genome accession --inputfile /data3/p252701008/refseq_genomes_runlogs/shards/refseq_RefSeq_include_all_refseq_shards_size_1000_268328763/refseq_shards_size_1000/refseq_000289.txt --dehydrated --include all --assembly-source RefSeq --filename /data3/p252701008/refseq_genomes/contexts/refseq_RefSeq_include_all_refseq_shards_size_1000_268328763/dehydrated_links/zips/refseq_000289.zip.partial.20260707T121233Z.4191587 --no-progressbar
[2026-07-07 21:44:19] [INFO] datasets download refseq_000289：第 1/3 次尝试。日志：/data3/p252701008/refseq_genomes_runlogs/logs/refseq_RefSeq_include_all_refseq_shards_size_1000_268328763/datasets_download_refseq_000289_20260707T121233Z.4191587.log.attempt1
[2026-07-07 21:44:37] [INFO] dehydrated 链接包下载完成：/data3/p252701008/refseq_genomes/contexts/refseq_RefSeq_include_all_refseq_shards_size_1000_268328763/dehydrated_links/zips/refseq_000289.zip
[2026-07-07 21:44:37] [INFO] 可用磁盘空间：5920 GB；阈值：2000 GB；路径：/data3/p252701008/refseq_genomes/contexts/refseq_RefSeq_include_all_refseq_shards_size_1000_268328763/dehydrated_links/zips
[2026-07-07 21:44:37] [INFO] 开始下载 dehydrated 链接包：refseq_000290；accession 数：1000
[2026-07-07 21:44:37] [INFO] 命令：datasets download genome accession --inputfile /data3/p252701008/refseq_genomes_runlogs/shards/refseq_RefSeq_include_all_refseq_shards_size_1000_268328763/refseq_shards_size_1000/refseq_000290.txt --dehydrated --include all --assembly-source RefSeq --filename /data3/p252701008/refseq_genomes/contexts/refseq_RefSeq_include_all_refseq_shards_size_1000_268328763/dehydrated_links/zips/refseq_000290.zip.partial.20260707T121233Z.4191587 --no-progressbar
[2026-07-07 21:44:37] [INFO] datasets download refseq_000290：第 1/3 次尝试。日志：/data3/p252701008/refseq_genomes_runlogs/logs/refseq_RefSeq_include_all_refseq_shards_size_1000_268328763/datasets_download_refseq_000290_20260707T121233Z.4191587.log.attempt1
[2026-07-07 21:44:56] [INFO] dehydrated 链接包下载完成：/data3/p252701008/refseq_genomes/contexts/refseq_RefSeq_include_all_refseq_shards_size_1000_268328763/dehydrated_links/zips/refseq_000290.zip
[2026-07-07 21:44:56] [INFO] 可用磁盘空间：5920 GB；阈值：2000 GB；路径：/data3/p252701008/refseq_genomes/contexts/refseq_RefSeq_include_all_refseq_shards_size_1000_268328763/dehydrated_links/zips
[2026-07-07 21:44:56] [INFO] 开始下载 dehydrated 链接包：refseq_000291；accession 数：1000
[2026-07-07 21:44:56] [INFO] 命令：datasets download genome accession --inputfile /data3/p252701008/refseq_genomes_runlogs/shards/refseq_RefSeq_include_all_refseq_shards_size_1000_268328763/refseq_shards_size_1000/refseq_000291.txt --dehydrated --include all --assembly-source RefSeq --filename /data3/p252701008/refseq_genomes/contexts/refseq_RefSeq_include_all_refseq_shards_size_1000_268328763/dehydrated_links/zips/refseq_000291.zip.partial.20260707T121233Z.4191587 --no-progressbar
[2026-07-07 21:44:56] [INFO] datasets download refseq_000291：第 1/3 次尝试。日志：/data3/p252701008/refseq_genomes_runlogs/logs/refseq_RefSeq_include_all_refseq_shards_size_1000_268328763/datasets_download_refseq_000291_20260707T121233Z.4191587.log.attempt1
[2026-07-07 21:45:15] [INFO] dehydrated 链接包下载完成：/data3/p252701008/refseq_genomes/contexts/refseq_RefSeq_include_all_refseq_shards_size_1000_268328763/dehydrated_links/zips/refseq_000291.zip
[2026-07-07 21:45:15] [INFO] 可用磁盘空间：5920 GB；阈值：2000 GB；路径：/data3/p252701008/refseq_genomes/contexts/refseq_RefSeq_include_all_refseq_shards_size_1000_268328763/dehydrated_links/zips
[2026-07-07 21:45:15] [INFO] 开始下载 dehydrated 链接包：refseq_000292；accession 数：1000
[2026-07-07 21:45:15] [INFO] 命令：datasets download genome accession --inputfile /data3/p252701008/refseq_genomes_runlogs/shards/refseq_RefSeq_include_all_refseq_shards_size_1000_268328763/refseq_shards_size_1000/refseq_000292.txt --dehydrated --include all --assembly-source RefSeq --filename /data3/p252701008/refseq_genomes/contexts/refseq_RefSeq_include_all_refseq_shards_size_1000_268328763/dehydrated_links/zips/refseq_000292.zip.partial.20260707T121233Z.4191587 --no-progressbar
[2026-07-07 21:45:15] [INFO] datasets download refseq_000292：第 1/3 次尝试。日志：/data3/p252701008/refseq_genomes_runlogs/logs/refseq_RefSeq_include_all_refseq_shards_size_1000_268328763/datasets_download_refseq_000292_20260707T121233Z.4191587.log.attempt1
[2026-07-07 21:45:34] [INFO] dehydrated 链接包下载完成：/data3/p252701008/refseq_genomes/contexts/refseq_RefSeq_include_all_refseq_shards_size_1000_268328763/dehydrated_links/zips/refseq_000292.zip
[2026-07-07 21:45:34] [INFO] 可用磁盘空间：5920 GB；阈值：2000 GB；路径：/data3/p252701008/refseq_genomes/contexts/refseq_RefSeq_include_all_refseq_shards_size_1000_268328763/dehydrated_links/zips
[2026-07-07 21:45:34] [INFO] 开始下载 dehydrated 链接包：refseq_000293；accession 数：1000
[2026-07-07 21:45:34] [INFO] 命令：datasets download genome accession --inputfile /data3/p252701008/refseq_genomes_runlogs/shards/refseq_RefSeq_include_all_refseq_shards_size_1000_268328763/refseq_shards_size_1000/refseq_000293.txt --dehydrated --include all --assembly-source RefSeq --filename /data3/p252701008/refseq_genomes/contexts/refseq_RefSeq_include_all_refseq_shards_size_1000_268328763/dehydrated_links/zips/refseq_000293.zip.partial.20260707T121233Z.4191587 --no-progressbar
[2026-07-07 21:45:34] [INFO] datasets download refseq_000293：第 1/3 次尝试。日志：/data3/p252701008/refseq_genomes_runlogs/logs/refseq_RefSeq_include_all_refseq_shards_size_1000_268328763/datasets_download_refseq_000293_20260707T121233Z.4191587.log.attempt1
[2026-07-07 21:45:51] [INFO] dehydrated 链接包下载完成：/data3/p252701008/refseq_genomes/contexts/refseq_RefSeq_include_all_refseq_shards_size_1000_268328763/dehydrated_links/zips/refseq_000293.zip
[2026-07-07 21:45:51] [INFO] 可用磁盘空间：5920 GB；阈值：2000 GB；路径：/data3/p252701008/refseq_genomes/contexts/refseq_RefSeq_include_all_refseq_shards_size_1000_268328763/dehydrated_links/zips
[2026-07-07 21:45:51] [INFO] 开始下载 dehydrated 链接包：refseq_000294；accession 数：1000
[2026-07-07 21:45:51] [INFO] 命令：datasets download genome accession --inputfile /data3/p252701008/refseq_genomes_runlogs/shards/refseq_RefSeq_include_all_refseq_shards_size_1000_268328763/refseq_shards_size_1000/refseq_000294.txt --dehydrated --include all --assembly-source RefSeq --filename /data3/p252701008/refseq_genomes/contexts/refseq_RefSeq_include_all_refseq_shards_size_1000_268328763/dehydrated_links/zips/refseq_000294.zip.partial.20260707T121233Z.4191587 --no-progressbar
[2026-07-07 21:45:51] [INFO] datasets download refseq_000294：第 1/3 次尝试。日志：/data3/p252701008/refseq_genomes_runlogs/logs/refseq_RefSeq_include_all_refseq_shards_size_1000_268328763/datasets_download_refseq_000294_20260707T121233Z.4191587.log.attempt1
[2026-07-07 21:46:09] [INFO] dehydrated 链接包下载完成：/data3/p252701008/refseq_genomes/contexts/refseq_RefSeq_include_all_refseq_shards_size_1000_268328763/dehydrated_links/zips/refseq_000294.zip
[2026-07-07 21:46:09] [INFO] 可用磁盘空间：5920 GB；阈值：2000 GB；路径：/data3/p252701008/refseq_genomes/contexts/refseq_RefSeq_include_all_refseq_shards_size_1000_268328763/dehydrated_links/zips
[2026-07-07 21:46:09] [INFO] 开始下载 dehydrated 链接包：refseq_000295；accession 数：1000
[2026-07-07 21:46:09] [INFO] 命令：datasets download genome accession --inputfile /data3/p252701008/refseq_genomes_runlogs/shards/refseq_RefSeq_include_all_refseq_shards_size_1000_268328763/refseq_shards_size_1000/refseq_000295.txt --dehydrated --include all --assembly-source RefSeq --filename /data3/p252701008/refseq_genomes/contexts/refseq_RefSeq_include_all_refseq_shards_size_1000_268328763/dehydrated_links/zips/refseq_000295.zip.partial.20260707T121233Z.4191587 --no-progressbar
[2026-07-07 21:46:09] [INFO] datasets download refseq_000295：第 1/3 次尝试。日志：/data3/p252701008/refseq_genomes_runlogs/logs/refseq_RefSeq_include_all_refseq_shards_size_1000_268328763/datasets_download_refseq_000295_20260707T121233Z.4191587.log.attempt1
[2026-07-07 21:46:28] [INFO] dehydrated 链接包下载完成：/data3/p252701008/refseq_genomes/contexts/refseq_RefSeq_include_all_refseq_shards_size_1000_268328763/dehydrated_links/zips/refseq_000295.zip
[2026-07-07 21:46:28] [INFO] 可用磁盘空间：5920 GB；阈值：2000 GB；路径：/data3/p252701008/refseq_genomes/contexts/refseq_RefSeq_include_all_refseq_shards_size_1000_268328763/dehydrated_links/zips
[2026-07-07 21:46:28] [INFO] 开始下载 dehydrated 链接包：refseq_000296；accession 数：1000
[2026-07-07 21:46:28] [INFO] 命令：datasets download genome accession --inputfile /data3/p252701008/refseq_genomes_runlogs/shards/refseq_RefSeq_include_all_refseq_shards_size_1000_268328763/refseq_shards_size_1000/refseq_000296.txt --dehydrated --include all --assembly-source RefSeq --filename /data3/p252701008/refseq_genomes/contexts/refseq_RefSeq_include_all_refseq_shards_size_1000_268328763/dehydrated_links/zips/refseq_000296.zip.partial.20260707T121233Z.4191587 --no-progressbar
[2026-07-07 21:46:28] [INFO] datasets download refseq_000296：第 1/3 次尝试。日志：/data3/p252701008/refseq_genomes_runlogs/logs/refseq_RefSeq_include_all_refseq_shards_size_1000_268328763/datasets_download_refseq_000296_20260707T121233Z.4191587.log.attempt1
[2026-07-07 21:46:46] [INFO] dehydrated 链接包下载完成：/data3/p252701008/refseq_genomes/contexts/refseq_RefSeq_include_all_refseq_shards_size_1000_268328763/dehydrated_links/zips/refseq_000296.zip
[2026-07-07 21:46:46] [INFO] 可用磁盘空间：5920 GB；阈值：2000 GB；路径：/data3/p252701008/refseq_genomes/contexts/refseq_RefSeq_include_all_refseq_shards_size_1000_268328763/dehydrated_links/zips
[2026-07-07 21:46:46] [INFO] 开始下载 dehydrated 链接包：refseq_000297；accession 数：1000
[2026-07-07 21:46:46] [INFO] 命令：datasets download genome accession --inputfile /data3/p252701008/refseq_genomes_runlogs/shards/refseq_RefSeq_include_all_refseq_shards_size_1000_268328763/refseq_shards_size_1000/refseq_000297.txt --dehydrated --include all --assembly-source RefSeq --filename /data3/p252701008/refseq_genomes/contexts/refseq_RefSeq_include_all_refseq_shards_size_1000_268328763/dehydrated_links/zips/refseq_000297.zip.partial.20260707T121233Z.4191587 --no-progressbar
[2026-07-07 21:46:46] [INFO] datasets download refseq_000297：第 1/3 次尝试。日志：/data3/p252701008/refseq_genomes_runlogs/logs/refseq_RefSeq_include_all_refseq_shards_size_1000_268328763/datasets_download_refseq_000297_20260707T121233Z.4191587.log.attempt1
[2026-07-07 21:47:02] [INFO] dehydrated 链接包下载完成：/data3/p252701008/refseq_genomes/contexts/refseq_RefSeq_include_all_refseq_shards_size_1000_268328763/dehydrated_links/zips/refseq_000297.zip
[2026-07-07 21:47:02] [INFO] 可用磁盘空间：5920 GB；阈值：2000 GB；路径：/data3/p252701008/refseq_genomes/contexts/refseq_RefSeq_include_all_refseq_shards_size_1000_268328763/dehydrated_links/zips
[2026-07-07 21:47:02] [INFO] 开始下载 dehydrated 链接包：refseq_000298；accession 数：1000
[2026-07-07 21:47:02] [INFO] 命令：datasets download genome accession --inputfile /data3/p252701008/refseq_genomes_runlogs/shards/refseq_RefSeq_include_all_refseq_shards_size_1000_268328763/refseq_shards_size_1000/refseq_000298.txt --dehydrated --include all --assembly-source RefSeq --filename /data3/p252701008/refseq_genomes/contexts/refseq_RefSeq_include_all_refseq_shards_size_1000_268328763/dehydrated_links/zips/refseq_000298.zip.partial.20260707T121233Z.4191587 --no-progressbar
[2026-07-07 21:47:02] [INFO] datasets download refseq_000298：第 1/3 次尝试。日志：/data3/p252701008/refseq_genomes_runlogs/logs/refseq_RefSeq_include_all_refseq_shards_size_1000_268328763/datasets_download_refseq_000298_20260707T121233Z.4191587.log.attempt1
[2026-07-07 21:47:21] [INFO] dehydrated 链接包下载完成：/data3/p252701008/refseq_genomes/contexts/refseq_RefSeq_include_all_refseq_shards_size_1000_268328763/dehydrated_links/zips/refseq_000298.zip
[2026-07-07 21:47:21] [INFO] 可用磁盘空间：5920 GB；阈值：2000 GB；路径：/data3/p252701008/refseq_genomes/contexts/refseq_RefSeq_include_all_refseq_shards_size_1000_268328763/dehydrated_links/zips
[2026-07-07 21:47:21] [INFO] 开始下载 dehydrated 链接包：refseq_000299；accession 数：1000
[2026-07-07 21:47:21] [INFO] 命令：datasets download genome accession --inputfile /data3/p252701008/refseq_genomes_runlogs/shards/refseq_RefSeq_include_all_refseq_shards_size_1000_268328763/refseq_shards_size_1000/refseq_000299.txt --dehydrated --include all --assembly-source RefSeq --filename /data3/p252701008/refseq_genomes/contexts/refseq_RefSeq_include_all_refseq_shards_size_1000_268328763/dehydrated_links/zips/refseq_000299.zip.partial.20260707T121233Z.4191587 --no-progressbar
[2026-07-07 21:47:21] [INFO] datasets download refseq_000299：第 1/3 次尝试。日志：/data3/p252701008/refseq_genomes_runlogs/logs/refseq_RefSeq_include_all_refseq_shards_size_1000_268328763/datasets_download_refseq_000299_20260707T121233Z.4191587.log.attempt1
[2026-07-07 21:47:38] [INFO] dehydrated 链接包下载完成：/data3/p252701008/refseq_genomes/contexts/refseq_RefSeq_include_all_refseq_shards_size_1000_268328763/dehydrated_links/zips/refseq_000299.zip
[2026-07-07 21:47:38] [INFO] 可用磁盘空间：5920 GB；阈值：2000 GB；路径：/data3/p252701008/refseq_genomes/contexts/refseq_RefSeq_include_all_refseq_shards_size_1000_268328763/dehydrated_links/zips
[2026-07-07 21:47:38] [INFO] 开始下载 dehydrated 链接包：refseq_000300；accession 数：1000
[2026-07-07 21:47:38] [INFO] 命令：datasets download genome accession --inputfile /data3/p252701008/refseq_genomes_runlogs/shards/refseq_RefSeq_include_all_refseq_shards_size_1000_268328763/refseq_shards_size_1000/refseq_000300.txt --dehydrated --include all --assembly-source RefSeq --filename /data3/p252701008/refseq_genomes/contexts/refseq_RefSeq_include_all_refseq_shards_size_1000_268328763/dehydrated_links/zips/refseq_000300.zip.partial.20260707T121233Z.4191587 --no-progressbar
[2026-07-07 21:47:38] [INFO] datasets download refseq_000300：第 1/3 次尝试。日志：/data3/p252701008/refseq_genomes_runlogs/logs/refseq_RefSeq_include_all_refseq_shards_size_1000_268328763/datasets_download_refseq_000300_20260707T121233Z.4191587.log.attempt1
[2026-07-07 21:47:56] [INFO] dehydrated 链接包下载完成：/data3/p252701008/refseq_genomes/contexts/refseq_RefSeq_include_all_refseq_shards_size_1000_268328763/dehydrated_links/zips/refseq_000300.zip
[2026-07-07 21:47:56] [INFO] 可用磁盘空间：5920 GB；阈值：2000 GB；路径：/data3/p252701008/refseq_genomes/contexts/refseq_RefSeq_include_all_refseq_shards_size_1000_268328763/dehydrated_links/zips
[2026-07-07 21:47:56] [INFO] 开始下载 dehydrated 链接包：refseq_000301；accession 数：1000
[2026-07-07 21:47:56] [INFO] 命令：datasets download genome accession --inputfile /data3/p252701008/refseq_genomes_runlogs/shards/refseq_RefSeq_include_all_refseq_shards_size_1000_268328763/refseq_shards_size_1000/refseq_000301.txt --dehydrated --include all --assembly-source RefSeq --filename /data3/p252701008/refseq_genomes/contexts/refseq_RefSeq_include_all_refseq_shards_size_1000_268328763/dehydrated_links/zips/refseq_000301.zip.partial.20260707T121233Z.4191587 --no-progressbar
[2026-07-07 21:47:56] [INFO] datasets download refseq_000301：第 1/3 次尝试。日志：/data3/p252701008/refseq_genomes_runlogs/logs/refseq_RefSeq_include_all_refseq_shards_size_1000_268328763/datasets_download_refseq_000301_20260707T121233Z.4191587.log.attempt1
[2026-07-07 21:48:14] [INFO] dehydrated 链接包下载完成：/data3/p252701008/refseq_genomes/contexts/refseq_RefSeq_include_all_refseq_shards_size_1000_268328763/dehydrated_links/zips/refseq_000301.zip
[2026-07-07 21:48:14] [INFO] 可用磁盘空间：5920 GB；阈值：2000 GB；路径：/data3/p252701008/refseq_genomes/contexts/refseq_RefSeq_include_all_refseq_shards_size_1000_268328763/dehydrated_links/zips
[2026-07-07 21:48:14] [INFO] 开始下载 dehydrated 链接包：refseq_000302；accession 数：1000
[2026-07-07 21:48:14] [INFO] 命令：datasets download genome accession --inputfile /data3/p252701008/refseq_genomes_runlogs/shards/refseq_RefSeq_include_all_refseq_shards_size_1000_268328763/refseq_shards_size_1000/refseq_000302.txt --dehydrated --include all --assembly-source RefSeq --filename /data3/p252701008/refseq_genomes/contexts/refseq_RefSeq_include_all_refseq_shards_size_1000_268328763/dehydrated_links/zips/refseq_000302.zip.partial.20260707T121233Z.4191587 --no-progressbar
[2026-07-07 21:48:14] [INFO] datasets download refseq_000302：第 1/3 次尝试。日志：/data3/p252701008/refseq_genomes_runlogs/logs/refseq_RefSeq_include_all_refseq_shards_size_1000_268328763/datasets_download_refseq_000302_20260707T121233Z.4191587.log.attempt1
[2026-07-07 21:48:32] [INFO] dehydrated 链接包下载完成：/data3/p252701008/refseq_genomes/contexts/refseq_RefSeq_include_all_refseq_shards_size_1000_268328763/dehydrated_links/zips/refseq_000302.zip
[2026-07-07 21:48:32] [INFO] 可用磁盘空间：5920 GB；阈值：2000 GB；路径：/data3/p252701008/refseq_genomes/contexts/refseq_RefSeq_include_all_refseq_shards_size_1000_268328763/dehydrated_links/zips
[2026-07-07 21:48:32] [INFO] 开始下载 dehydrated 链接包：refseq_000303；accession 数：1000
[2026-07-07 21:48:32] [INFO] 命令：datasets download genome accession --inputfile /data3/p252701008/refseq_genomes_runlogs/shards/refseq_RefSeq_include_all_refseq_shards_size_1000_268328763/refseq_shards_size_1000/refseq_000303.txt --dehydrated --include all --assembly-source RefSeq --filename /data3/p252701008/refseq_genomes/contexts/refseq_RefSeq_include_all_refseq_shards_size_1000_268328763/dehydrated_links/zips/refseq_000303.zip.partial.20260707T121233Z.4191587 --no-progressbar
[2026-07-07 21:48:32] [INFO] datasets download refseq_000303：第 1/3 次尝试。日志：/data3/p252701008/refseq_genomes_runlogs/logs/refseq_RefSeq_include_all_refseq_shards_size_1000_268328763/datasets_download_refseq_000303_20260707T121233Z.4191587.log.attempt1
[2026-07-07 21:48:48] [INFO] dehydrated 链接包下载完成：/data3/p252701008/refseq_genomes/contexts/refseq_RefSeq_include_all_refseq_shards_size_1000_268328763/dehydrated_links/zips/refseq_000303.zip
[2026-07-07 21:48:48] [INFO] 可用磁盘空间：5920 GB；阈值：2000 GB；路径：/data3/p252701008/refseq_genomes/contexts/refseq_RefSeq_include_all_refseq_shards_size_1000_268328763/dehydrated_links/zips
[2026-07-07 21:48:48] [INFO] 开始下载 dehydrated 链接包：refseq_000304；accession 数：1000
[2026-07-07 21:48:48] [INFO] 命令：datasets download genome accession --inputfile /data3/p252701008/refseq_genomes_runlogs/shards/refseq_RefSeq_include_all_refseq_shards_size_1000_268328763/refseq_shards_size_1000/refseq_000304.txt --dehydrated --include all --assembly-source RefSeq --filename /data3/p252701008/refseq_genomes/contexts/refseq_RefSeq_include_all_refseq_shards_size_1000_268328763/dehydrated_links/zips/refseq_000304.zip.partial.20260707T121233Z.4191587 --no-progressbar
[2026-07-07 21:48:48] [INFO] datasets download refseq_000304：第 1/3 次尝试。日志：/data3/p252701008/refseq_genomes_runlogs/logs/refseq_RefSeq_include_all_refseq_shards_size_1000_268328763/datasets_download_refseq_000304_20260707T121233Z.4191587.log.attempt1
[2026-07-07 21:49:06] [INFO] dehydrated 链接包下载完成：/data3/p252701008/refseq_genomes/contexts/refseq_RefSeq_include_all_refseq_shards_size_1000_268328763/dehydrated_links/zips/refseq_000304.zip
[2026-07-07 21:49:06] [INFO] 可用磁盘空间：5920 GB；阈值：2000 GB；路径：/data3/p252701008/refseq_genomes/contexts/refseq_RefSeq_include_all_refseq_shards_size_1000_268328763/dehydrated_links/zips
[2026-07-07 21:49:06] [INFO] 开始下载 dehydrated 链接包：refseq_000305；accession 数：1000
[2026-07-07 21:49:06] [INFO] 命令：datasets download genome accession --inputfile /data3/p252701008/refseq_genomes_runlogs/shards/refseq_RefSeq_include_all_refseq_shards_size_1000_268328763/refseq_shards_size_1000/refseq_000305.txt --dehydrated --include all --assembly-source RefSeq --filename /data3/p252701008/refseq_genomes/contexts/refseq_RefSeq_include_all_refseq_shards_size_1000_268328763/dehydrated_links/zips/refseq_000305.zip.partial.20260707T121233Z.4191587 --no-progressbar
[2026-07-07 21:49:06] [INFO] datasets download refseq_000305：第 1/3 次尝试。日志：/data3/p252701008/refseq_genomes_runlogs/logs/refseq_RefSeq_include_all_refseq_shards_size_1000_268328763/datasets_download_refseq_000305_20260707T121233Z.4191587.log.attempt1
[2026-07-07 21:49:23] [INFO] dehydrated 链接包下载完成：/data3/p252701008/refseq_genomes/contexts/refseq_RefSeq_include_all_refseq_shards_size_1000_268328763/dehydrated_links/zips/refseq_000305.zip
[2026-07-07 21:49:23] [INFO] 可用磁盘空间：5920 GB；阈值：2000 GB；路径：/data3/p252701008/refseq_genomes/contexts/refseq_RefSeq_include_all_refseq_shards_size_1000_268328763/dehydrated_links/zips
[2026-07-07 21:49:23] [INFO] 开始下载 dehydrated 链接包：refseq_000306；accession 数：1000
[2026-07-07 21:49:23] [INFO] 命令：datasets download genome accession --inputfile /data3/p252701008/refseq_genomes_runlogs/shards/refseq_RefSeq_include_all_refseq_shards_size_1000_268328763/refseq_shards_size_1000/refseq_000306.txt --dehydrated --include all --assembly-source RefSeq --filename /data3/p252701008/refseq_genomes/contexts/refseq_RefSeq_include_all_refseq_shards_size_1000_268328763/dehydrated_links/zips/refseq_000306.zip.partial.20260707T121233Z.4191587 --no-progressbar
[2026-07-07 21:49:23] [INFO] datasets download refseq_000306：第 1/3 次尝试。日志：/data3/p252701008/refseq_genomes_runlogs/logs/refseq_RefSeq_include_all_refseq_shards_size_1000_268328763/datasets_download_refseq_000306_20260707T121233Z.4191587.log.attempt1
[2026-07-07 21:49:40] [INFO] dehydrated 链接包下载完成：/data3/p252701008/refseq_genomes/contexts/refseq_RefSeq_include_all_refseq_shards_size_1000_268328763/dehydrated_links/zips/refseq_000306.zip
[2026-07-07 21:49:40] [INFO] 可用磁盘空间：5920 GB；阈值：2000 GB；路径：/data3/p252701008/refseq_genomes/contexts/refseq_RefSeq_include_all_refseq_shards_size_1000_268328763/dehydrated_links/zips
[2026-07-07 21:49:40] [INFO] 开始下载 dehydrated 链接包：refseq_000307；accession 数：1000
[2026-07-07 21:49:40] [INFO] 命令：datasets download genome accession --inputfile /data3/p252701008/refseq_genomes_runlogs/shards/refseq_RefSeq_include_all_refseq_shards_size_1000_268328763/refseq_shards_size_1000/refseq_000307.txt --dehydrated --include all --assembly-source RefSeq --filename /data3/p252701008/refseq_genomes/contexts/refseq_RefSeq_include_all_refseq_shards_size_1000_268328763/dehydrated_links/zips/refseq_000307.zip.partial.20260707T121233Z.4191587 --no-progressbar
[2026-07-07 21:49:40] [INFO] datasets download refseq_000307：第 1/3 次尝试。日志：/data3/p252701008/refseq_genomes_runlogs/logs/refseq_RefSeq_include_all_refseq_shards_size_1000_268328763/datasets_download_refseq_000307_20260707T121233Z.4191587.log.attempt1
[2026-07-07 21:49:58] [INFO] dehydrated 链接包下载完成：/data3/p252701008/refseq_genomes/contexts/refseq_RefSeq_include_all_refseq_shards_size_1000_268328763/dehydrated_links/zips/refseq_000307.zip
[2026-07-07 21:49:58] [INFO] 可用磁盘空间：5920 GB；阈值：2000 GB；路径：/data3/p252701008/refseq_genomes/contexts/refseq_RefSeq_include_all_refseq_shards_size_1000_268328763/dehydrated_links/zips
[2026-07-07 21:49:58] [INFO] 开始下载 dehydrated 链接包：refseq_000308；accession 数：1000
[2026-07-07 21:49:58] [INFO] 命令：datasets download genome accession --inputfile /data3/p252701008/refseq_genomes_runlogs/shards/refseq_RefSeq_include_all_refseq_shards_size_1000_268328763/refseq_shards_size_1000/refseq_000308.txt --dehydrated --include all --assembly-source RefSeq --filename /data3/p252701008/refseq_genomes/contexts/refseq_RefSeq_include_all_refseq_shards_size_1000_268328763/dehydrated_links/zips/refseq_000308.zip.partial.20260707T121233Z.4191587 --no-progressbar
[2026-07-07 21:49:58] [INFO] datasets download refseq_000308：第 1/3 次尝试。日志：/data3/p252701008/refseq_genomes_runlogs/logs/refseq_RefSeq_include_all_refseq_shards_size_1000_268328763/datasets_download_refseq_000308_20260707T121233Z.4191587.log.attempt1
[2026-07-07 21:50:15] [INFO] dehydrated 链接包下载完成：/data3/p252701008/refseq_genomes/contexts/refseq_RefSeq_include_all_refseq_shards_size_1000_268328763/dehydrated_links/zips/refseq_000308.zip
[2026-07-07 21:50:15] [INFO] 可用磁盘空间：5920 GB；阈值：2000 GB；路径：/data3/p252701008/refseq_genomes/contexts/refseq_RefSeq_include_all_refseq_shards_size_1000_268328763/dehydrated_links/zips
[2026-07-07 21:50:15] [INFO] 开始下载 dehydrated 链接包：refseq_000309；accession 数：1000
[2026-07-07 21:50:15] [INFO] 命令：datasets download genome accession --inputfile /data3/p252701008/refseq_genomes_runlogs/shards/refseq_RefSeq_include_all_refseq_shards_size_1000_268328763/refseq_shards_size_1000/refseq_000309.txt --dehydrated --include all --assembly-source RefSeq --filename /data3/p252701008/refseq_genomes/contexts/refseq_RefSeq_include_all_refseq_shards_size_1000_268328763/dehydrated_links/zips/refseq_000309.zip.partial.20260707T121233Z.4191587 --no-progressbar
[2026-07-07 21:50:15] [INFO] datasets download refseq_000309：第 1/3 次尝试。日志：/data3/p252701008/refseq_genomes_runlogs/logs/refseq_RefSeq_include_all_refseq_shards_size_1000_268328763/datasets_download_refseq_000309_20260707T121233Z.4191587.log.attempt1
[2026-07-07 21:50:32] [INFO] dehydrated 链接包下载完成：/data3/p252701008/refseq_genomes/contexts/refseq_RefSeq_include_all_refseq_shards_size_1000_268328763/dehydrated_links/zips/refseq_000309.zip
[2026-07-07 21:50:32] [INFO] 可用磁盘空间：5920 GB；阈值：2000 GB；路径：/data3/p252701008/refseq_genomes/contexts/refseq_RefSeq_include_all_refseq_shards_size_1000_268328763/dehydrated_links/zips
[2026-07-07 21:50:32] [INFO] 开始下载 dehydrated 链接包：refseq_000310；accession 数：1000
[2026-07-07 21:50:32] [INFO] 命令：datasets download genome accession --inputfile /data3/p252701008/refseq_genomes_runlogs/shards/refseq_RefSeq_include_all_refseq_shards_size_1000_268328763/refseq_shards_size_1000/refseq_000310.txt --dehydrated --include all --assembly-source RefSeq --filename /data3/p252701008/refseq_genomes/contexts/refseq_RefSeq_include_all_refseq_shards_size_1000_268328763/dehydrated_links/zips/refseq_000310.zip.partial.20260707T121233Z.4191587 --no-progressbar
[2026-07-07 21:50:32] [INFO] datasets download refseq_000310：第 1/3 次尝试。日志：/data3/p252701008/refseq_genomes_runlogs/logs/refseq_RefSeq_include_all_refseq_shards_size_1000_268328763/datasets_download_refseq_000310_20260707T121233Z.4191587.log.attempt1
[2026-07-07 21:50:49] [INFO] dehydrated 链接包下载完成：/data3/p252701008/refseq_genomes/contexts/refseq_RefSeq_include_all_refseq_shards_size_1000_268328763/dehydrated_links/zips/refseq_000310.zip
[2026-07-07 21:50:49] [INFO] 可用磁盘空间：5920 GB；阈值：2000 GB；路径：/data3/p252701008/refseq_genomes/contexts/refseq_RefSeq_include_all_refseq_shards_size_1000_268328763/dehydrated_links/zips
[2026-07-07 21:50:49] [INFO] 开始下载 dehydrated 链接包：refseq_000311；accession 数：1000
[2026-07-07 21:50:49] [INFO] 命令：datasets download genome accession --inputfile /data3/p252701008/refseq_genomes_runlogs/shards/refseq_RefSeq_include_all_refseq_shards_size_1000_268328763/refseq_shards_size_1000/refseq_000311.txt --dehydrated --include all --assembly-source RefSeq --filename /data3/p252701008/refseq_genomes/contexts/refseq_RefSeq_include_all_refseq_shards_size_1000_268328763/dehydrated_links/zips/refseq_000311.zip.partial.20260707T121233Z.4191587 --no-progressbar
[2026-07-07 21:50:49] [INFO] datasets download refseq_000311：第 1/3 次尝试。日志：/data3/p252701008/refseq_genomes_runlogs/logs/refseq_RefSeq_include_all_refseq_shards_size_1000_268328763/datasets_download_refseq_000311_20260707T121233Z.4191587.log.attempt1
[2026-07-07 21:51:05] [INFO] dehydrated 链接包下载完成：/data3/p252701008/refseq_genomes/contexts/refseq_RefSeq_include_all_refseq_shards_size_1000_268328763/dehydrated_links/zips/refseq_000311.zip
[2026-07-07 21:51:05] [INFO] 可用磁盘空间：5920 GB；阈值：2000 GB；路径：/data3/p252701008/refseq_genomes/contexts/refseq_RefSeq_include_all_refseq_shards_size_1000_268328763/dehydrated_links/zips
[2026-07-07 21:51:05] [INFO] 开始下载 dehydrated 链接包：refseq_000312；accession 数：1000
[2026-07-07 21:51:05] [INFO] 命令：datasets download genome accession --inputfile /data3/p252701008/refseq_genomes_runlogs/shards/refseq_RefSeq_include_all_refseq_shards_size_1000_268328763/refseq_shards_size_1000/refseq_000312.txt --dehydrated --include all --assembly-source RefSeq --filename /data3/p252701008/refseq_genomes/contexts/refseq_RefSeq_include_all_refseq_shards_size_1000_268328763/dehydrated_links/zips/refseq_000312.zip.partial.20260707T121233Z.4191587 --no-progressbar
[2026-07-07 21:51:05] [INFO] datasets download refseq_000312：第 1/3 次尝试。日志：/data3/p252701008/refseq_genomes_runlogs/logs/refseq_RefSeq_include_all_refseq_shards_size_1000_268328763/datasets_download_refseq_000312_20260707T121233Z.4191587.log.attempt1
[2026-07-07 21:51:22] [INFO] dehydrated 链接包下载完成：/data3/p252701008/refseq_genomes/contexts/refseq_RefSeq_include_all_refseq_shards_size_1000_268328763/dehydrated_links/zips/refseq_000312.zip
[2026-07-07 21:51:22] [INFO] 可用磁盘空间：5920 GB；阈值：2000 GB；路径：/data3/p252701008/refseq_genomes/contexts/refseq_RefSeq_include_all_refseq_shards_size_1000_268328763/dehydrated_links/zips
[2026-07-07 21:51:22] [INFO] 开始下载 dehydrated 链接包：refseq_000313；accession 数：1000
[2026-07-07 21:51:22] [INFO] 命令：datasets download genome accession --inputfile /data3/p252701008/refseq_genomes_runlogs/shards/refseq_RefSeq_include_all_refseq_shards_size_1000_268328763/refseq_shards_size_1000/refseq_000313.txt --dehydrated --include all --assembly-source RefSeq --filename /data3/p252701008/refseq_genomes/contexts/refseq_RefSeq_include_all_refseq_shards_size_1000_268328763/dehydrated_links/zips/refseq_000313.zip.partial.20260707T121233Z.4191587 --no-progressbar
[2026-07-07 21:51:22] [INFO] datasets download refseq_000313：第 1/3 次尝试。日志：/data3/p252701008/refseq_genomes_runlogs/logs/refseq_RefSeq_include_all_refseq_shards_size_1000_268328763/datasets_download_refseq_000313_20260707T121233Z.4191587.log.attempt1
[2026-07-07 21:51:38] [INFO] dehydrated 链接包下载完成：/data3/p252701008/refseq_genomes/contexts/refseq_RefSeq_include_all_refseq_shards_size_1000_268328763/dehydrated_links/zips/refseq_000313.zip
[2026-07-07 21:51:39] [INFO] 可用磁盘空间：5920 GB；阈值：2000 GB；路径：/data3/p252701008/refseq_genomes/contexts/refseq_RefSeq_include_all_refseq_shards_size_1000_268328763/dehydrated_links/zips
[2026-07-07 21:51:39] [INFO] 开始下载 dehydrated 链接包：refseq_000314；accession 数：1000
[2026-07-07 21:51:39] [INFO] 命令：datasets download genome accession --inputfile /data3/p252701008/refseq_genomes_runlogs/shards/refseq_RefSeq_include_all_refseq_shards_size_1000_268328763/refseq_shards_size_1000/refseq_000314.txt --dehydrated --include all --assembly-source RefSeq --filename /data3/p252701008/refseq_genomes/contexts/refseq_RefSeq_include_all_refseq_shards_size_1000_268328763/dehydrated_links/zips/refseq_000314.zip.partial.20260707T121233Z.4191587 --no-progressbar
[2026-07-07 21:51:39] [INFO] datasets download refseq_000314：第 1/3 次尝试。日志：/data3/p252701008/refseq_genomes_runlogs/logs/refseq_RefSeq_include_all_refseq_shards_size_1000_268328763/datasets_download_refseq_000314_20260707T121233Z.4191587.log.attempt1
[2026-07-07 21:51:57] [INFO] dehydrated 链接包下载完成：/data3/p252701008/refseq_genomes/contexts/refseq_RefSeq_include_all_refseq_shards_size_1000_268328763/dehydrated_links/zips/refseq_000314.zip
[2026-07-07 21:51:57] [INFO] 可用磁盘空间：5920 GB；阈值：2000 GB；路径：/data3/p252701008/refseq_genomes/contexts/refseq_RefSeq_include_all_refseq_shards_size_1000_268328763/dehydrated_links/zips
[2026-07-07 21:51:57] [INFO] 开始下载 dehydrated 链接包：refseq_000315；accession 数：1000
[2026-07-07 21:51:57] [INFO] 命令：datasets download genome accession --inputfile /data3/p252701008/refseq_genomes_runlogs/shards/refseq_RefSeq_include_all_refseq_shards_size_1000_268328763/refseq_shards_size_1000/refseq_000315.txt --dehydrated --include all --assembly-source RefSeq --filename /data3/p252701008/refseq_genomes/contexts/refseq_RefSeq_include_all_refseq_shards_size_1000_268328763/dehydrated_links/zips/refseq_000315.zip.partial.20260707T121233Z.4191587 --no-progressbar
[2026-07-07 21:51:57] [INFO] datasets download refseq_000315：第 1/3 次尝试。日志：/data3/p252701008/refseq_genomes_runlogs/logs/refseq_RefSeq_include_all_refseq_shards_size_1000_268328763/datasets_download_refseq_000315_20260707T121233Z.4191587.log.attempt1
[2026-07-07 21:52:15] [INFO] dehydrated 链接包下载完成：/data3/p252701008/refseq_genomes/contexts/refseq_RefSeq_include_all_refseq_shards_size_1000_268328763/dehydrated_links/zips/refseq_000315.zip
[2026-07-07 21:52:15] [INFO] 可用磁盘空间：5920 GB；阈值：2000 GB；路径：/data3/p252701008/refseq_genomes/contexts/refseq_RefSeq_include_all_refseq_shards_size_1000_268328763/dehydrated_links/zips
[2026-07-07 21:52:15] [INFO] 开始下载 dehydrated 链接包：refseq_000316；accession 数：1000
[2026-07-07 21:52:15] [INFO] 命令：datasets download genome accession --inputfile /data3/p252701008/refseq_genomes_runlogs/shards/refseq_RefSeq_include_all_refseq_shards_size_1000_268328763/refseq_shards_size_1000/refseq_000316.txt --dehydrated --include all --assembly-source RefSeq --filename /data3/p252701008/refseq_genomes/contexts/refseq_RefSeq_include_all_refseq_shards_size_1000_268328763/dehydrated_links/zips/refseq_000316.zip.partial.20260707T121233Z.4191587 --no-progressbar
[2026-07-07 21:52:15] [INFO] datasets download refseq_000316：第 1/3 次尝试。日志：/data3/p252701008/refseq_genomes_runlogs/logs/refseq_RefSeq_include_all_refseq_shards_size_1000_268328763/datasets_download_refseq_000316_20260707T121233Z.4191587.log.attempt1
[2026-07-07 21:52:31] [INFO] dehydrated 链接包下载完成：/data3/p252701008/refseq_genomes/contexts/refseq_RefSeq_include_all_refseq_shards_size_1000_268328763/dehydrated_links/zips/refseq_000316.zip
[2026-07-07 21:52:31] [INFO] 可用磁盘空间：5920 GB；阈值：2000 GB；路径：/data3/p252701008/refseq_genomes/contexts/refseq_RefSeq_include_all_refseq_shards_size_1000_268328763/dehydrated_links/zips
[2026-07-07 21:52:31] [INFO] 开始下载 dehydrated 链接包：refseq_000317；accession 数：1000
[2026-07-07 21:52:31] [INFO] 命令：datasets download genome accession --inputfile /data3/p252701008/refseq_genomes_runlogs/shards/refseq_RefSeq_include_all_refseq_shards_size_1000_268328763/refseq_shards_size_1000/refseq_000317.txt --dehydrated --include all --assembly-source RefSeq --filename /data3/p252701008/refseq_genomes/contexts/refseq_RefSeq_include_all_refseq_shards_size_1000_268328763/dehydrated_links/zips/refseq_000317.zip.partial.20260707T121233Z.4191587 --no-progressbar
[2026-07-07 21:52:31] [INFO] datasets download refseq_000317：第 1/3 次尝试。日志：/data3/p252701008/refseq_genomes_runlogs/logs/refseq_RefSeq_include_all_refseq_shards_size_1000_268328763/datasets_download_refseq_000317_20260707T121233Z.4191587.log.attempt1
[2026-07-07 21:52:44] [ERROR] datasets download 失败：refseq_000317；第 1/3 次；退出码：1；日志：/data3/p252701008/refseq_genomes_runlogs/logs/refseq_RefSeq_include_all_refseq_shards_size_1000_268328763/datasets_download_refseq_000317_20260707T121233Z.4191587.log.attempt1
[2026-07-07 21:52:44] [ERROR]   Error: Download error: stream error: stream ID 7; INTERNAL_ERROR; received from peer
[2026-07-07 21:52:44] [ERROR]   
[2026-07-07 21:52:44] [ERROR]   Use datasets download genome accession <command> --help for detailed help about a command.
[2026-07-07 21:52:44] [ERROR]   
[2026-07-07 21:52:44] [INFO] 已将异常或旧文件移入 trash：/data3/p252701008/refseq_genomes/contexts/refseq_RefSeq_include_all_refseq_shards_size_1000_268328763/dehydrated_links/zips/refseq_000317.zip.partial.20260707T121233Z.4191587 -> /data3/p252701008/refseq_genomes_runlogs/trash/failed_partial_zip.20260707T121233Z.4191587._data3_p252701008_refseq_genomes_contexts_refseq_RefSeq_include_all_refseq_shards_size_1000_268328763_dehydrated_links_zips_refseq_000317_zip_partial_20260707T121233Z_4191587
[2026-07-07 21:52:44] [INFO] datasets download refseq_000317 将在 30 秒后重试。
[2026-07-07 21:53:14] [INFO] datasets download refseq_000317：第 2/3 次尝试。日志：/data3/p252701008/refseq_genomes_runlogs/logs/refseq_RefSeq_include_all_refseq_shards_size_1000_268328763/datasets_download_refseq_000317_20260707T121233Z.4191587.log.attempt2
[2026-07-07 21:53:31] [INFO] dehydrated 链接包下载完成：/data3/p252701008/refseq_genomes/contexts/refseq_RefSeq_include_all_refseq_shards_size_1000_268328763/dehydrated_links/zips/refseq_000317.zip
[2026-07-07 21:53:31] [INFO] 可用磁盘空间：5920 GB；阈值：2000 GB；路径：/data3/p252701008/refseq_genomes/contexts/refseq_RefSeq_include_all_refseq_shards_size_1000_268328763/dehydrated_links/zips
[2026-07-07 21:53:31] [INFO] 开始下载 dehydrated 链接包：refseq_000318；accession 数：1000
[2026-07-07 21:53:31] [INFO] 命令：datasets download genome accession --inputfile /data3/p252701008/refseq_genomes_runlogs/shards/refseq_RefSeq_include_all_refseq_shards_size_1000_268328763/refseq_shards_size_1000/refseq_000318.txt --dehydrated --include all --assembly-source RefSeq --filename /data3/p252701008/refseq_genomes/contexts/refseq_RefSeq_include_all_refseq_shards_size_1000_268328763/dehydrated_links/zips/refseq_000318.zip.partial.20260707T121233Z.4191587 --no-progressbar
[2026-07-07 21:53:31] [INFO] datasets download refseq_000318：第 1/3 次尝试。日志：/data3/p252701008/refseq_genomes_runlogs/logs/refseq_RefSeq_include_all_refseq_shards_size_1000_268328763/datasets_download_refseq_000318_20260707T121233Z.4191587.log.attempt1
[2026-07-07 21:53:49] [INFO] dehydrated 链接包下载完成：/data3/p252701008/refseq_genomes/contexts/refseq_RefSeq_include_all_refseq_shards_size_1000_268328763/dehydrated_links/zips/refseq_000318.zip
[2026-07-07 21:53:49] [INFO] 可用磁盘空间：5920 GB；阈值：2000 GB；路径：/data3/p252701008/refseq_genomes/contexts/refseq_RefSeq_include_all_refseq_shards_size_1000_268328763/dehydrated_links/zips
[2026-07-07 21:53:49] [INFO] 开始下载 dehydrated 链接包：refseq_000319；accession 数：1000
[2026-07-07 21:53:49] [INFO] 命令：datasets download genome accession --inputfile /data3/p252701008/refseq_genomes_runlogs/shards/refseq_RefSeq_include_all_refseq_shards_size_1000_268328763/refseq_shards_size_1000/refseq_000319.txt --dehydrated --include all --assembly-source RefSeq --filename /data3/p252701008/refseq_genomes/contexts/refseq_RefSeq_include_all_refseq_shards_size_1000_268328763/dehydrated_links/zips/refseq_000319.zip.partial.20260707T121233Z.4191587 --no-progressbar
[2026-07-07 21:53:49] [INFO] datasets download refseq_000319：第 1/3 次尝试。日志：/data3/p252701008/refseq_genomes_runlogs/logs/refseq_RefSeq_include_all_refseq_shards_size_1000_268328763/datasets_download_refseq_000319_20260707T121233Z.4191587.log.attempt1
[2026-07-07 21:54:07] [INFO] dehydrated 链接包下载完成：/data3/p252701008/refseq_genomes/contexts/refseq_RefSeq_include_all_refseq_shards_size_1000_268328763/dehydrated_links/zips/refseq_000319.zip
[2026-07-07 21:54:07] [INFO] 可用磁盘空间：5920 GB；阈值：2000 GB；路径：/data3/p252701008/refseq_genomes/contexts/refseq_RefSeq_include_all_refseq_shards_size_1000_268328763/dehydrated_links/zips
[2026-07-07 21:54:07] [INFO] 开始下载 dehydrated 链接包：refseq_000320；accession 数：1000
[2026-07-07 21:54:07] [INFO] 命令：datasets download genome accession --inputfile /data3/p252701008/refseq_genomes_runlogs/shards/refseq_RefSeq_include_all_refseq_shards_size_1000_268328763/refseq_shards_size_1000/refseq_000320.txt --dehydrated --include all --assembly-source RefSeq --filename /data3/p252701008/refseq_genomes/contexts/refseq_RefSeq_include_all_refseq_shards_size_1000_268328763/dehydrated_links/zips/refseq_000320.zip.partial.20260707T121233Z.4191587 --no-progressbar
[2026-07-07 21:54:08] [INFO] datasets download refseq_000320：第 1/3 次尝试。日志：/data3/p252701008/refseq_genomes_runlogs/logs/refseq_RefSeq_include_all_refseq_shards_size_1000_268328763/datasets_download_refseq_000320_20260707T121233Z.4191587.log.attempt1
[2026-07-07 21:54:25] [INFO] dehydrated 链接包下载完成：/data3/p252701008/refseq_genomes/contexts/refseq_RefSeq_include_all_refseq_shards_size_1000_268328763/dehydrated_links/zips/refseq_000320.zip
[2026-07-07 21:54:25] [INFO] 可用磁盘空间：5920 GB；阈值：2000 GB；路径：/data3/p252701008/refseq_genomes/contexts/refseq_RefSeq_include_all_refseq_shards_size_1000_268328763/dehydrated_links/zips
[2026-07-07 21:54:25] [INFO] 开始下载 dehydrated 链接包：refseq_000321；accession 数：1000
[2026-07-07 21:54:25] [INFO] 命令：datasets download genome accession --inputfile /data3/p252701008/refseq_genomes_runlogs/shards/refseq_RefSeq_include_all_refseq_shards_size_1000_268328763/refseq_shards_size_1000/refseq_000321.txt --dehydrated --include all --assembly-source RefSeq --filename /data3/p252701008/refseq_genomes/contexts/refseq_RefSeq_include_all_refseq_shards_size_1000_268328763/dehydrated_links/zips/refseq_000321.zip.partial.20260707T121233Z.4191587 --no-progressbar
[2026-07-07 21:54:25] [INFO] datasets download refseq_000321：第 1/3 次尝试。日志：/data3/p252701008/refseq_genomes_runlogs/logs/refseq_RefSeq_include_all_refseq_shards_size_1000_268328763/datasets_download_refseq_000321_20260707T121233Z.4191587.log.attempt1
[2026-07-07 21:54:43] [INFO] dehydrated 链接包下载完成：/data3/p252701008/refseq_genomes/contexts/refseq_RefSeq_include_all_refseq_shards_size_1000_268328763/dehydrated_links/zips/refseq_000321.zip
[2026-07-07 21:54:43] [INFO] 可用磁盘空间：5920 GB；阈值：2000 GB；路径：/data3/p252701008/refseq_genomes/contexts/refseq_RefSeq_include_all_refseq_shards_size_1000_268328763/dehydrated_links/zips
[2026-07-07 21:54:43] [INFO] 开始下载 dehydrated 链接包：refseq_000322；accession 数：1000
[2026-07-07 21:54:43] [INFO] 命令：datasets download genome accession --inputfile /data3/p252701008/refseq_genomes_runlogs/shards/refseq_RefSeq_include_all_refseq_shards_size_1000_268328763/refseq_shards_size_1000/refseq_000322.txt --dehydrated --include all --assembly-source RefSeq --filename /data3/p252701008/refseq_genomes/contexts/refseq_RefSeq_include_all_refseq_shards_size_1000_268328763/dehydrated_links/zips/refseq_000322.zip.partial.20260707T121233Z.4191587 --no-progressbar
[2026-07-07 21:54:43] [INFO] datasets download refseq_000322：第 1/3 次尝试。日志：/data3/p252701008/refseq_genomes_runlogs/logs/refseq_RefSeq_include_all_refseq_shards_size_1000_268328763/datasets_download_refseq_000322_20260707T121233Z.4191587.log.attempt1
[2026-07-07 21:55:01] [INFO] dehydrated 链接包下载完成：/data3/p252701008/refseq_genomes/contexts/refseq_RefSeq_include_all_refseq_shards_size_1000_268328763/dehydrated_links/zips/refseq_000322.zip
[2026-07-07 21:55:01] [INFO] 可用磁盘空间：5920 GB；阈值：2000 GB；路径：/data3/p252701008/refseq_genomes/contexts/refseq_RefSeq_include_all_refseq_shards_size_1000_268328763/dehydrated_links/zips
[2026-07-07 21:55:01] [INFO] 开始下载 dehydrated 链接包：refseq_000323；accession 数：1000
[2026-07-07 21:55:01] [INFO] 命令：datasets download genome accession --inputfile /data3/p252701008/refseq_genomes_runlogs/shards/refseq_RefSeq_include_all_refseq_shards_size_1000_268328763/refseq_shards_size_1000/refseq_000323.txt --dehydrated --include all --assembly-source RefSeq --filename /data3/p252701008/refseq_genomes/contexts/refseq_RefSeq_include_all_refseq_shards_size_1000_268328763/dehydrated_links/zips/refseq_000323.zip.partial.20260707T121233Z.4191587 --no-progressbar
[2026-07-07 21:55:01] [INFO] datasets download refseq_000323：第 1/3 次尝试。日志：/data3/p252701008/refseq_genomes_runlogs/logs/refseq_RefSeq_include_all_refseq_shards_size_1000_268328763/datasets_download_refseq_000323_20260707T121233Z.4191587.log.attempt1
[2026-07-07 21:55:20] [INFO] dehydrated 链接包下载完成：/data3/p252701008/refseq_genomes/contexts/refseq_RefSeq_include_all_refseq_shards_size_1000_268328763/dehydrated_links/zips/refseq_000323.zip
[2026-07-07 21:55:20] [INFO] 可用磁盘空间：5920 GB；阈值：2000 GB；路径：/data3/p252701008/refseq_genomes/contexts/refseq_RefSeq_include_all_refseq_shards_size_1000_268328763/dehydrated_links/zips
[2026-07-07 21:55:20] [INFO] 开始下载 dehydrated 链接包：refseq_000324；accession 数：1000
[2026-07-07 21:55:20] [INFO] 命令：datasets download genome accession --inputfile /data3/p252701008/refseq_genomes_runlogs/shards/refseq_RefSeq_include_all_refseq_shards_size_1000_268328763/refseq_shards_size_1000/refseq_000324.txt --dehydrated --include all --assembly-source RefSeq --filename /data3/p252701008/refseq_genomes/contexts/refseq_RefSeq_include_all_refseq_shards_size_1000_268328763/dehydrated_links/zips/refseq_000324.zip.partial.20260707T121233Z.4191587 --no-progressbar
[2026-07-07 21:55:20] [INFO] datasets download refseq_000324：第 1/3 次尝试。日志：/data3/p252701008/refseq_genomes_runlogs/logs/refseq_RefSeq_include_all_refseq_shards_size_1000_268328763/datasets_download_refseq_000324_20260707T121233Z.4191587.log.attempt1
[2026-07-07 21:55:36] [INFO] dehydrated 链接包下载完成：/data3/p252701008/refseq_genomes/contexts/refseq_RefSeq_include_all_refseq_shards_size_1000_268328763/dehydrated_links/zips/refseq_000324.zip
[2026-07-07 21:55:36] [INFO] 可用磁盘空间：5920 GB；阈值：2000 GB；路径：/data3/p252701008/refseq_genomes/contexts/refseq_RefSeq_include_all_refseq_shards_size_1000_268328763/dehydrated_links/zips
[2026-07-07 21:55:36] [INFO] 开始下载 dehydrated 链接包：refseq_000325；accession 数：1000
[2026-07-07 21:55:36] [INFO] 命令：datasets download genome accession --inputfile /data3/p252701008/refseq_genomes_runlogs/shards/refseq_RefSeq_include_all_refseq_shards_size_1000_268328763/refseq_shards_size_1000/refseq_000325.txt --dehydrated --include all --assembly-source RefSeq --filename /data3/p252701008/refseq_genomes/contexts/refseq_RefSeq_include_all_refseq_shards_size_1000_268328763/dehydrated_links/zips/refseq_000325.zip.partial.20260707T121233Z.4191587 --no-progressbar
[2026-07-07 21:55:37] [INFO] datasets download refseq_000325：第 1/3 次尝试。日志：/data3/p252701008/refseq_genomes_runlogs/logs/refseq_RefSeq_include_all_refseq_shards_size_1000_268328763/datasets_download_refseq_000325_20260707T121233Z.4191587.log.attempt1
[2026-07-07 21:55:54] [INFO] dehydrated 链接包下载完成：/data3/p252701008/refseq_genomes/contexts/refseq_RefSeq_include_all_refseq_shards_size_1000_268328763/dehydrated_links/zips/refseq_000325.zip
[2026-07-07 21:55:54] [INFO] 可用磁盘空间：5920 GB；阈值：2000 GB；路径：/data3/p252701008/refseq_genomes/contexts/refseq_RefSeq_include_all_refseq_shards_size_1000_268328763/dehydrated_links/zips
[2026-07-07 21:55:54] [INFO] 开始下载 dehydrated 链接包：refseq_000326；accession 数：1000
[2026-07-07 21:55:54] [INFO] 命令：datasets download genome accession --inputfile /data3/p252701008/refseq_genomes_runlogs/shards/refseq_RefSeq_include_all_refseq_shards_size_1000_268328763/refseq_shards_size_1000/refseq_000326.txt --dehydrated --include all --assembly-source RefSeq --filename /data3/p252701008/refseq_genomes/contexts/refseq_RefSeq_include_all_refseq_shards_size_1000_268328763/dehydrated_links/zips/refseq_000326.zip.partial.20260707T121233Z.4191587 --no-progressbar
[2026-07-07 21:55:54] [INFO] datasets download refseq_000326：第 1/3 次尝试。日志：/data3/p252701008/refseq_genomes_runlogs/logs/refseq_RefSeq_include_all_refseq_shards_size_1000_268328763/datasets_download_refseq_000326_20260707T121233Z.4191587.log.attempt1
[2026-07-07 21:56:13] [INFO] dehydrated 链接包下载完成：/data3/p252701008/refseq_genomes/contexts/refseq_RefSeq_include_all_refseq_shards_size_1000_268328763/dehydrated_links/zips/refseq_000326.zip
[2026-07-07 21:56:13] [INFO] 可用磁盘空间：5920 GB；阈值：2000 GB；路径：/data3/p252701008/refseq_genomes/contexts/refseq_RefSeq_include_all_refseq_shards_size_1000_268328763/dehydrated_links/zips
[2026-07-07 21:56:13] [INFO] 开始下载 dehydrated 链接包：refseq_000327；accession 数：1000
[2026-07-07 21:56:13] [INFO] 命令：datasets download genome accession --inputfile /data3/p252701008/refseq_genomes_runlogs/shards/refseq_RefSeq_include_all_refseq_shards_size_1000_268328763/refseq_shards_size_1000/refseq_000327.txt --dehydrated --include all --assembly-source RefSeq --filename /data3/p252701008/refseq_genomes/contexts/refseq_RefSeq_include_all_refseq_shards_size_1000_268328763/dehydrated_links/zips/refseq_000327.zip.partial.20260707T121233Z.4191587 --no-progressbar
[2026-07-07 21:56:13] [INFO] datasets download refseq_000327：第 1/3 次尝试。日志：/data3/p252701008/refseq_genomes_runlogs/logs/refseq_RefSeq_include_all_refseq_shards_size_1000_268328763/datasets_download_refseq_000327_20260707T121233Z.4191587.log.attempt1
[2026-07-07 21:56:30] [INFO] dehydrated 链接包下载完成：/data3/p252701008/refseq_genomes/contexts/refseq_RefSeq_include_all_refseq_shards_size_1000_268328763/dehydrated_links/zips/refseq_000327.zip
[2026-07-07 21:56:30] [INFO] 可用磁盘空间：5920 GB；阈值：2000 GB；路径：/data3/p252701008/refseq_genomes/contexts/refseq_RefSeq_include_all_refseq_shards_size_1000_268328763/dehydrated_links/zips
[2026-07-07 21:56:30] [INFO] 开始下载 dehydrated 链接包：refseq_000328；accession 数：1000
[2026-07-07 21:56:30] [INFO] 命令：datasets download genome accession --inputfile /data3/p252701008/refseq_genomes_runlogs/shards/refseq_RefSeq_include_all_refseq_shards_size_1000_268328763/refseq_shards_size_1000/refseq_000328.txt --dehydrated --include all --assembly-source RefSeq --filename /data3/p252701008/refseq_genomes/contexts/refseq_RefSeq_include_all_refseq_shards_size_1000_268328763/dehydrated_links/zips/refseq_000328.zip.partial.20260707T121233Z.4191587 --no-progressbar
[2026-07-07 21:56:30] [INFO] datasets download refseq_000328：第 1/3 次尝试。日志：/data3/p252701008/refseq_genomes_runlogs/logs/refseq_RefSeq_include_all_refseq_shards_size_1000_268328763/datasets_download_refseq_000328_20260707T121233Z.4191587.log.attempt1
[2026-07-07 21:56:48] [INFO] dehydrated 链接包下载完成：/data3/p252701008/refseq_genomes/contexts/refseq_RefSeq_include_all_refseq_shards_size_1000_268328763/dehydrated_links/zips/refseq_000328.zip
[2026-07-07 21:56:48] [INFO] 可用磁盘空间：5920 GB；阈值：2000 GB；路径：/data3/p252701008/refseq_genomes/contexts/refseq_RefSeq_include_all_refseq_shards_size_1000_268328763/dehydrated_links/zips
[2026-07-07 21:56:48] [INFO] 开始下载 dehydrated 链接包：refseq_000329；accession 数：1000
[2026-07-07 21:56:48] [INFO] 命令：datasets download genome accession --inputfile /data3/p252701008/refseq_genomes_runlogs/shards/refseq_RefSeq_include_all_refseq_shards_size_1000_268328763/refseq_shards_size_1000/refseq_000329.txt --dehydrated --include all --assembly-source RefSeq --filename /data3/p252701008/refseq_genomes/contexts/refseq_RefSeq_include_all_refseq_shards_size_1000_268328763/dehydrated_links/zips/refseq_000329.zip.partial.20260707T121233Z.4191587 --no-progressbar
[2026-07-07 21:56:48] [INFO] datasets download refseq_000329：第 1/3 次尝试。日志：/data3/p252701008/refseq_genomes_runlogs/logs/refseq_RefSeq_include_all_refseq_shards_size_1000_268328763/datasets_download_refseq_000329_20260707T121233Z.4191587.log.attempt1
[2026-07-07 21:57:07] [INFO] dehydrated 链接包下载完成：/data3/p252701008/refseq_genomes/contexts/refseq_RefSeq_include_all_refseq_shards_size_1000_268328763/dehydrated_links/zips/refseq_000329.zip
[2026-07-07 21:57:07] [INFO] 可用磁盘空间：5920 GB；阈值：2000 GB；路径：/data3/p252701008/refseq_genomes/contexts/refseq_RefSeq_include_all_refseq_shards_size_1000_268328763/dehydrated_links/zips
[2026-07-07 21:57:07] [INFO] 开始下载 dehydrated 链接包：refseq_000330；accession 数：1000
[2026-07-07 21:57:07] [INFO] 命令：datasets download genome accession --inputfile /data3/p252701008/refseq_genomes_runlogs/shards/refseq_RefSeq_include_all_refseq_shards_size_1000_268328763/refseq_shards_size_1000/refseq_000330.txt --dehydrated --include all --assembly-source RefSeq --filename /data3/p252701008/refseq_genomes/contexts/refseq_RefSeq_include_all_refseq_shards_size_1000_268328763/dehydrated_links/zips/refseq_000330.zip.partial.20260707T121233Z.4191587 --no-progressbar
[2026-07-07 21:57:07] [INFO] datasets download refseq_000330：第 1/3 次尝试。日志：/data3/p252701008/refseq_genomes_runlogs/logs/refseq_RefSeq_include_all_refseq_shards_size_1000_268328763/datasets_download_refseq_000330_20260707T121233Z.4191587.log.attempt1
[2026-07-07 21:57:25] [INFO] dehydrated 链接包下载完成：/data3/p252701008/refseq_genomes/contexts/refseq_RefSeq_include_all_refseq_shards_size_1000_268328763/dehydrated_links/zips/refseq_000330.zip
[2026-07-07 21:57:25] [INFO] 可用磁盘空间：5920 GB；阈值：2000 GB；路径：/data3/p252701008/refseq_genomes/contexts/refseq_RefSeq_include_all_refseq_shards_size_1000_268328763/dehydrated_links/zips
[2026-07-07 21:57:25] [INFO] 开始下载 dehydrated 链接包：refseq_000331；accession 数：1000
[2026-07-07 21:57:25] [INFO] 命令：datasets download genome accession --inputfile /data3/p252701008/refseq_genomes_runlogs/shards/refseq_RefSeq_include_all_refseq_shards_size_1000_268328763/refseq_shards_size_1000/refseq_000331.txt --dehydrated --include all --assembly-source RefSeq --filename /data3/p252701008/refseq_genomes/contexts/refseq_RefSeq_include_all_refseq_shards_size_1000_268328763/dehydrated_links/zips/refseq_000331.zip.partial.20260707T121233Z.4191587 --no-progressbar
[2026-07-07 21:57:25] [INFO] datasets download refseq_000331：第 1/3 次尝试。日志：/data3/p252701008/refseq_genomes_runlogs/logs/refseq_RefSeq_include_all_refseq_shards_size_1000_268328763/datasets_download_refseq_000331_20260707T121233Z.4191587.log.attempt1
[2026-07-07 21:57:43] [INFO] dehydrated 链接包下载完成：/data3/p252701008/refseq_genomes/contexts/refseq_RefSeq_include_all_refseq_shards_size_1000_268328763/dehydrated_links/zips/refseq_000331.zip
[2026-07-07 21:57:43] [INFO] 可用磁盘空间：5920 GB；阈值：2000 GB；路径：/data3/p252701008/refseq_genomes/contexts/refseq_RefSeq_include_all_refseq_shards_size_1000_268328763/dehydrated_links/zips
[2026-07-07 21:57:43] [INFO] 开始下载 dehydrated 链接包：refseq_000332；accession 数：1000
[2026-07-07 21:57:43] [INFO] 命令：datasets download genome accession --inputfile /data3/p252701008/refseq_genomes_runlogs/shards/refseq_RefSeq_include_all_refseq_shards_size_1000_268328763/refseq_shards_size_1000/refseq_000332.txt --dehydrated --include all --assembly-source RefSeq --filename /data3/p252701008/refseq_genomes/contexts/refseq_RefSeq_include_all_refseq_shards_size_1000_268328763/dehydrated_links/zips/refseq_000332.zip.partial.20260707T121233Z.4191587 --no-progressbar
[2026-07-07 21:57:43] [INFO] datasets download refseq_000332：第 1/3 次尝试。日志：/data3/p252701008/refseq_genomes_runlogs/logs/refseq_RefSeq_include_all_refseq_shards_size_1000_268328763/datasets_download_refseq_000332_20260707T121233Z.4191587.log.attempt1
[2026-07-07 21:58:00] [INFO] dehydrated 链接包下载完成：/data3/p252701008/refseq_genomes/contexts/refseq_RefSeq_include_all_refseq_shards_size_1000_268328763/dehydrated_links/zips/refseq_000332.zip
[2026-07-07 21:58:00] [INFO] 可用磁盘空间：5920 GB；阈值：2000 GB；路径：/data3/p252701008/refseq_genomes/contexts/refseq_RefSeq_include_all_refseq_shards_size_1000_268328763/dehydrated_links/zips
[2026-07-07 21:58:00] [INFO] 开始下载 dehydrated 链接包：refseq_000333；accession 数：1000
[2026-07-07 21:58:00] [INFO] 命令：datasets download genome accession --inputfile /data3/p252701008/refseq_genomes_runlogs/shards/refseq_RefSeq_include_all_refseq_shards_size_1000_268328763/refseq_shards_size_1000/refseq_000333.txt --dehydrated --include all --assembly-source RefSeq --filename /data3/p252701008/refseq_genomes/contexts/refseq_RefSeq_include_all_refseq_shards_size_1000_268328763/dehydrated_links/zips/refseq_000333.zip.partial.20260707T121233Z.4191587 --no-progressbar
[2026-07-07 21:58:00] [INFO] datasets download refseq_000333：第 1/3 次尝试。日志：/data3/p252701008/refseq_genomes_runlogs/logs/refseq_RefSeq_include_all_refseq_shards_size_1000_268328763/datasets_download_refseq_000333_20260707T121233Z.4191587.log.attempt1
[2026-07-07 21:58:17] [INFO] dehydrated 链接包下载完成：/data3/p252701008/refseq_genomes/contexts/refseq_RefSeq_include_all_refseq_shards_size_1000_268328763/dehydrated_links/zips/refseq_000333.zip
[2026-07-07 21:58:17] [INFO] 可用磁盘空间：5920 GB；阈值：2000 GB；路径：/data3/p252701008/refseq_genomes/contexts/refseq_RefSeq_include_all_refseq_shards_size_1000_268328763/dehydrated_links/zips
[2026-07-07 21:58:17] [INFO] 开始下载 dehydrated 链接包：refseq_000334；accession 数：1000
[2026-07-07 21:58:17] [INFO] 命令：datasets download genome accession --inputfile /data3/p252701008/refseq_genomes_runlogs/shards/refseq_RefSeq_include_all_refseq_shards_size_1000_268328763/refseq_shards_size_1000/refseq_000334.txt --dehydrated --include all --assembly-source RefSeq --filename /data3/p252701008/refseq_genomes/contexts/refseq_RefSeq_include_all_refseq_shards_size_1000_268328763/dehydrated_links/zips/refseq_000334.zip.partial.20260707T121233Z.4191587 --no-progressbar
[2026-07-07 21:58:17] [INFO] datasets download refseq_000334：第 1/3 次尝试。日志：/data3/p252701008/refseq_genomes_runlogs/logs/refseq_RefSeq_include_all_refseq_shards_size_1000_268328763/datasets_download_refseq_000334_20260707T121233Z.4191587.log.attempt1
[2026-07-07 21:58:33] [INFO] dehydrated 链接包下载完成：/data3/p252701008/refseq_genomes/contexts/refseq_RefSeq_include_all_refseq_shards_size_1000_268328763/dehydrated_links/zips/refseq_000334.zip
[2026-07-07 21:58:33] [INFO] 可用磁盘空间：5920 GB；阈值：2000 GB；路径：/data3/p252701008/refseq_genomes/contexts/refseq_RefSeq_include_all_refseq_shards_size_1000_268328763/dehydrated_links/zips
[2026-07-07 21:58:33] [INFO] 开始下载 dehydrated 链接包：refseq_000335；accession 数：1000
[2026-07-07 21:58:33] [INFO] 命令：datasets download genome accession --inputfile /data3/p252701008/refseq_genomes_runlogs/shards/refseq_RefSeq_include_all_refseq_shards_size_1000_268328763/refseq_shards_size_1000/refseq_000335.txt --dehydrated --include all --assembly-source RefSeq --filename /data3/p252701008/refseq_genomes/contexts/refseq_RefSeq_include_all_refseq_shards_size_1000_268328763/dehydrated_links/zips/refseq_000335.zip.partial.20260707T121233Z.4191587 --no-progressbar
[2026-07-07 21:58:33] [INFO] datasets download refseq_000335：第 1/3 次尝试。日志：/data3/p252701008/refseq_genomes_runlogs/logs/refseq_RefSeq_include_all_refseq_shards_size_1000_268328763/datasets_download_refseq_000335_20260707T121233Z.4191587.log.attempt1
[2026-07-07 21:58:51] [INFO] dehydrated 链接包下载完成：/data3/p252701008/refseq_genomes/contexts/refseq_RefSeq_include_all_refseq_shards_size_1000_268328763/dehydrated_links/zips/refseq_000335.zip
[2026-07-07 21:58:51] [INFO] 可用磁盘空间：5920 GB；阈值：2000 GB；路径：/data3/p252701008/refseq_genomes/contexts/refseq_RefSeq_include_all_refseq_shards_size_1000_268328763/dehydrated_links/zips
[2026-07-07 21:58:51] [INFO] 开始下载 dehydrated 链接包：refseq_000336；accession 数：1000
[2026-07-07 21:58:51] [INFO] 命令：datasets download genome accession --inputfile /data3/p252701008/refseq_genomes_runlogs/shards/refseq_RefSeq_include_all_refseq_shards_size_1000_268328763/refseq_shards_size_1000/refseq_000336.txt --dehydrated --include all --assembly-source RefSeq --filename /data3/p252701008/refseq_genomes/contexts/refseq_RefSeq_include_all_refseq_shards_size_1000_268328763/dehydrated_links/zips/refseq_000336.zip.partial.20260707T121233Z.4191587 --no-progressbar
[2026-07-07 21:58:51] [INFO] datasets download refseq_000336：第 1/3 次尝试。日志：/data3/p252701008/refseq_genomes_runlogs/logs/refseq_RefSeq_include_all_refseq_shards_size_1000_268328763/datasets_download_refseq_000336_20260707T121233Z.4191587.log.attempt1
[2026-07-07 21:59:08] [INFO] dehydrated 链接包下载完成：/data3/p252701008/refseq_genomes/contexts/refseq_RefSeq_include_all_refseq_shards_size_1000_268328763/dehydrated_links/zips/refseq_000336.zip
[2026-07-07 21:59:08] [INFO] 可用磁盘空间：5920 GB；阈值：2000 GB；路径：/data3/p252701008/refseq_genomes/contexts/refseq_RefSeq_include_all_refseq_shards_size_1000_268328763/dehydrated_links/zips
[2026-07-07 21:59:08] [INFO] 开始下载 dehydrated 链接包：refseq_000337；accession 数：1000
[2026-07-07 21:59:08] [INFO] 命令：datasets download genome accession --inputfile /data3/p252701008/refseq_genomes_runlogs/shards/refseq_RefSeq_include_all_refseq_shards_size_1000_268328763/refseq_shards_size_1000/refseq_000337.txt --dehydrated --include all --assembly-source RefSeq --filename /data3/p252701008/refseq_genomes/contexts/refseq_RefSeq_include_all_refseq_shards_size_1000_268328763/dehydrated_links/zips/refseq_000337.zip.partial.20260707T121233Z.4191587 --no-progressbar
[2026-07-07 21:59:08] [INFO] datasets download refseq_000337：第 1/3 次尝试。日志：/data3/p252701008/refseq_genomes_runlogs/logs/refseq_RefSeq_include_all_refseq_shards_size_1000_268328763/datasets_download_refseq_000337_20260707T121233Z.4191587.log.attempt1
[2026-07-07 21:59:26] [INFO] dehydrated 链接包下载完成：/data3/p252701008/refseq_genomes/contexts/refseq_RefSeq_include_all_refseq_shards_size_1000_268328763/dehydrated_links/zips/refseq_000337.zip
[2026-07-07 21:59:26] [INFO] 可用磁盘空间：5920 GB；阈值：2000 GB；路径：/data3/p252701008/refseq_genomes/contexts/refseq_RefSeq_include_all_refseq_shards_size_1000_268328763/dehydrated_links/zips
[2026-07-07 21:59:26] [INFO] 开始下载 dehydrated 链接包：refseq_000338；accession 数：1000
[2026-07-07 21:59:26] [INFO] 命令：datasets download genome accession --inputfile /data3/p252701008/refseq_genomes_runlogs/shards/refseq_RefSeq_include_all_refseq_shards_size_1000_268328763/refseq_shards_size_1000/refseq_000338.txt --dehydrated --include all --assembly-source RefSeq --filename /data3/p252701008/refseq_genomes/contexts/refseq_RefSeq_include_all_refseq_shards_size_1000_268328763/dehydrated_links/zips/refseq_000338.zip.partial.20260707T121233Z.4191587 --no-progressbar
[2026-07-07 21:59:26] [INFO] datasets download refseq_000338：第 1/3 次尝试。日志：/data3/p252701008/refseq_genomes_runlogs/logs/refseq_RefSeq_include_all_refseq_shards_size_1000_268328763/datasets_download_refseq_000338_20260707T121233Z.4191587.log.attempt1
[2026-07-07 21:59:43] [INFO] dehydrated 链接包下载完成：/data3/p252701008/refseq_genomes/contexts/refseq_RefSeq_include_all_refseq_shards_size_1000_268328763/dehydrated_links/zips/refseq_000338.zip
[2026-07-07 21:59:43] [INFO] 可用磁盘空间：5920 GB；阈值：2000 GB；路径：/data3/p252701008/refseq_genomes/contexts/refseq_RefSeq_include_all_refseq_shards_size_1000_268328763/dehydrated_links/zips
[2026-07-07 21:59:43] [INFO] 开始下载 dehydrated 链接包：refseq_000339；accession 数：1000
[2026-07-07 21:59:43] [INFO] 命令：datasets download genome accession --inputfile /data3/p252701008/refseq_genomes_runlogs/shards/refseq_RefSeq_include_all_refseq_shards_size_1000_268328763/refseq_shards_size_1000/refseq_000339.txt --dehydrated --include all --assembly-source RefSeq --filename /data3/p252701008/refseq_genomes/contexts/refseq_RefSeq_include_all_refseq_shards_size_1000_268328763/dehydrated_links/zips/refseq_000339.zip.partial.20260707T121233Z.4191587 --no-progressbar
[2026-07-07 21:59:43] [INFO] datasets download refseq_000339：第 1/3 次尝试。日志：/data3/p252701008/refseq_genomes_runlogs/logs/refseq_RefSeq_include_all_refseq_shards_size_1000_268328763/datasets_download_refseq_000339_20260707T121233Z.4191587.log.attempt1
[2026-07-07 22:00:00] [INFO] dehydrated 链接包下载完成：/data3/p252701008/refseq_genomes/contexts/refseq_RefSeq_include_all_refseq_shards_size_1000_268328763/dehydrated_links/zips/refseq_000339.zip
[2026-07-07 22:00:00] [INFO] 可用磁盘空间：5920 GB；阈值：2000 GB；路径：/data3/p252701008/refseq_genomes/contexts/refseq_RefSeq_include_all_refseq_shards_size_1000_268328763/dehydrated_links/zips
[2026-07-07 22:00:00] [INFO] 开始下载 dehydrated 链接包：refseq_000340；accession 数：1000
[2026-07-07 22:00:00] [INFO] 命令：datasets download genome accession --inputfile /data3/p252701008/refseq_genomes_runlogs/shards/refseq_RefSeq_include_all_refseq_shards_size_1000_268328763/refseq_shards_size_1000/refseq_000340.txt --dehydrated --include all --assembly-source RefSeq --filename /data3/p252701008/refseq_genomes/contexts/refseq_RefSeq_include_all_refseq_shards_size_1000_268328763/dehydrated_links/zips/refseq_000340.zip.partial.20260707T121233Z.4191587 --no-progressbar
[2026-07-07 22:00:00] [INFO] datasets download refseq_000340：第 1/3 次尝试。日志：/data3/p252701008/refseq_genomes_runlogs/logs/refseq_RefSeq_include_all_refseq_shards_size_1000_268328763/datasets_download_refseq_000340_20260707T121233Z.4191587.log.attempt1
[2026-07-07 22:00:19] [INFO] dehydrated 链接包下载完成：/data3/p252701008/refseq_genomes/contexts/refseq_RefSeq_include_all_refseq_shards_size_1000_268328763/dehydrated_links/zips/refseq_000340.zip
[2026-07-07 22:00:19] [INFO] 可用磁盘空间：5920 GB；阈值：2000 GB；路径：/data3/p252701008/refseq_genomes/contexts/refseq_RefSeq_include_all_refseq_shards_size_1000_268328763/dehydrated_links/zips
[2026-07-07 22:00:19] [INFO] 开始下载 dehydrated 链接包：refseq_000341；accession 数：1000
[2026-07-07 22:00:19] [INFO] 命令：datasets download genome accession --inputfile /data3/p252701008/refseq_genomes_runlogs/shards/refseq_RefSeq_include_all_refseq_shards_size_1000_268328763/refseq_shards_size_1000/refseq_000341.txt --dehydrated --include all --assembly-source RefSeq --filename /data3/p252701008/refseq_genomes/contexts/refseq_RefSeq_include_all_refseq_shards_size_1000_268328763/dehydrated_links/zips/refseq_000341.zip.partial.20260707T121233Z.4191587 --no-progressbar
[2026-07-07 22:00:19] [INFO] datasets download refseq_000341：第 1/3 次尝试。日志：/data3/p252701008/refseq_genomes_runlogs/logs/refseq_RefSeq_include_all_refseq_shards_size_1000_268328763/datasets_download_refseq_000341_20260707T121233Z.4191587.log.attempt1
[2026-07-07 22:00:40] [INFO] dehydrated 链接包下载完成：/data3/p252701008/refseq_genomes/contexts/refseq_RefSeq_include_all_refseq_shards_size_1000_268328763/dehydrated_links/zips/refseq_000341.zip
[2026-07-07 22:00:40] [INFO] 可用磁盘空间：5920 GB；阈值：2000 GB；路径：/data3/p252701008/refseq_genomes/contexts/refseq_RefSeq_include_all_refseq_shards_size_1000_268328763/dehydrated_links/zips
[2026-07-07 22:00:40] [INFO] 开始下载 dehydrated 链接包：refseq_000342；accession 数：1000
[2026-07-07 22:00:40] [INFO] 命令：datasets download genome accession --inputfile /data3/p252701008/refseq_genomes_runlogs/shards/refseq_RefSeq_include_all_refseq_shards_size_1000_268328763/refseq_shards_size_1000/refseq_000342.txt --dehydrated --include all --assembly-source RefSeq --filename /data3/p252701008/refseq_genomes/contexts/refseq_RefSeq_include_all_refseq_shards_size_1000_268328763/dehydrated_links/zips/refseq_000342.zip.partial.20260707T121233Z.4191587 --no-progressbar
[2026-07-07 22:00:40] [INFO] datasets download refseq_000342：第 1/3 次尝试。日志：/data3/p252701008/refseq_genomes_runlogs/logs/refseq_RefSeq_include_all_refseq_shards_size_1000_268328763/datasets_download_refseq_000342_20260707T121233Z.4191587.log.attempt1
[2026-07-07 22:00:58] [INFO] dehydrated 链接包下载完成：/data3/p252701008/refseq_genomes/contexts/refseq_RefSeq_include_all_refseq_shards_size_1000_268328763/dehydrated_links/zips/refseq_000342.zip
[2026-07-07 22:00:58] [INFO] 可用磁盘空间：5920 GB；阈值：2000 GB；路径：/data3/p252701008/refseq_genomes/contexts/refseq_RefSeq_include_all_refseq_shards_size_1000_268328763/dehydrated_links/zips
[2026-07-07 22:00:58] [INFO] 开始下载 dehydrated 链接包：refseq_000343；accession 数：1000
[2026-07-07 22:00:58] [INFO] 命令：datasets download genome accession --inputfile /data3/p252701008/refseq_genomes_runlogs/shards/refseq_RefSeq_include_all_refseq_shards_size_1000_268328763/refseq_shards_size_1000/refseq_000343.txt --dehydrated --include all --assembly-source RefSeq --filename /data3/p252701008/refseq_genomes/contexts/refseq_RefSeq_include_all_refseq_shards_size_1000_268328763/dehydrated_links/zips/refseq_000343.zip.partial.20260707T121233Z.4191587 --no-progressbar
[2026-07-07 22:00:58] [INFO] datasets download refseq_000343：第 1/3 次尝试。日志：/data3/p252701008/refseq_genomes_runlogs/logs/refseq_RefSeq_include_all_refseq_shards_size_1000_268328763/datasets_download_refseq_000343_20260707T121233Z.4191587.log.attempt1
[2026-07-07 22:01:17] [INFO] dehydrated 链接包下载完成：/data3/p252701008/refseq_genomes/contexts/refseq_RefSeq_include_all_refseq_shards_size_1000_268328763/dehydrated_links/zips/refseq_000343.zip
[2026-07-07 22:01:17] [INFO] 可用磁盘空间：5920 GB；阈值：2000 GB；路径：/data3/p252701008/refseq_genomes/contexts/refseq_RefSeq_include_all_refseq_shards_size_1000_268328763/dehydrated_links/zips
[2026-07-07 22:01:17] [INFO] 开始下载 dehydrated 链接包：refseq_000344；accession 数：1000
[2026-07-07 22:01:17] [INFO] 命令：datasets download genome accession --inputfile /data3/p252701008/refseq_genomes_runlogs/shards/refseq_RefSeq_include_all_refseq_shards_size_1000_268328763/refseq_shards_size_1000/refseq_000344.txt --dehydrated --include all --assembly-source RefSeq --filename /data3/p252701008/refseq_genomes/contexts/refseq_RefSeq_include_all_refseq_shards_size_1000_268328763/dehydrated_links/zips/refseq_000344.zip.partial.20260707T121233Z.4191587 --no-progressbar
[2026-07-07 22:01:17] [INFO] datasets download refseq_000344：第 1/3 次尝试。日志：/data3/p252701008/refseq_genomes_runlogs/logs/refseq_RefSeq_include_all_refseq_shards_size_1000_268328763/datasets_download_refseq_000344_20260707T121233Z.4191587.log.attempt1
[2026-07-07 22:01:37] [INFO] dehydrated 链接包下载完成：/data3/p252701008/refseq_genomes/contexts/refseq_RefSeq_include_all_refseq_shards_size_1000_268328763/dehydrated_links/zips/refseq_000344.zip
[2026-07-07 22:01:37] [INFO] 可用磁盘空间：5920 GB；阈值：2000 GB；路径：/data3/p252701008/refseq_genomes/contexts/refseq_RefSeq_include_all_refseq_shards_size_1000_268328763/dehydrated_links/zips
[2026-07-07 22:01:37] [INFO] 开始下载 dehydrated 链接包：refseq_000345；accession 数：1000
[2026-07-07 22:01:37] [INFO] 命令：datasets download genome accession --inputfile /data3/p252701008/refseq_genomes_runlogs/shards/refseq_RefSeq_include_all_refseq_shards_size_1000_268328763/refseq_shards_size_1000/refseq_000345.txt --dehydrated --include all --assembly-source RefSeq --filename /data3/p252701008/refseq_genomes/contexts/refseq_RefSeq_include_all_refseq_shards_size_1000_268328763/dehydrated_links/zips/refseq_000345.zip.partial.20260707T121233Z.4191587 --no-progressbar
[2026-07-07 22:01:37] [INFO] datasets download refseq_000345：第 1/3 次尝试。日志：/data3/p252701008/refseq_genomes_runlogs/logs/refseq_RefSeq_include_all_refseq_shards_size_1000_268328763/datasets_download_refseq_000345_20260707T121233Z.4191587.log.attempt1
[2026-07-07 22:01:56] [INFO] dehydrated 链接包下载完成：/data3/p252701008/refseq_genomes/contexts/refseq_RefSeq_include_all_refseq_shards_size_1000_268328763/dehydrated_links/zips/refseq_000345.zip
[2026-07-07 22:01:56] [INFO] 可用磁盘空间：5920 GB；阈值：2000 GB；路径：/data3/p252701008/refseq_genomes/contexts/refseq_RefSeq_include_all_refseq_shards_size_1000_268328763/dehydrated_links/zips
[2026-07-07 22:01:56] [INFO] 开始下载 dehydrated 链接包：refseq_000346；accession 数：1000
[2026-07-07 22:01:56] [INFO] 命令：datasets download genome accession --inputfile /data3/p252701008/refseq_genomes_runlogs/shards/refseq_RefSeq_include_all_refseq_shards_size_1000_268328763/refseq_shards_size_1000/refseq_000346.txt --dehydrated --include all --assembly-source RefSeq --filename /data3/p252701008/refseq_genomes/contexts/refseq_RefSeq_include_all_refseq_shards_size_1000_268328763/dehydrated_links/zips/refseq_000346.zip.partial.20260707T121233Z.4191587 --no-progressbar
[2026-07-07 22:01:56] [INFO] datasets download refseq_000346：第 1/3 次尝试。日志：/data3/p252701008/refseq_genomes_runlogs/logs/refseq_RefSeq_include_all_refseq_shards_size_1000_268328763/datasets_download_refseq_000346_20260707T121233Z.4191587.log.attempt1
[2026-07-07 22:02:14] [INFO] dehydrated 链接包下载完成：/data3/p252701008/refseq_genomes/contexts/refseq_RefSeq_include_all_refseq_shards_size_1000_268328763/dehydrated_links/zips/refseq_000346.zip
[2026-07-07 22:02:14] [INFO] 可用磁盘空间：5920 GB；阈值：2000 GB；路径：/data3/p252701008/refseq_genomes/contexts/refseq_RefSeq_include_all_refseq_shards_size_1000_268328763/dehydrated_links/zips
[2026-07-07 22:02:14] [INFO] 开始下载 dehydrated 链接包：refseq_000347；accession 数：1000
[2026-07-07 22:02:14] [INFO] 命令：datasets download genome accession --inputfile /data3/p252701008/refseq_genomes_runlogs/shards/refseq_RefSeq_include_all_refseq_shards_size_1000_268328763/refseq_shards_size_1000/refseq_000347.txt --dehydrated --include all --assembly-source RefSeq --filename /data3/p252701008/refseq_genomes/contexts/refseq_RefSeq_include_all_refseq_shards_size_1000_268328763/dehydrated_links/zips/refseq_000347.zip.partial.20260707T121233Z.4191587 --no-progressbar
[2026-07-07 22:02:14] [INFO] datasets download refseq_000347：第 1/3 次尝试。日志：/data3/p252701008/refseq_genomes_runlogs/logs/refseq_RefSeq_include_all_refseq_shards_size_1000_268328763/datasets_download_refseq_000347_20260707T121233Z.4191587.log.attempt1
[2026-07-07 22:02:33] [INFO] dehydrated 链接包下载完成：/data3/p252701008/refseq_genomes/contexts/refseq_RefSeq_include_all_refseq_shards_size_1000_268328763/dehydrated_links/zips/refseq_000347.zip
[2026-07-07 22:02:33] [INFO] 可用磁盘空间：5920 GB；阈值：2000 GB；路径：/data3/p252701008/refseq_genomes/contexts/refseq_RefSeq_include_all_refseq_shards_size_1000_268328763/dehydrated_links/zips
[2026-07-07 22:02:33] [INFO] 开始下载 dehydrated 链接包：refseq_000348；accession 数：1000
[2026-07-07 22:02:33] [INFO] 命令：datasets download genome accession --inputfile /data3/p252701008/refseq_genomes_runlogs/shards/refseq_RefSeq_include_all_refseq_shards_size_1000_268328763/refseq_shards_size_1000/refseq_000348.txt --dehydrated --include all --assembly-source RefSeq --filename /data3/p252701008/refseq_genomes/contexts/refseq_RefSeq_include_all_refseq_shards_size_1000_268328763/dehydrated_links/zips/refseq_000348.zip.partial.20260707T121233Z.4191587 --no-progressbar
[2026-07-07 22:02:33] [INFO] datasets download refseq_000348：第 1/3 次尝试。日志：/data3/p252701008/refseq_genomes_runlogs/logs/refseq_RefSeq_include_all_refseq_shards_size_1000_268328763/datasets_download_refseq_000348_20260707T121233Z.4191587.log.attempt1
[2026-07-07 22:02:51] [INFO] dehydrated 链接包下载完成：/data3/p252701008/refseq_genomes/contexts/refseq_RefSeq_include_all_refseq_shards_size_1000_268328763/dehydrated_links/zips/refseq_000348.zip
[2026-07-07 22:02:51] [INFO] 可用磁盘空间：5920 GB；阈值：2000 GB；路径：/data3/p252701008/refseq_genomes/contexts/refseq_RefSeq_include_all_refseq_shards_size_1000_268328763/dehydrated_links/zips
[2026-07-07 22:02:51] [INFO] 开始下载 dehydrated 链接包：refseq_000349；accession 数：1000
[2026-07-07 22:02:51] [INFO] 命令：datasets download genome accession --inputfile /data3/p252701008/refseq_genomes_runlogs/shards/refseq_RefSeq_include_all_refseq_shards_size_1000_268328763/refseq_shards_size_1000/refseq_000349.txt --dehydrated --include all --assembly-source RefSeq --filename /data3/p252701008/refseq_genomes/contexts/refseq_RefSeq_include_all_refseq_shards_size_1000_268328763/dehydrated_links/zips/refseq_000349.zip.partial.20260707T121233Z.4191587 --no-progressbar
[2026-07-07 22:02:51] [INFO] datasets download refseq_000349：第 1/3 次尝试。日志：/data3/p252701008/refseq_genomes_runlogs/logs/refseq_RefSeq_include_all_refseq_shards_size_1000_268328763/datasets_download_refseq_000349_20260707T121233Z.4191587.log.attempt1
[2026-07-07 22:03:09] [INFO] dehydrated 链接包下载完成：/data3/p252701008/refseq_genomes/contexts/refseq_RefSeq_include_all_refseq_shards_size_1000_268328763/dehydrated_links/zips/refseq_000349.zip
[2026-07-07 22:03:09] [INFO] 可用磁盘空间：5920 GB；阈值：2000 GB；路径：/data3/p252701008/refseq_genomes/contexts/refseq_RefSeq_include_all_refseq_shards_size_1000_268328763/dehydrated_links/zips
[2026-07-07 22:03:09] [INFO] 开始下载 dehydrated 链接包：refseq_000350；accession 数：1000
[2026-07-07 22:03:09] [INFO] 命令：datasets download genome accession --inputfile /data3/p252701008/refseq_genomes_runlogs/shards/refseq_RefSeq_include_all_refseq_shards_size_1000_268328763/refseq_shards_size_1000/refseq_000350.txt --dehydrated --include all --assembly-source RefSeq --filename /data3/p252701008/refseq_genomes/contexts/refseq_RefSeq_include_all_refseq_shards_size_1000_268328763/dehydrated_links/zips/refseq_000350.zip.partial.20260707T121233Z.4191587 --no-progressbar
[2026-07-07 22:03:09] [INFO] datasets download refseq_000350：第 1/3 次尝试。日志：/data3/p252701008/refseq_genomes_runlogs/logs/refseq_RefSeq_include_all_refseq_shards_size_1000_268328763/datasets_download_refseq_000350_20260707T121233Z.4191587.log.attempt1
[2026-07-07 22:03:28] [INFO] dehydrated 链接包下载完成：/data3/p252701008/refseq_genomes/contexts/refseq_RefSeq_include_all_refseq_shards_size_1000_268328763/dehydrated_links/zips/refseq_000350.zip
[2026-07-07 22:03:28] [INFO] 可用磁盘空间：5920 GB；阈值：2000 GB；路径：/data3/p252701008/refseq_genomes/contexts/refseq_RefSeq_include_all_refseq_shards_size_1000_268328763/dehydrated_links/zips
[2026-07-07 22:03:28] [INFO] 开始下载 dehydrated 链接包：refseq_000351；accession 数：1000
[2026-07-07 22:03:28] [INFO] 命令：datasets download genome accession --inputfile /data3/p252701008/refseq_genomes_runlogs/shards/refseq_RefSeq_include_all_refseq_shards_size_1000_268328763/refseq_shards_size_1000/refseq_000351.txt --dehydrated --include all --assembly-source RefSeq --filename /data3/p252701008/refseq_genomes/contexts/refseq_RefSeq_include_all_refseq_shards_size_1000_268328763/dehydrated_links/zips/refseq_000351.zip.partial.20260707T121233Z.4191587 --no-progressbar
[2026-07-07 22:03:28] [INFO] datasets download refseq_000351：第 1/3 次尝试。日志：/data3/p252701008/refseq_genomes_runlogs/logs/refseq_RefSeq_include_all_refseq_shards_size_1000_268328763/datasets_download_refseq_000351_20260707T121233Z.4191587.log.attempt1
[2026-07-07 22:03:47] [INFO] dehydrated 链接包下载完成：/data3/p252701008/refseq_genomes/contexts/refseq_RefSeq_include_all_refseq_shards_size_1000_268328763/dehydrated_links/zips/refseq_000351.zip
[2026-07-07 22:03:47] [INFO] 可用磁盘空间：5920 GB；阈值：2000 GB；路径：/data3/p252701008/refseq_genomes/contexts/refseq_RefSeq_include_all_refseq_shards_size_1000_268328763/dehydrated_links/zips
[2026-07-07 22:03:47] [INFO] 开始下载 dehydrated 链接包：refseq_000352；accession 数：1000
[2026-07-07 22:03:47] [INFO] 命令：datasets download genome accession --inputfile /data3/p252701008/refseq_genomes_runlogs/shards/refseq_RefSeq_include_all_refseq_shards_size_1000_268328763/refseq_shards_size_1000/refseq_000352.txt --dehydrated --include all --assembly-source RefSeq --filename /data3/p252701008/refseq_genomes/contexts/refseq_RefSeq_include_all_refseq_shards_size_1000_268328763/dehydrated_links/zips/refseq_000352.zip.partial.20260707T121233Z.4191587 --no-progressbar
[2026-07-07 22:03:47] [INFO] datasets download refseq_000352：第 1/3 次尝试。日志：/data3/p252701008/refseq_genomes_runlogs/logs/refseq_RefSeq_include_all_refseq_shards_size_1000_268328763/datasets_download_refseq_000352_20260707T121233Z.4191587.log.attempt1
[2026-07-07 22:04:06] [INFO] dehydrated 链接包下载完成：/data3/p252701008/refseq_genomes/contexts/refseq_RefSeq_include_all_refseq_shards_size_1000_268328763/dehydrated_links/zips/refseq_000352.zip
[2026-07-07 22:04:06] [INFO] 可用磁盘空间：5920 GB；阈值：2000 GB；路径：/data3/p252701008/refseq_genomes/contexts/refseq_RefSeq_include_all_refseq_shards_size_1000_268328763/dehydrated_links/zips
[2026-07-07 22:04:06] [INFO] 开始下载 dehydrated 链接包：refseq_000353；accession 数：1000
[2026-07-07 22:04:06] [INFO] 命令：datasets download genome accession --inputfile /data3/p252701008/refseq_genomes_runlogs/shards/refseq_RefSeq_include_all_refseq_shards_size_1000_268328763/refseq_shards_size_1000/refseq_000353.txt --dehydrated --include all --assembly-source RefSeq --filename /data3/p252701008/refseq_genomes/contexts/refseq_RefSeq_include_all_refseq_shards_size_1000_268328763/dehydrated_links/zips/refseq_000353.zip.partial.20260707T121233Z.4191587 --no-progressbar
[2026-07-07 22:04:06] [INFO] datasets download refseq_000353：第 1/3 次尝试。日志：/data3/p252701008/refseq_genomes_runlogs/logs/refseq_RefSeq_include_all_refseq_shards_size_1000_268328763/datasets_download_refseq_000353_20260707T121233Z.4191587.log.attempt1
[2026-07-07 22:04:23] [INFO] dehydrated 链接包下载完成：/data3/p252701008/refseq_genomes/contexts/refseq_RefSeq_include_all_refseq_shards_size_1000_268328763/dehydrated_links/zips/refseq_000353.zip
[2026-07-07 22:04:23] [INFO] 可用磁盘空间：5920 GB；阈值：2000 GB；路径：/data3/p252701008/refseq_genomes/contexts/refseq_RefSeq_include_all_refseq_shards_size_1000_268328763/dehydrated_links/zips
[2026-07-07 22:04:23] [INFO] 开始下载 dehydrated 链接包：refseq_000354；accession 数：1000
[2026-07-07 22:04:23] [INFO] 命令：datasets download genome accession --inputfile /data3/p252701008/refseq_genomes_runlogs/shards/refseq_RefSeq_include_all_refseq_shards_size_1000_268328763/refseq_shards_size_1000/refseq_000354.txt --dehydrated --include all --assembly-source RefSeq --filename /data3/p252701008/refseq_genomes/contexts/refseq_RefSeq_include_all_refseq_shards_size_1000_268328763/dehydrated_links/zips/refseq_000354.zip.partial.20260707T121233Z.4191587 --no-progressbar
[2026-07-07 22:04:23] [INFO] datasets download refseq_000354：第 1/3 次尝试。日志：/data3/p252701008/refseq_genomes_runlogs/logs/refseq_RefSeq_include_all_refseq_shards_size_1000_268328763/datasets_download_refseq_000354_20260707T121233Z.4191587.log.attempt1
[2026-07-07 22:04:40] [INFO] dehydrated 链接包下载完成：/data3/p252701008/refseq_genomes/contexts/refseq_RefSeq_include_all_refseq_shards_size_1000_268328763/dehydrated_links/zips/refseq_000354.zip
[2026-07-07 22:04:40] [INFO] 可用磁盘空间：5920 GB；阈值：2000 GB；路径：/data3/p252701008/refseq_genomes/contexts/refseq_RefSeq_include_all_refseq_shards_size_1000_268328763/dehydrated_links/zips
[2026-07-07 22:04:40] [INFO] 开始下载 dehydrated 链接包：refseq_000355；accession 数：1000
[2026-07-07 22:04:40] [INFO] 命令：datasets download genome accession --inputfile /data3/p252701008/refseq_genomes_runlogs/shards/refseq_RefSeq_include_all_refseq_shards_size_1000_268328763/refseq_shards_size_1000/refseq_000355.txt --dehydrated --include all --assembly-source RefSeq --filename /data3/p252701008/refseq_genomes/contexts/refseq_RefSeq_include_all_refseq_shards_size_1000_268328763/dehydrated_links/zips/refseq_000355.zip.partial.20260707T121233Z.4191587 --no-progressbar
[2026-07-07 22:04:40] [INFO] datasets download refseq_000355：第 1/3 次尝试。日志：/data3/p252701008/refseq_genomes_runlogs/logs/refseq_RefSeq_include_all_refseq_shards_size_1000_268328763/datasets_download_refseq_000355_20260707T121233Z.4191587.log.attempt1
[2026-07-07 22:04:57] [INFO] dehydrated 链接包下载完成：/data3/p252701008/refseq_genomes/contexts/refseq_RefSeq_include_all_refseq_shards_size_1000_268328763/dehydrated_links/zips/refseq_000355.zip
[2026-07-07 22:04:57] [INFO] 可用磁盘空间：5920 GB；阈值：2000 GB；路径：/data3/p252701008/refseq_genomes/contexts/refseq_RefSeq_include_all_refseq_shards_size_1000_268328763/dehydrated_links/zips
[2026-07-07 22:04:57] [INFO] 开始下载 dehydrated 链接包：refseq_000356；accession 数：1000
[2026-07-07 22:04:57] [INFO] 命令：datasets download genome accession --inputfile /data3/p252701008/refseq_genomes_runlogs/shards/refseq_RefSeq_include_all_refseq_shards_size_1000_268328763/refseq_shards_size_1000/refseq_000356.txt --dehydrated --include all --assembly-source RefSeq --filename /data3/p252701008/refseq_genomes/contexts/refseq_RefSeq_include_all_refseq_shards_size_1000_268328763/dehydrated_links/zips/refseq_000356.zip.partial.20260707T121233Z.4191587 --no-progressbar
[2026-07-07 22:04:57] [INFO] datasets download refseq_000356：第 1/3 次尝试。日志：/data3/p252701008/refseq_genomes_runlogs/logs/refseq_RefSeq_include_all_refseq_shards_size_1000_268328763/datasets_download_refseq_000356_20260707T121233Z.4191587.log.attempt1
[2026-07-07 22:05:17] [INFO] dehydrated 链接包下载完成：/data3/p252701008/refseq_genomes/contexts/refseq_RefSeq_include_all_refseq_shards_size_1000_268328763/dehydrated_links/zips/refseq_000356.zip
[2026-07-07 22:05:17] [INFO] 可用磁盘空间：5920 GB；阈值：2000 GB；路径：/data3/p252701008/refseq_genomes/contexts/refseq_RefSeq_include_all_refseq_shards_size_1000_268328763/dehydrated_links/zips
[2026-07-07 22:05:17] [INFO] 开始下载 dehydrated 链接包：refseq_000357；accession 数：1000
[2026-07-07 22:05:17] [INFO] 命令：datasets download genome accession --inputfile /data3/p252701008/refseq_genomes_runlogs/shards/refseq_RefSeq_include_all_refseq_shards_size_1000_268328763/refseq_shards_size_1000/refseq_000357.txt --dehydrated --include all --assembly-source RefSeq --filename /data3/p252701008/refseq_genomes/contexts/refseq_RefSeq_include_all_refseq_shards_size_1000_268328763/dehydrated_links/zips/refseq_000357.zip.partial.20260707T121233Z.4191587 --no-progressbar
[2026-07-07 22:05:17] [INFO] datasets download refseq_000357：第 1/3 次尝试。日志：/data3/p252701008/refseq_genomes_runlogs/logs/refseq_RefSeq_include_all_refseq_shards_size_1000_268328763/datasets_download_refseq_000357_20260707T121233Z.4191587.log.attempt1
[2026-07-07 22:05:33] [INFO] dehydrated 链接包下载完成：/data3/p252701008/refseq_genomes/contexts/refseq_RefSeq_include_all_refseq_shards_size_1000_268328763/dehydrated_links/zips/refseq_000357.zip
[2026-07-07 22:05:33] [INFO] 可用磁盘空间：5920 GB；阈值：2000 GB；路径：/data3/p252701008/refseq_genomes/contexts/refseq_RefSeq_include_all_refseq_shards_size_1000_268328763/dehydrated_links/zips
[2026-07-07 22:05:33] [INFO] 开始下载 dehydrated 链接包：refseq_000358；accession 数：1000
[2026-07-07 22:05:33] [INFO] 命令：datasets download genome accession --inputfile /data3/p252701008/refseq_genomes_runlogs/shards/refseq_RefSeq_include_all_refseq_shards_size_1000_268328763/refseq_shards_size_1000/refseq_000358.txt --dehydrated --include all --assembly-source RefSeq --filename /data3/p252701008/refseq_genomes/contexts/refseq_RefSeq_include_all_refseq_shards_size_1000_268328763/dehydrated_links/zips/refseq_000358.zip.partial.20260707T121233Z.4191587 --no-progressbar
[2026-07-07 22:05:33] [INFO] datasets download refseq_000358：第 1/3 次尝试。日志：/data3/p252701008/refseq_genomes_runlogs/logs/refseq_RefSeq_include_all_refseq_shards_size_1000_268328763/datasets_download_refseq_000358_20260707T121233Z.4191587.log.attempt1
[2026-07-07 22:05:50] [INFO] dehydrated 链接包下载完成：/data3/p252701008/refseq_genomes/contexts/refseq_RefSeq_include_all_refseq_shards_size_1000_268328763/dehydrated_links/zips/refseq_000358.zip
[2026-07-07 22:05:50] [INFO] 可用磁盘空间：5920 GB；阈值：2000 GB；路径：/data3/p252701008/refseq_genomes/contexts/refseq_RefSeq_include_all_refseq_shards_size_1000_268328763/dehydrated_links/zips
[2026-07-07 22:05:50] [INFO] 开始下载 dehydrated 链接包：refseq_000359；accession 数：1000
[2026-07-07 22:05:50] [INFO] 命令：datasets download genome accession --inputfile /data3/p252701008/refseq_genomes_runlogs/shards/refseq_RefSeq_include_all_refseq_shards_size_1000_268328763/refseq_shards_size_1000/refseq_000359.txt --dehydrated --include all --assembly-source RefSeq --filename /data3/p252701008/refseq_genomes/contexts/refseq_RefSeq_include_all_refseq_shards_size_1000_268328763/dehydrated_links/zips/refseq_000359.zip.partial.20260707T121233Z.4191587 --no-progressbar
[2026-07-07 22:05:50] [INFO] datasets download refseq_000359：第 1/3 次尝试。日志：/data3/p252701008/refseq_genomes_runlogs/logs/refseq_RefSeq_include_all_refseq_shards_size_1000_268328763/datasets_download_refseq_000359_20260707T121233Z.4191587.log.attempt1
[2026-07-07 22:06:08] [INFO] dehydrated 链接包下载完成：/data3/p252701008/refseq_genomes/contexts/refseq_RefSeq_include_all_refseq_shards_size_1000_268328763/dehydrated_links/zips/refseq_000359.zip
[2026-07-07 22:06:08] [INFO] 可用磁盘空间：5920 GB；阈值：2000 GB；路径：/data3/p252701008/refseq_genomes/contexts/refseq_RefSeq_include_all_refseq_shards_size_1000_268328763/dehydrated_links/zips
[2026-07-07 22:06:08] [INFO] 开始下载 dehydrated 链接包：refseq_000360；accession 数：1000
[2026-07-07 22:06:08] [INFO] 命令：datasets download genome accession --inputfile /data3/p252701008/refseq_genomes_runlogs/shards/refseq_RefSeq_include_all_refseq_shards_size_1000_268328763/refseq_shards_size_1000/refseq_000360.txt --dehydrated --include all --assembly-source RefSeq --filename /data3/p252701008/refseq_genomes/contexts/refseq_RefSeq_include_all_refseq_shards_size_1000_268328763/dehydrated_links/zips/refseq_000360.zip.partial.20260707T121233Z.4191587 --no-progressbar
[2026-07-07 22:06:08] [INFO] datasets download refseq_000360：第 1/3 次尝试。日志：/data3/p252701008/refseq_genomes_runlogs/logs/refseq_RefSeq_include_all_refseq_shards_size_1000_268328763/datasets_download_refseq_000360_20260707T121233Z.4191587.log.attempt1
[2026-07-07 22:06:25] [INFO] dehydrated 链接包下载完成：/data3/p252701008/refseq_genomes/contexts/refseq_RefSeq_include_all_refseq_shards_size_1000_268328763/dehydrated_links/zips/refseq_000360.zip
[2026-07-07 22:06:25] [INFO] 可用磁盘空间：5920 GB；阈值：2000 GB；路径：/data3/p252701008/refseq_genomes/contexts/refseq_RefSeq_include_all_refseq_shards_size_1000_268328763/dehydrated_links/zips
[2026-07-07 22:06:25] [INFO] 开始下载 dehydrated 链接包：refseq_000361；accession 数：1000
[2026-07-07 22:06:25] [INFO] 命令：datasets download genome accession --inputfile /data3/p252701008/refseq_genomes_runlogs/shards/refseq_RefSeq_include_all_refseq_shards_size_1000_268328763/refseq_shards_size_1000/refseq_000361.txt --dehydrated --include all --assembly-source RefSeq --filename /data3/p252701008/refseq_genomes/contexts/refseq_RefSeq_include_all_refseq_shards_size_1000_268328763/dehydrated_links/zips/refseq_000361.zip.partial.20260707T121233Z.4191587 --no-progressbar
[2026-07-07 22:06:25] [INFO] datasets download refseq_000361：第 1/3 次尝试。日志：/data3/p252701008/refseq_genomes_runlogs/logs/refseq_RefSeq_include_all_refseq_shards_size_1000_268328763/datasets_download_refseq_000361_20260707T121233Z.4191587.log.attempt1
[2026-07-07 22:06:43] [INFO] dehydrated 链接包下载完成：/data3/p252701008/refseq_genomes/contexts/refseq_RefSeq_include_all_refseq_shards_size_1000_268328763/dehydrated_links/zips/refseq_000361.zip
[2026-07-07 22:06:43] [INFO] 可用磁盘空间：5920 GB；阈值：2000 GB；路径：/data3/p252701008/refseq_genomes/contexts/refseq_RefSeq_include_all_refseq_shards_size_1000_268328763/dehydrated_links/zips
[2026-07-07 22:06:43] [INFO] 开始下载 dehydrated 链接包：refseq_000362；accession 数：1000
[2026-07-07 22:06:43] [INFO] 命令：datasets download genome accession --inputfile /data3/p252701008/refseq_genomes_runlogs/shards/refseq_RefSeq_include_all_refseq_shards_size_1000_268328763/refseq_shards_size_1000/refseq_000362.txt --dehydrated --include all --assembly-source RefSeq --filename /data3/p252701008/refseq_genomes/contexts/refseq_RefSeq_include_all_refseq_shards_size_1000_268328763/dehydrated_links/zips/refseq_000362.zip.partial.20260707T121233Z.4191587 --no-progressbar
[2026-07-07 22:06:43] [INFO] datasets download refseq_000362：第 1/3 次尝试。日志：/data3/p252701008/refseq_genomes_runlogs/logs/refseq_RefSeq_include_all_refseq_shards_size_1000_268328763/datasets_download_refseq_000362_20260707T121233Z.4191587.log.attempt1
[2026-07-07 22:06:59] [INFO] dehydrated 链接包下载完成：/data3/p252701008/refseq_genomes/contexts/refseq_RefSeq_include_all_refseq_shards_size_1000_268328763/dehydrated_links/zips/refseq_000362.zip
[2026-07-07 22:06:59] [INFO] 可用磁盘空间：5920 GB；阈值：2000 GB；路径：/data3/p252701008/refseq_genomes/contexts/refseq_RefSeq_include_all_refseq_shards_size_1000_268328763/dehydrated_links/zips
[2026-07-07 22:06:59] [INFO] 开始下载 dehydrated 链接包：refseq_000363；accession 数：1000
[2026-07-07 22:06:59] [INFO] 命令：datasets download genome accession --inputfile /data3/p252701008/refseq_genomes_runlogs/shards/refseq_RefSeq_include_all_refseq_shards_size_1000_268328763/refseq_shards_size_1000/refseq_000363.txt --dehydrated --include all --assembly-source RefSeq --filename /data3/p252701008/refseq_genomes/contexts/refseq_RefSeq_include_all_refseq_shards_size_1000_268328763/dehydrated_links/zips/refseq_000363.zip.partial.20260707T121233Z.4191587 --no-progressbar
[2026-07-07 22:06:59] [INFO] datasets download refseq_000363：第 1/3 次尝试。日志：/data3/p252701008/refseq_genomes_runlogs/logs/refseq_RefSeq_include_all_refseq_shards_size_1000_268328763/datasets_download_refseq_000363_20260707T121233Z.4191587.log.attempt1
[2026-07-07 22:07:15] [INFO] dehydrated 链接包下载完成：/data3/p252701008/refseq_genomes/contexts/refseq_RefSeq_include_all_refseq_shards_size_1000_268328763/dehydrated_links/zips/refseq_000363.zip
[2026-07-07 22:07:15] [INFO] 可用磁盘空间：5920 GB；阈值：2000 GB；路径：/data3/p252701008/refseq_genomes/contexts/refseq_RefSeq_include_all_refseq_shards_size_1000_268328763/dehydrated_links/zips
[2026-07-07 22:07:15] [INFO] 开始下载 dehydrated 链接包：refseq_000364；accession 数：1000
[2026-07-07 22:07:15] [INFO] 命令：datasets download genome accession --inputfile /data3/p252701008/refseq_genomes_runlogs/shards/refseq_RefSeq_include_all_refseq_shards_size_1000_268328763/refseq_shards_size_1000/refseq_000364.txt --dehydrated --include all --assembly-source RefSeq --filename /data3/p252701008/refseq_genomes/contexts/refseq_RefSeq_include_all_refseq_shards_size_1000_268328763/dehydrated_links/zips/refseq_000364.zip.partial.20260707T121233Z.4191587 --no-progressbar
[2026-07-07 22:07:15] [INFO] datasets download refseq_000364：第 1/3 次尝试。日志：/data3/p252701008/refseq_genomes_runlogs/logs/refseq_RefSeq_include_all_refseq_shards_size_1000_268328763/datasets_download_refseq_000364_20260707T121233Z.4191587.log.attempt1
[2026-07-07 22:07:34] [INFO] dehydrated 链接包下载完成：/data3/p252701008/refseq_genomes/contexts/refseq_RefSeq_include_all_refseq_shards_size_1000_268328763/dehydrated_links/zips/refseq_000364.zip
[2026-07-07 22:07:34] [INFO] 可用磁盘空间：5920 GB；阈值：2000 GB；路径：/data3/p252701008/refseq_genomes/contexts/refseq_RefSeq_include_all_refseq_shards_size_1000_268328763/dehydrated_links/zips
[2026-07-07 22:07:34] [INFO] 开始下载 dehydrated 链接包：refseq_000365；accession 数：1000
[2026-07-07 22:07:34] [INFO] 命令：datasets download genome accession --inputfile /data3/p252701008/refseq_genomes_runlogs/shards/refseq_RefSeq_include_all_refseq_shards_size_1000_268328763/refseq_shards_size_1000/refseq_000365.txt --dehydrated --include all --assembly-source RefSeq --filename /data3/p252701008/refseq_genomes/contexts/refseq_RefSeq_include_all_refseq_shards_size_1000_268328763/dehydrated_links/zips/refseq_000365.zip.partial.20260707T121233Z.4191587 --no-progressbar
[2026-07-07 22:07:34] [INFO] datasets download refseq_000365：第 1/3 次尝试。日志：/data3/p252701008/refseq_genomes_runlogs/logs/refseq_RefSeq_include_all_refseq_shards_size_1000_268328763/datasets_download_refseq_000365_20260707T121233Z.4191587.log.attempt1
[2026-07-07 22:07:50] [INFO] dehydrated 链接包下载完成：/data3/p252701008/refseq_genomes/contexts/refseq_RefSeq_include_all_refseq_shards_size_1000_268328763/dehydrated_links/zips/refseq_000365.zip
[2026-07-07 22:07:50] [INFO] 可用磁盘空间：5920 GB；阈值：2000 GB；路径：/data3/p252701008/refseq_genomes/contexts/refseq_RefSeq_include_all_refseq_shards_size_1000_268328763/dehydrated_links/zips
[2026-07-07 22:07:50] [INFO] 开始下载 dehydrated 链接包：refseq_000366；accession 数：1000
[2026-07-07 22:07:50] [INFO] 命令：datasets download genome accession --inputfile /data3/p252701008/refseq_genomes_runlogs/shards/refseq_RefSeq_include_all_refseq_shards_size_1000_268328763/refseq_shards_size_1000/refseq_000366.txt --dehydrated --include all --assembly-source RefSeq --filename /data3/p252701008/refseq_genomes/contexts/refseq_RefSeq_include_all_refseq_shards_size_1000_268328763/dehydrated_links/zips/refseq_000366.zip.partial.20260707T121233Z.4191587 --no-progressbar
[2026-07-07 22:07:50] [INFO] datasets download refseq_000366：第 1/3 次尝试。日志：/data3/p252701008/refseq_genomes_runlogs/logs/refseq_RefSeq_include_all_refseq_shards_size_1000_268328763/datasets_download_refseq_000366_20260707T121233Z.4191587.log.attempt1
[2026-07-07 22:08:06] [INFO] dehydrated 链接包下载完成：/data3/p252701008/refseq_genomes/contexts/refseq_RefSeq_include_all_refseq_shards_size_1000_268328763/dehydrated_links/zips/refseq_000366.zip
[2026-07-07 22:08:06] [INFO] 可用磁盘空间：5920 GB；阈值：2000 GB；路径：/data3/p252701008/refseq_genomes/contexts/refseq_RefSeq_include_all_refseq_shards_size_1000_268328763/dehydrated_links/zips
[2026-07-07 22:08:06] [INFO] 开始下载 dehydrated 链接包：refseq_000367；accession 数：1000
[2026-07-07 22:08:06] [INFO] 命令：datasets download genome accession --inputfile /data3/p252701008/refseq_genomes_runlogs/shards/refseq_RefSeq_include_all_refseq_shards_size_1000_268328763/refseq_shards_size_1000/refseq_000367.txt --dehydrated --include all --assembly-source RefSeq --filename /data3/p252701008/refseq_genomes/contexts/refseq_RefSeq_include_all_refseq_shards_size_1000_268328763/dehydrated_links/zips/refseq_000367.zip.partial.20260707T121233Z.4191587 --no-progressbar
[2026-07-07 22:08:06] [INFO] datasets download refseq_000367：第 1/3 次尝试。日志：/data3/p252701008/refseq_genomes_runlogs/logs/refseq_RefSeq_include_all_refseq_shards_size_1000_268328763/datasets_download_refseq_000367_20260707T121233Z.4191587.log.attempt1
[2026-07-07 22:08:25] [INFO] dehydrated 链接包下载完成：/data3/p252701008/refseq_genomes/contexts/refseq_RefSeq_include_all_refseq_shards_size_1000_268328763/dehydrated_links/zips/refseq_000367.zip
[2026-07-07 22:08:25] [INFO] 可用磁盘空间：5920 GB；阈值：2000 GB；路径：/data3/p252701008/refseq_genomes/contexts/refseq_RefSeq_include_all_refseq_shards_size_1000_268328763/dehydrated_links/zips
[2026-07-07 22:08:25] [INFO] 开始下载 dehydrated 链接包：refseq_000368；accession 数：1000
[2026-07-07 22:08:25] [INFO] 命令：datasets download genome accession --inputfile /data3/p252701008/refseq_genomes_runlogs/shards/refseq_RefSeq_include_all_refseq_shards_size_1000_268328763/refseq_shards_size_1000/refseq_000368.txt --dehydrated --include all --assembly-source RefSeq --filename /data3/p252701008/refseq_genomes/contexts/refseq_RefSeq_include_all_refseq_shards_size_1000_268328763/dehydrated_links/zips/refseq_000368.zip.partial.20260707T121233Z.4191587 --no-progressbar
[2026-07-07 22:08:25] [INFO] datasets download refseq_000368：第 1/3 次尝试。日志：/data3/p252701008/refseq_genomes_runlogs/logs/refseq_RefSeq_include_all_refseq_shards_size_1000_268328763/datasets_download_refseq_000368_20260707T121233Z.4191587.log.attempt1
[2026-07-07 22:08:37] [ERROR] datasets download 失败：refseq_000368；第 1/3 次；退出码：1；日志：/data3/p252701008/refseq_genomes_runlogs/logs/refseq_RefSeq_include_all_refseq_shards_size_1000_268328763/datasets_download_refseq_000368_20260707T121233Z.4191587.log.attempt1
[2026-07-07 22:08:37] [ERROR]   Error: Download error: stream error: stream ID 9; INTERNAL_ERROR; received from peer
[2026-07-07 22:08:37] [ERROR]   
[2026-07-07 22:08:37] [ERROR]   Use datasets download genome accession <command> --help for detailed help about a command.
[2026-07-07 22:08:37] [ERROR]   
[2026-07-07 22:08:37] [INFO] 已将异常或旧文件移入 trash：/data3/p252701008/refseq_genomes/contexts/refseq_RefSeq_include_all_refseq_shards_size_1000_268328763/dehydrated_links/zips/refseq_000368.zip.partial.20260707T121233Z.4191587 -> /data3/p252701008/refseq_genomes_runlogs/trash/failed_partial_zip.20260707T121233Z.4191587._data3_p252701008_refseq_genomes_contexts_refseq_RefSeq_include_all_refseq_shards_size_1000_268328763_dehydrated_links_zips_refseq_000368_zip_partial_20260707T121233Z_4191587
[2026-07-07 22:08:37] [INFO] datasets download refseq_000368 将在 30 秒后重试。
[2026-07-07 22:09:07] [INFO] datasets download refseq_000368：第 2/3 次尝试。日志：/data3/p252701008/refseq_genomes_runlogs/logs/refseq_RefSeq_include_all_refseq_shards_size_1000_268328763/datasets_download_refseq_000368_20260707T121233Z.4191587.log.attempt2
[2026-07-07 22:09:25] [INFO] dehydrated 链接包下载完成：/data3/p252701008/refseq_genomes/contexts/refseq_RefSeq_include_all_refseq_shards_size_1000_268328763/dehydrated_links/zips/refseq_000368.zip
[2026-07-07 22:09:25] [INFO] 可用磁盘空间：5920 GB；阈值：2000 GB；路径：/data3/p252701008/refseq_genomes/contexts/refseq_RefSeq_include_all_refseq_shards_size_1000_268328763/dehydrated_links/zips
[2026-07-07 22:09:25] [INFO] 开始下载 dehydrated 链接包：refseq_000369；accession 数：1000
[2026-07-07 22:09:25] [INFO] 命令：datasets download genome accession --inputfile /data3/p252701008/refseq_genomes_runlogs/shards/refseq_RefSeq_include_all_refseq_shards_size_1000_268328763/refseq_shards_size_1000/refseq_000369.txt --dehydrated --include all --assembly-source RefSeq --filename /data3/p252701008/refseq_genomes/contexts/refseq_RefSeq_include_all_refseq_shards_size_1000_268328763/dehydrated_links/zips/refseq_000369.zip.partial.20260707T121233Z.4191587 --no-progressbar
[2026-07-07 22:09:25] [INFO] datasets download refseq_000369：第 1/3 次尝试。日志：/data3/p252701008/refseq_genomes_runlogs/logs/refseq_RefSeq_include_all_refseq_shards_size_1000_268328763/datasets_download_refseq_000369_20260707T121233Z.4191587.log.attempt1
[2026-07-07 22:09:44] [INFO] dehydrated 链接包下载完成：/data3/p252701008/refseq_genomes/contexts/refseq_RefSeq_include_all_refseq_shards_size_1000_268328763/dehydrated_links/zips/refseq_000369.zip
[2026-07-07 22:09:44] [INFO] 可用磁盘空间：5920 GB；阈值：2000 GB；路径：/data3/p252701008/refseq_genomes/contexts/refseq_RefSeq_include_all_refseq_shards_size_1000_268328763/dehydrated_links/zips
[2026-07-07 22:09:44] [INFO] 开始下载 dehydrated 链接包：refseq_000370；accession 数：1000
[2026-07-07 22:09:44] [INFO] 命令：datasets download genome accession --inputfile /data3/p252701008/refseq_genomes_runlogs/shards/refseq_RefSeq_include_all_refseq_shards_size_1000_268328763/refseq_shards_size_1000/refseq_000370.txt --dehydrated --include all --assembly-source RefSeq --filename /data3/p252701008/refseq_genomes/contexts/refseq_RefSeq_include_all_refseq_shards_size_1000_268328763/dehydrated_links/zips/refseq_000370.zip.partial.20260707T121233Z.4191587 --no-progressbar
[2026-07-07 22:09:44] [INFO] datasets download refseq_000370：第 1/3 次尝试。日志：/data3/p252701008/refseq_genomes_runlogs/logs/refseq_RefSeq_include_all_refseq_shards_size_1000_268328763/datasets_download_refseq_000370_20260707T121233Z.4191587.log.attempt1
[2026-07-07 22:10:00] [INFO] dehydrated 链接包下载完成：/data3/p252701008/refseq_genomes/contexts/refseq_RefSeq_include_all_refseq_shards_size_1000_268328763/dehydrated_links/zips/refseq_000370.zip
[2026-07-07 22:10:00] [INFO] 可用磁盘空间：5920 GB；阈值：2000 GB；路径：/data3/p252701008/refseq_genomes/contexts/refseq_RefSeq_include_all_refseq_shards_size_1000_268328763/dehydrated_links/zips
[2026-07-07 22:10:00] [INFO] 开始下载 dehydrated 链接包：refseq_000371；accession 数：1000
[2026-07-07 22:10:00] [INFO] 命令：datasets download genome accession --inputfile /data3/p252701008/refseq_genomes_runlogs/shards/refseq_RefSeq_include_all_refseq_shards_size_1000_268328763/refseq_shards_size_1000/refseq_000371.txt --dehydrated --include all --assembly-source RefSeq --filename /data3/p252701008/refseq_genomes/contexts/refseq_RefSeq_include_all_refseq_shards_size_1000_268328763/dehydrated_links/zips/refseq_000371.zip.partial.20260707T121233Z.4191587 --no-progressbar
[2026-07-07 22:10:00] [INFO] datasets download refseq_000371：第 1/3 次尝试。日志：/data3/p252701008/refseq_genomes_runlogs/logs/refseq_RefSeq_include_all_refseq_shards_size_1000_268328763/datasets_download_refseq_000371_20260707T121233Z.4191587.log.attempt1
[2026-07-07 22:10:19] [INFO] dehydrated 链接包下载完成：/data3/p252701008/refseq_genomes/contexts/refseq_RefSeq_include_all_refseq_shards_size_1000_268328763/dehydrated_links/zips/refseq_000371.zip
[2026-07-07 22:10:19] [INFO] 可用磁盘空间：5920 GB；阈值：2000 GB；路径：/data3/p252701008/refseq_genomes/contexts/refseq_RefSeq_include_all_refseq_shards_size_1000_268328763/dehydrated_links/zips
[2026-07-07 22:10:19] [INFO] 开始下载 dehydrated 链接包：refseq_000372；accession 数：1000
[2026-07-07 22:10:19] [INFO] 命令：datasets download genome accession --inputfile /data3/p252701008/refseq_genomes_runlogs/shards/refseq_RefSeq_include_all_refseq_shards_size_1000_268328763/refseq_shards_size_1000/refseq_000372.txt --dehydrated --include all --assembly-source RefSeq --filename /data3/p252701008/refseq_genomes/contexts/refseq_RefSeq_include_all_refseq_shards_size_1000_268328763/dehydrated_links/zips/refseq_000372.zip.partial.20260707T121233Z.4191587 --no-progressbar
[2026-07-07 22:10:19] [INFO] datasets download refseq_000372：第 1/3 次尝试。日志：/data3/p252701008/refseq_genomes_runlogs/logs/refseq_RefSeq_include_all_refseq_shards_size_1000_268328763/datasets_download_refseq_000372_20260707T121233Z.4191587.log.attempt1
[2026-07-07 22:10:31] [ERROR] datasets download 失败：refseq_000372；第 1/3 次；退出码：1；日志：/data3/p252701008/refseq_genomes_runlogs/logs/refseq_RefSeq_include_all_refseq_shards_size_1000_268328763/datasets_download_refseq_000372_20260707T121233Z.4191587.log.attempt1
[2026-07-07 22:10:31] [ERROR]   Error: Download error: stream error: stream ID 7; INTERNAL_ERROR; received from peer
[2026-07-07 22:10:31] [ERROR]   
[2026-07-07 22:10:31] [ERROR]   Use datasets download genome accession <command> --help for detailed help about a command.
[2026-07-07 22:10:31] [ERROR]   
[2026-07-07 22:10:31] [INFO] 已将异常或旧文件移入 trash：/data3/p252701008/refseq_genomes/contexts/refseq_RefSeq_include_all_refseq_shards_size_1000_268328763/dehydrated_links/zips/refseq_000372.zip.partial.20260707T121233Z.4191587 -> /data3/p252701008/refseq_genomes_runlogs/trash/failed_partial_zip.20260707T121233Z.4191587._data3_p252701008_refseq_genomes_contexts_refseq_RefSeq_include_all_refseq_shards_size_1000_268328763_dehydrated_links_zips_refseq_000372_zip_partial_20260707T121233Z_4191587
[2026-07-07 22:10:31] [INFO] datasets download refseq_000372 将在 30 秒后重试。
[2026-07-07 22:11:01] [INFO] datasets download refseq_000372：第 2/3 次尝试。日志：/data3/p252701008/refseq_genomes_runlogs/logs/refseq_RefSeq_include_all_refseq_shards_size_1000_268328763/datasets_download_refseq_000372_20260707T121233Z.4191587.log.attempt2
[2026-07-07 22:11:21] [INFO] dehydrated 链接包下载完成：/data3/p252701008/refseq_genomes/contexts/refseq_RefSeq_include_all_refseq_shards_size_1000_268328763/dehydrated_links/zips/refseq_000372.zip
[2026-07-07 22:11:21] [INFO] 可用磁盘空间：5920 GB；阈值：2000 GB；路径：/data3/p252701008/refseq_genomes/contexts/refseq_RefSeq_include_all_refseq_shards_size_1000_268328763/dehydrated_links/zips
[2026-07-07 22:11:21] [INFO] 开始下载 dehydrated 链接包：refseq_000373；accession 数：1000
[2026-07-07 22:11:21] [INFO] 命令：datasets download genome accession --inputfile /data3/p252701008/refseq_genomes_runlogs/shards/refseq_RefSeq_include_all_refseq_shards_size_1000_268328763/refseq_shards_size_1000/refseq_000373.txt --dehydrated --include all --assembly-source RefSeq --filename /data3/p252701008/refseq_genomes/contexts/refseq_RefSeq_include_all_refseq_shards_size_1000_268328763/dehydrated_links/zips/refseq_000373.zip.partial.20260707T121233Z.4191587 --no-progressbar
[2026-07-07 22:11:21] [INFO] datasets download refseq_000373：第 1/3 次尝试。日志：/data3/p252701008/refseq_genomes_runlogs/logs/refseq_RefSeq_include_all_refseq_shards_size_1000_268328763/datasets_download_refseq_000373_20260707T121233Z.4191587.log.attempt1
[2026-07-07 22:11:37] [INFO] dehydrated 链接包下载完成：/data3/p252701008/refseq_genomes/contexts/refseq_RefSeq_include_all_refseq_shards_size_1000_268328763/dehydrated_links/zips/refseq_000373.zip
[2026-07-07 22:11:37] [INFO] 可用磁盘空间：5920 GB；阈值：2000 GB；路径：/data3/p252701008/refseq_genomes/contexts/refseq_RefSeq_include_all_refseq_shards_size_1000_268328763/dehydrated_links/zips
[2026-07-07 22:11:37] [INFO] 开始下载 dehydrated 链接包：refseq_000374；accession 数：1000
[2026-07-07 22:11:37] [INFO] 命令：datasets download genome accession --inputfile /data3/p252701008/refseq_genomes_runlogs/shards/refseq_RefSeq_include_all_refseq_shards_size_1000_268328763/refseq_shards_size_1000/refseq_000374.txt --dehydrated --include all --assembly-source RefSeq --filename /data3/p252701008/refseq_genomes/contexts/refseq_RefSeq_include_all_refseq_shards_size_1000_268328763/dehydrated_links/zips/refseq_000374.zip.partial.20260707T121233Z.4191587 --no-progressbar
[2026-07-07 22:11:37] [INFO] datasets download refseq_000374：第 1/3 次尝试。日志：/data3/p252701008/refseq_genomes_runlogs/logs/refseq_RefSeq_include_all_refseq_shards_size_1000_268328763/datasets_download_refseq_000374_20260707T121233Z.4191587.log.attempt1
[2026-07-07 22:11:53] [INFO] dehydrated 链接包下载完成：/data3/p252701008/refseq_genomes/contexts/refseq_RefSeq_include_all_refseq_shards_size_1000_268328763/dehydrated_links/zips/refseq_000374.zip
[2026-07-07 22:11:53] [INFO] 可用磁盘空间：5920 GB；阈值：2000 GB；路径：/data3/p252701008/refseq_genomes/contexts/refseq_RefSeq_include_all_refseq_shards_size_1000_268328763/dehydrated_links/zips
[2026-07-07 22:11:53] [INFO] 开始下载 dehydrated 链接包：refseq_000375；accession 数：1000
[2026-07-07 22:11:53] [INFO] 命令：datasets download genome accession --inputfile /data3/p252701008/refseq_genomes_runlogs/shards/refseq_RefSeq_include_all_refseq_shards_size_1000_268328763/refseq_shards_size_1000/refseq_000375.txt --dehydrated --include all --assembly-source RefSeq --filename /data3/p252701008/refseq_genomes/contexts/refseq_RefSeq_include_all_refseq_shards_size_1000_268328763/dehydrated_links/zips/refseq_000375.zip.partial.20260707T121233Z.4191587 --no-progressbar
[2026-07-07 22:11:53] [INFO] datasets download refseq_000375：第 1/3 次尝试。日志：/data3/p252701008/refseq_genomes_runlogs/logs/refseq_RefSeq_include_all_refseq_shards_size_1000_268328763/datasets_download_refseq_000375_20260707T121233Z.4191587.log.attempt1
[2026-07-07 22:12:10] [INFO] dehydrated 链接包下载完成：/data3/p252701008/refseq_genomes/contexts/refseq_RefSeq_include_all_refseq_shards_size_1000_268328763/dehydrated_links/zips/refseq_000375.zip
[2026-07-07 22:12:10] [INFO] 可用磁盘空间：5920 GB；阈值：2000 GB；路径：/data3/p252701008/refseq_genomes/contexts/refseq_RefSeq_include_all_refseq_shards_size_1000_268328763/dehydrated_links/zips
[2026-07-07 22:12:10] [INFO] 开始下载 dehydrated 链接包：refseq_000376；accession 数：1000
[2026-07-07 22:12:10] [INFO] 命令：datasets download genome accession --inputfile /data3/p252701008/refseq_genomes_runlogs/shards/refseq_RefSeq_include_all_refseq_shards_size_1000_268328763/refseq_shards_size_1000/refseq_000376.txt --dehydrated --include all --assembly-source RefSeq --filename /data3/p252701008/refseq_genomes/contexts/refseq_RefSeq_include_all_refseq_shards_size_1000_268328763/dehydrated_links/zips/refseq_000376.zip.partial.20260707T121233Z.4191587 --no-progressbar
[2026-07-07 22:12:10] [INFO] datasets download refseq_000376：第 1/3 次尝试。日志：/data3/p252701008/refseq_genomes_runlogs/logs/refseq_RefSeq_include_all_refseq_shards_size_1000_268328763/datasets_download_refseq_000376_20260707T121233Z.4191587.log.attempt1
[2026-07-07 22:12:26] [INFO] dehydrated 链接包下载完成：/data3/p252701008/refseq_genomes/contexts/refseq_RefSeq_include_all_refseq_shards_size_1000_268328763/dehydrated_links/zips/refseq_000376.zip
[2026-07-07 22:12:26] [INFO] 可用磁盘空间：5920 GB；阈值：2000 GB；路径：/data3/p252701008/refseq_genomes/contexts/refseq_RefSeq_include_all_refseq_shards_size_1000_268328763/dehydrated_links/zips
[2026-07-07 22:12:26] [INFO] 开始下载 dehydrated 链接包：refseq_000377；accession 数：1000
[2026-07-07 22:12:26] [INFO] 命令：datasets download genome accession --inputfile /data3/p252701008/refseq_genomes_runlogs/shards/refseq_RefSeq_include_all_refseq_shards_size_1000_268328763/refseq_shards_size_1000/refseq_000377.txt --dehydrated --include all --assembly-source RefSeq --filename /data3/p252701008/refseq_genomes/contexts/refseq_RefSeq_include_all_refseq_shards_size_1000_268328763/dehydrated_links/zips/refseq_000377.zip.partial.20260707T121233Z.4191587 --no-progressbar
[2026-07-07 22:12:26] [INFO] datasets download refseq_000377：第 1/3 次尝试。日志：/data3/p252701008/refseq_genomes_runlogs/logs/refseq_RefSeq_include_all_refseq_shards_size_1000_268328763/datasets_download_refseq_000377_20260707T121233Z.4191587.log.attempt1
[2026-07-07 22:12:44] [INFO] dehydrated 链接包下载完成：/data3/p252701008/refseq_genomes/contexts/refseq_RefSeq_include_all_refseq_shards_size_1000_268328763/dehydrated_links/zips/refseq_000377.zip
[2026-07-07 22:12:44] [INFO] 可用磁盘空间：5920 GB；阈值：2000 GB；路径：/data3/p252701008/refseq_genomes/contexts/refseq_RefSeq_include_all_refseq_shards_size_1000_268328763/dehydrated_links/zips
[2026-07-07 22:12:44] [INFO] 开始下载 dehydrated 链接包：refseq_000378；accession 数：1000
[2026-07-07 22:12:44] [INFO] 命令：datasets download genome accession --inputfile /data3/p252701008/refseq_genomes_runlogs/shards/refseq_RefSeq_include_all_refseq_shards_size_1000_268328763/refseq_shards_size_1000/refseq_000378.txt --dehydrated --include all --assembly-source RefSeq --filename /data3/p252701008/refseq_genomes/contexts/refseq_RefSeq_include_all_refseq_shards_size_1000_268328763/dehydrated_links/zips/refseq_000378.zip.partial.20260707T121233Z.4191587 --no-progressbar
[2026-07-07 22:12:44] [INFO] datasets download refseq_000378：第 1/3 次尝试。日志：/data3/p252701008/refseq_genomes_runlogs/logs/refseq_RefSeq_include_all_refseq_shards_size_1000_268328763/datasets_download_refseq_000378_20260707T121233Z.4191587.log.attempt1
[2026-07-07 22:13:03] [INFO] dehydrated 链接包下载完成：/data3/p252701008/refseq_genomes/contexts/refseq_RefSeq_include_all_refseq_shards_size_1000_268328763/dehydrated_links/zips/refseq_000378.zip
[2026-07-07 22:13:03] [INFO] 可用磁盘空间：5920 GB；阈值：2000 GB；路径：/data3/p252701008/refseq_genomes/contexts/refseq_RefSeq_include_all_refseq_shards_size_1000_268328763/dehydrated_links/zips
[2026-07-07 22:13:03] [INFO] 开始下载 dehydrated 链接包：refseq_000379；accession 数：1000
[2026-07-07 22:13:03] [INFO] 命令：datasets download genome accession --inputfile /data3/p252701008/refseq_genomes_runlogs/shards/refseq_RefSeq_include_all_refseq_shards_size_1000_268328763/refseq_shards_size_1000/refseq_000379.txt --dehydrated --include all --assembly-source RefSeq --filename /data3/p252701008/refseq_genomes/contexts/refseq_RefSeq_include_all_refseq_shards_size_1000_268328763/dehydrated_links/zips/refseq_000379.zip.partial.20260707T121233Z.4191587 --no-progressbar
[2026-07-07 22:13:03] [INFO] datasets download refseq_000379：第 1/3 次尝试。日志：/data3/p252701008/refseq_genomes_runlogs/logs/refseq_RefSeq_include_all_refseq_shards_size_1000_268328763/datasets_download_refseq_000379_20260707T121233Z.4191587.log.attempt1
[2026-07-07 22:13:21] [INFO] dehydrated 链接包下载完成：/data3/p252701008/refseq_genomes/contexts/refseq_RefSeq_include_all_refseq_shards_size_1000_268328763/dehydrated_links/zips/refseq_000379.zip
[2026-07-07 22:13:21] [INFO] 可用磁盘空间：5920 GB；阈值：2000 GB；路径：/data3/p252701008/refseq_genomes/contexts/refseq_RefSeq_include_all_refseq_shards_size_1000_268328763/dehydrated_links/zips
[2026-07-07 22:13:22] [INFO] 开始下载 dehydrated 链接包：refseq_000380；accession 数：1000
[2026-07-07 22:13:22] [INFO] 命令：datasets download genome accession --inputfile /data3/p252701008/refseq_genomes_runlogs/shards/refseq_RefSeq_include_all_refseq_shards_size_1000_268328763/refseq_shards_size_1000/refseq_000380.txt --dehydrated --include all --assembly-source RefSeq --filename /data3/p252701008/refseq_genomes/contexts/refseq_RefSeq_include_all_refseq_shards_size_1000_268328763/dehydrated_links/zips/refseq_000380.zip.partial.20260707T121233Z.4191587 --no-progressbar
[2026-07-07 22:13:22] [INFO] datasets download refseq_000380：第 1/3 次尝试。日志：/data3/p252701008/refseq_genomes_runlogs/logs/refseq_RefSeq_include_all_refseq_shards_size_1000_268328763/datasets_download_refseq_000380_20260707T121233Z.4191587.log.attempt1
[2026-07-07 22:13:40] [INFO] dehydrated 链接包下载完成：/data3/p252701008/refseq_genomes/contexts/refseq_RefSeq_include_all_refseq_shards_size_1000_268328763/dehydrated_links/zips/refseq_000380.zip
[2026-07-07 22:13:40] [INFO] 可用磁盘空间：5920 GB；阈值：2000 GB；路径：/data3/p252701008/refseq_genomes/contexts/refseq_RefSeq_include_all_refseq_shards_size_1000_268328763/dehydrated_links/zips
[2026-07-07 22:13:40] [INFO] 开始下载 dehydrated 链接包：refseq_000381；accession 数：1000
[2026-07-07 22:13:40] [INFO] 命令：datasets download genome accession --inputfile /data3/p252701008/refseq_genomes_runlogs/shards/refseq_RefSeq_include_all_refseq_shards_size_1000_268328763/refseq_shards_size_1000/refseq_000381.txt --dehydrated --include all --assembly-source RefSeq --filename /data3/p252701008/refseq_genomes/contexts/refseq_RefSeq_include_all_refseq_shards_size_1000_268328763/dehydrated_links/zips/refseq_000381.zip.partial.20260707T121233Z.4191587 --no-progressbar
[2026-07-07 22:13:40] [INFO] datasets download refseq_000381：第 1/3 次尝试。日志：/data3/p252701008/refseq_genomes_runlogs/logs/refseq_RefSeq_include_all_refseq_shards_size_1000_268328763/datasets_download_refseq_000381_20260707T121233Z.4191587.log.attempt1
[2026-07-07 22:13:58] [INFO] dehydrated 链接包下载完成：/data3/p252701008/refseq_genomes/contexts/refseq_RefSeq_include_all_refseq_shards_size_1000_268328763/dehydrated_links/zips/refseq_000381.zip
[2026-07-07 22:13:58] [INFO] 可用磁盘空间：5920 GB；阈值：2000 GB；路径：/data3/p252701008/refseq_genomes/contexts/refseq_RefSeq_include_all_refseq_shards_size_1000_268328763/dehydrated_links/zips
[2026-07-07 22:13:58] [INFO] 开始下载 dehydrated 链接包：refseq_000382；accession 数：1000
[2026-07-07 22:13:58] [INFO] 命令：datasets download genome accession --inputfile /data3/p252701008/refseq_genomes_runlogs/shards/refseq_RefSeq_include_all_refseq_shards_size_1000_268328763/refseq_shards_size_1000/refseq_000382.txt --dehydrated --include all --assembly-source RefSeq --filename /data3/p252701008/refseq_genomes/contexts/refseq_RefSeq_include_all_refseq_shards_size_1000_268328763/dehydrated_links/zips/refseq_000382.zip.partial.20260707T121233Z.4191587 --no-progressbar
[2026-07-07 22:13:58] [INFO] datasets download refseq_000382：第 1/3 次尝试。日志：/data3/p252701008/refseq_genomes_runlogs/logs/refseq_RefSeq_include_all_refseq_shards_size_1000_268328763/datasets_download_refseq_000382_20260707T121233Z.4191587.log.attempt1
[2026-07-07 22:14:16] [INFO] dehydrated 链接包下载完成：/data3/p252701008/refseq_genomes/contexts/refseq_RefSeq_include_all_refseq_shards_size_1000_268328763/dehydrated_links/zips/refseq_000382.zip
[2026-07-07 22:14:16] [INFO] 可用磁盘空间：5920 GB；阈值：2000 GB；路径：/data3/p252701008/refseq_genomes/contexts/refseq_RefSeq_include_all_refseq_shards_size_1000_268328763/dehydrated_links/zips
[2026-07-07 22:14:16] [INFO] 开始下载 dehydrated 链接包：refseq_000383；accession 数：1000
[2026-07-07 22:14:16] [INFO] 命令：datasets download genome accession --inputfile /data3/p252701008/refseq_genomes_runlogs/shards/refseq_RefSeq_include_all_refseq_shards_size_1000_268328763/refseq_shards_size_1000/refseq_000383.txt --dehydrated --include all --assembly-source RefSeq --filename /data3/p252701008/refseq_genomes/contexts/refseq_RefSeq_include_all_refseq_shards_size_1000_268328763/dehydrated_links/zips/refseq_000383.zip.partial.20260707T121233Z.4191587 --no-progressbar
[2026-07-07 22:14:16] [INFO] datasets download refseq_000383：第 1/3 次尝试。日志：/data3/p252701008/refseq_genomes_runlogs/logs/refseq_RefSeq_include_all_refseq_shards_size_1000_268328763/datasets_download_refseq_000383_20260707T121233Z.4191587.log.attempt1
[2026-07-07 22:14:33] [INFO] dehydrated 链接包下载完成：/data3/p252701008/refseq_genomes/contexts/refseq_RefSeq_include_all_refseq_shards_size_1000_268328763/dehydrated_links/zips/refseq_000383.zip
[2026-07-07 22:14:33] [INFO] 可用磁盘空间：5920 GB；阈值：2000 GB；路径：/data3/p252701008/refseq_genomes/contexts/refseq_RefSeq_include_all_refseq_shards_size_1000_268328763/dehydrated_links/zips
[2026-07-07 22:14:33] [INFO] 开始下载 dehydrated 链接包：refseq_000384；accession 数：1000
[2026-07-07 22:14:33] [INFO] 命令：datasets download genome accession --inputfile /data3/p252701008/refseq_genomes_runlogs/shards/refseq_RefSeq_include_all_refseq_shards_size_1000_268328763/refseq_shards_size_1000/refseq_000384.txt --dehydrated --include all --assembly-source RefSeq --filename /data3/p252701008/refseq_genomes/contexts/refseq_RefSeq_include_all_refseq_shards_size_1000_268328763/dehydrated_links/zips/refseq_000384.zip.partial.20260707T121233Z.4191587 --no-progressbar
[2026-07-07 22:14:33] [INFO] datasets download refseq_000384：第 1/3 次尝试。日志：/data3/p252701008/refseq_genomes_runlogs/logs/refseq_RefSeq_include_all_refseq_shards_size_1000_268328763/datasets_download_refseq_000384_20260707T121233Z.4191587.log.attempt1
[2026-07-07 22:14:49] [INFO] dehydrated 链接包下载完成：/data3/p252701008/refseq_genomes/contexts/refseq_RefSeq_include_all_refseq_shards_size_1000_268328763/dehydrated_links/zips/refseq_000384.zip
[2026-07-07 22:14:49] [INFO] 可用磁盘空间：5920 GB；阈值：2000 GB；路径：/data3/p252701008/refseq_genomes/contexts/refseq_RefSeq_include_all_refseq_shards_size_1000_268328763/dehydrated_links/zips
[2026-07-07 22:14:49] [INFO] 开始下载 dehydrated 链接包：refseq_000385；accession 数：1000
[2026-07-07 22:14:49] [INFO] 命令：datasets download genome accession --inputfile /data3/p252701008/refseq_genomes_runlogs/shards/refseq_RefSeq_include_all_refseq_shards_size_1000_268328763/refseq_shards_size_1000/refseq_000385.txt --dehydrated --include all --assembly-source RefSeq --filename /data3/p252701008/refseq_genomes/contexts/refseq_RefSeq_include_all_refseq_shards_size_1000_268328763/dehydrated_links/zips/refseq_000385.zip.partial.20260707T121233Z.4191587 --no-progressbar
[2026-07-07 22:14:49] [INFO] datasets download refseq_000385：第 1/3 次尝试。日志：/data3/p252701008/refseq_genomes_runlogs/logs/refseq_RefSeq_include_all_refseq_shards_size_1000_268328763/datasets_download_refseq_000385_20260707T121233Z.4191587.log.attempt1
[2026-07-07 22:15:06] [INFO] dehydrated 链接包下载完成：/data3/p252701008/refseq_genomes/contexts/refseq_RefSeq_include_all_refseq_shards_size_1000_268328763/dehydrated_links/zips/refseq_000385.zip
[2026-07-07 22:15:06] [INFO] 可用磁盘空间：5920 GB；阈值：2000 GB；路径：/data3/p252701008/refseq_genomes/contexts/refseq_RefSeq_include_all_refseq_shards_size_1000_268328763/dehydrated_links/zips
[2026-07-07 22:15:06] [INFO] 开始下载 dehydrated 链接包：refseq_000386；accession 数：1000
[2026-07-07 22:15:06] [INFO] 命令：datasets download genome accession --inputfile /data3/p252701008/refseq_genomes_runlogs/shards/refseq_RefSeq_include_all_refseq_shards_size_1000_268328763/refseq_shards_size_1000/refseq_000386.txt --dehydrated --include all --assembly-source RefSeq --filename /data3/p252701008/refseq_genomes/contexts/refseq_RefSeq_include_all_refseq_shards_size_1000_268328763/dehydrated_links/zips/refseq_000386.zip.partial.20260707T121233Z.4191587 --no-progressbar
[2026-07-07 22:15:06] [INFO] datasets download refseq_000386：第 1/3 次尝试。日志：/data3/p252701008/refseq_genomes_runlogs/logs/refseq_RefSeq_include_all_refseq_shards_size_1000_268328763/datasets_download_refseq_000386_20260707T121233Z.4191587.log.attempt1
[2026-07-07 22:15:25] [INFO] dehydrated 链接包下载完成：/data3/p252701008/refseq_genomes/contexts/refseq_RefSeq_include_all_refseq_shards_size_1000_268328763/dehydrated_links/zips/refseq_000386.zip
[2026-07-07 22:15:25] [INFO] 可用磁盘空间：5920 GB；阈值：2000 GB；路径：/data3/p252701008/refseq_genomes/contexts/refseq_RefSeq_include_all_refseq_shards_size_1000_268328763/dehydrated_links/zips
[2026-07-07 22:15:25] [INFO] 开始下载 dehydrated 链接包：refseq_000387；accession 数：1000
[2026-07-07 22:15:25] [INFO] 命令：datasets download genome accession --inputfile /data3/p252701008/refseq_genomes_runlogs/shards/refseq_RefSeq_include_all_refseq_shards_size_1000_268328763/refseq_shards_size_1000/refseq_000387.txt --dehydrated --include all --assembly-source RefSeq --filename /data3/p252701008/refseq_genomes/contexts/refseq_RefSeq_include_all_refseq_shards_size_1000_268328763/dehydrated_links/zips/refseq_000387.zip.partial.20260707T121233Z.4191587 --no-progressbar
[2026-07-07 22:15:25] [INFO] datasets download refseq_000387：第 1/3 次尝试。日志：/data3/p252701008/refseq_genomes_runlogs/logs/refseq_RefSeq_include_all_refseq_shards_size_1000_268328763/datasets_download_refseq_000387_20260707T121233Z.4191587.log.attempt1
[2026-07-07 22:15:42] [INFO] dehydrated 链接包下载完成：/data3/p252701008/refseq_genomes/contexts/refseq_RefSeq_include_all_refseq_shards_size_1000_268328763/dehydrated_links/zips/refseq_000387.zip
[2026-07-07 22:15:42] [INFO] 可用磁盘空间：5920 GB；阈值：2000 GB；路径：/data3/p252701008/refseq_genomes/contexts/refseq_RefSeq_include_all_refseq_shards_size_1000_268328763/dehydrated_links/zips
[2026-07-07 22:15:42] [INFO] 开始下载 dehydrated 链接包：refseq_000388；accession 数：1000
[2026-07-07 22:15:42] [INFO] 命令：datasets download genome accession --inputfile /data3/p252701008/refseq_genomes_runlogs/shards/refseq_RefSeq_include_all_refseq_shards_size_1000_268328763/refseq_shards_size_1000/refseq_000388.txt --dehydrated --include all --assembly-source RefSeq --filename /data3/p252701008/refseq_genomes/contexts/refseq_RefSeq_include_all_refseq_shards_size_1000_268328763/dehydrated_links/zips/refseq_000388.zip.partial.20260707T121233Z.4191587 --no-progressbar
[2026-07-07 22:15:42] [INFO] datasets download refseq_000388：第 1/3 次尝试。日志：/data3/p252701008/refseq_genomes_runlogs/logs/refseq_RefSeq_include_all_refseq_shards_size_1000_268328763/datasets_download_refseq_000388_20260707T121233Z.4191587.log.attempt1
[2026-07-07 22:15:59] [INFO] dehydrated 链接包下载完成：/data3/p252701008/refseq_genomes/contexts/refseq_RefSeq_include_all_refseq_shards_size_1000_268328763/dehydrated_links/zips/refseq_000388.zip
[2026-07-07 22:15:59] [INFO] 可用磁盘空间：5920 GB；阈值：2000 GB；路径：/data3/p252701008/refseq_genomes/contexts/refseq_RefSeq_include_all_refseq_shards_size_1000_268328763/dehydrated_links/zips
[2026-07-07 22:15:59] [INFO] 开始下载 dehydrated 链接包：refseq_000389；accession 数：1000
[2026-07-07 22:15:59] [INFO] 命令：datasets download genome accession --inputfile /data3/p252701008/refseq_genomes_runlogs/shards/refseq_RefSeq_include_all_refseq_shards_size_1000_268328763/refseq_shards_size_1000/refseq_000389.txt --dehydrated --include all --assembly-source RefSeq --filename /data3/p252701008/refseq_genomes/contexts/refseq_RefSeq_include_all_refseq_shards_size_1000_268328763/dehydrated_links/zips/refseq_000389.zip.partial.20260707T121233Z.4191587 --no-progressbar
[2026-07-07 22:15:59] [INFO] datasets download refseq_000389：第 1/3 次尝试。日志：/data3/p252701008/refseq_genomes_runlogs/logs/refseq_RefSeq_include_all_refseq_shards_size_1000_268328763/datasets_download_refseq_000389_20260707T121233Z.4191587.log.attempt1
[2026-07-07 22:16:19] [INFO] dehydrated 链接包下载完成：/data3/p252701008/refseq_genomes/contexts/refseq_RefSeq_include_all_refseq_shards_size_1000_268328763/dehydrated_links/zips/refseq_000389.zip
[2026-07-07 22:16:19] [INFO] 可用磁盘空间：5920 GB；阈值：2000 GB；路径：/data3/p252701008/refseq_genomes/contexts/refseq_RefSeq_include_all_refseq_shards_size_1000_268328763/dehydrated_links/zips
[2026-07-07 22:16:19] [INFO] 开始下载 dehydrated 链接包：refseq_000390；accession 数：1000
[2026-07-07 22:16:19] [INFO] 命令：datasets download genome accession --inputfile /data3/p252701008/refseq_genomes_runlogs/shards/refseq_RefSeq_include_all_refseq_shards_size_1000_268328763/refseq_shards_size_1000/refseq_000390.txt --dehydrated --include all --assembly-source RefSeq --filename /data3/p252701008/refseq_genomes/contexts/refseq_RefSeq_include_all_refseq_shards_size_1000_268328763/dehydrated_links/zips/refseq_000390.zip.partial.20260707T121233Z.4191587 --no-progressbar
[2026-07-07 22:16:19] [INFO] datasets download refseq_000390：第 1/3 次尝试。日志：/data3/p252701008/refseq_genomes_runlogs/logs/refseq_RefSeq_include_all_refseq_shards_size_1000_268328763/datasets_download_refseq_000390_20260707T121233Z.4191587.log.attempt1
[2026-07-07 22:16:37] [INFO] dehydrated 链接包下载完成：/data3/p252701008/refseq_genomes/contexts/refseq_RefSeq_include_all_refseq_shards_size_1000_268328763/dehydrated_links/zips/refseq_000390.zip
[2026-07-07 22:16:37] [INFO] 可用磁盘空间：5920 GB；阈值：2000 GB；路径：/data3/p252701008/refseq_genomes/contexts/refseq_RefSeq_include_all_refseq_shards_size_1000_268328763/dehydrated_links/zips
[2026-07-07 22:16:37] [INFO] 开始下载 dehydrated 链接包：refseq_000391；accession 数：1000
[2026-07-07 22:16:37] [INFO] 命令：datasets download genome accession --inputfile /data3/p252701008/refseq_genomes_runlogs/shards/refseq_RefSeq_include_all_refseq_shards_size_1000_268328763/refseq_shards_size_1000/refseq_000391.txt --dehydrated --include all --assembly-source RefSeq --filename /data3/p252701008/refseq_genomes/contexts/refseq_RefSeq_include_all_refseq_shards_size_1000_268328763/dehydrated_links/zips/refseq_000391.zip.partial.20260707T121233Z.4191587 --no-progressbar
[2026-07-07 22:16:37] [INFO] datasets download refseq_000391：第 1/3 次尝试。日志：/data3/p252701008/refseq_genomes_runlogs/logs/refseq_RefSeq_include_all_refseq_shards_size_1000_268328763/datasets_download_refseq_000391_20260707T121233Z.4191587.log.attempt1
[2026-07-07 22:16:55] [INFO] dehydrated 链接包下载完成：/data3/p252701008/refseq_genomes/contexts/refseq_RefSeq_include_all_refseq_shards_size_1000_268328763/dehydrated_links/zips/refseq_000391.zip
[2026-07-07 22:16:55] [INFO] 可用磁盘空间：5920 GB；阈值：2000 GB；路径：/data3/p252701008/refseq_genomes/contexts/refseq_RefSeq_include_all_refseq_shards_size_1000_268328763/dehydrated_links/zips
[2026-07-07 22:16:55] [INFO] 开始下载 dehydrated 链接包：refseq_000392；accession 数：1000
[2026-07-07 22:16:55] [INFO] 命令：datasets download genome accession --inputfile /data3/p252701008/refseq_genomes_runlogs/shards/refseq_RefSeq_include_all_refseq_shards_size_1000_268328763/refseq_shards_size_1000/refseq_000392.txt --dehydrated --include all --assembly-source RefSeq --filename /data3/p252701008/refseq_genomes/contexts/refseq_RefSeq_include_all_refseq_shards_size_1000_268328763/dehydrated_links/zips/refseq_000392.zip.partial.20260707T121233Z.4191587 --no-progressbar
[2026-07-07 22:16:55] [INFO] datasets download refseq_000392：第 1/3 次尝试。日志：/data3/p252701008/refseq_genomes_runlogs/logs/refseq_RefSeq_include_all_refseq_shards_size_1000_268328763/datasets_download_refseq_000392_20260707T121233Z.4191587.log.attempt1
[2026-07-07 22:17:12] [INFO] dehydrated 链接包下载完成：/data3/p252701008/refseq_genomes/contexts/refseq_RefSeq_include_all_refseq_shards_size_1000_268328763/dehydrated_links/zips/refseq_000392.zip
[2026-07-07 22:17:12] [INFO] 可用磁盘空间：5920 GB；阈值：2000 GB；路径：/data3/p252701008/refseq_genomes/contexts/refseq_RefSeq_include_all_refseq_shards_size_1000_268328763/dehydrated_links/zips
[2026-07-07 22:17:12] [INFO] 开始下载 dehydrated 链接包：refseq_000393；accession 数：1000
[2026-07-07 22:17:12] [INFO] 命令：datasets download genome accession --inputfile /data3/p252701008/refseq_genomes_runlogs/shards/refseq_RefSeq_include_all_refseq_shards_size_1000_268328763/refseq_shards_size_1000/refseq_000393.txt --dehydrated --include all --assembly-source RefSeq --filename /data3/p252701008/refseq_genomes/contexts/refseq_RefSeq_include_all_refseq_shards_size_1000_268328763/dehydrated_links/zips/refseq_000393.zip.partial.20260707T121233Z.4191587 --no-progressbar
[2026-07-07 22:17:12] [INFO] datasets download refseq_000393：第 1/3 次尝试。日志：/data3/p252701008/refseq_genomes_runlogs/logs/refseq_RefSeq_include_all_refseq_shards_size_1000_268328763/datasets_download_refseq_000393_20260707T121233Z.4191587.log.attempt1
[2026-07-07 22:17:33] [INFO] dehydrated 链接包下载完成：/data3/p252701008/refseq_genomes/contexts/refseq_RefSeq_include_all_refseq_shards_size_1000_268328763/dehydrated_links/zips/refseq_000393.zip
[2026-07-07 22:17:33] [INFO] 可用磁盘空间：5920 GB；阈值：2000 GB；路径：/data3/p252701008/refseq_genomes/contexts/refseq_RefSeq_include_all_refseq_shards_size_1000_268328763/dehydrated_links/zips
[2026-07-07 22:17:33] [INFO] 开始下载 dehydrated 链接包：refseq_000394；accession 数：1000
[2026-07-07 22:17:33] [INFO] 命令：datasets download genome accession --inputfile /data3/p252701008/refseq_genomes_runlogs/shards/refseq_RefSeq_include_all_refseq_shards_size_1000_268328763/refseq_shards_size_1000/refseq_000394.txt --dehydrated --include all --assembly-source RefSeq --filename /data3/p252701008/refseq_genomes/contexts/refseq_RefSeq_include_all_refseq_shards_size_1000_268328763/dehydrated_links/zips/refseq_000394.zip.partial.20260707T121233Z.4191587 --no-progressbar
[2026-07-07 22:17:33] [INFO] datasets download refseq_000394：第 1/3 次尝试。日志：/data3/p252701008/refseq_genomes_runlogs/logs/refseq_RefSeq_include_all_refseq_shards_size_1000_268328763/datasets_download_refseq_000394_20260707T121233Z.4191587.log.attempt1
[2026-07-07 22:17:58] [INFO] dehydrated 链接包下载完成：/data3/p252701008/refseq_genomes/contexts/refseq_RefSeq_include_all_refseq_shards_size_1000_268328763/dehydrated_links/zips/refseq_000394.zip
[2026-07-07 22:17:58] [INFO] 可用磁盘空间：5920 GB；阈值：2000 GB；路径：/data3/p252701008/refseq_genomes/contexts/refseq_RefSeq_include_all_refseq_shards_size_1000_268328763/dehydrated_links/zips
[2026-07-07 22:17:58] [INFO] 开始下载 dehydrated 链接包：refseq_000395；accession 数：1000
[2026-07-07 22:17:58] [INFO] 命令：datasets download genome accession --inputfile /data3/p252701008/refseq_genomes_runlogs/shards/refseq_RefSeq_include_all_refseq_shards_size_1000_268328763/refseq_shards_size_1000/refseq_000395.txt --dehydrated --include all --assembly-source RefSeq --filename /data3/p252701008/refseq_genomes/contexts/refseq_RefSeq_include_all_refseq_shards_size_1000_268328763/dehydrated_links/zips/refseq_000395.zip.partial.20260707T121233Z.4191587 --no-progressbar
[2026-07-07 22:17:58] [INFO] datasets download refseq_000395：第 1/3 次尝试。日志：/data3/p252701008/refseq_genomes_runlogs/logs/refseq_RefSeq_include_all_refseq_shards_size_1000_268328763/datasets_download_refseq_000395_20260707T121233Z.4191587.log.attempt1
[2026-07-07 22:18:16] [INFO] dehydrated 链接包下载完成：/data3/p252701008/refseq_genomes/contexts/refseq_RefSeq_include_all_refseq_shards_size_1000_268328763/dehydrated_links/zips/refseq_000395.zip
[2026-07-07 22:18:16] [INFO] 可用磁盘空间：5920 GB；阈值：2000 GB；路径：/data3/p252701008/refseq_genomes/contexts/refseq_RefSeq_include_all_refseq_shards_size_1000_268328763/dehydrated_links/zips
[2026-07-07 22:18:16] [INFO] 开始下载 dehydrated 链接包：refseq_000396；accession 数：1000
[2026-07-07 22:18:16] [INFO] 命令：datasets download genome accession --inputfile /data3/p252701008/refseq_genomes_runlogs/shards/refseq_RefSeq_include_all_refseq_shards_size_1000_268328763/refseq_shards_size_1000/refseq_000396.txt --dehydrated --include all --assembly-source RefSeq --filename /data3/p252701008/refseq_genomes/contexts/refseq_RefSeq_include_all_refseq_shards_size_1000_268328763/dehydrated_links/zips/refseq_000396.zip.partial.20260707T121233Z.4191587 --no-progressbar
[2026-07-07 22:18:16] [INFO] datasets download refseq_000396：第 1/3 次尝试。日志：/data3/p252701008/refseq_genomes_runlogs/logs/refseq_RefSeq_include_all_refseq_shards_size_1000_268328763/datasets_download_refseq_000396_20260707T121233Z.4191587.log.attempt1
[2026-07-07 22:18:35] [INFO] dehydrated 链接包下载完成：/data3/p252701008/refseq_genomes/contexts/refseq_RefSeq_include_all_refseq_shards_size_1000_268328763/dehydrated_links/zips/refseq_000396.zip
[2026-07-07 22:18:35] [INFO] 可用磁盘空间：5920 GB；阈值：2000 GB；路径：/data3/p252701008/refseq_genomes/contexts/refseq_RefSeq_include_all_refseq_shards_size_1000_268328763/dehydrated_links/zips
[2026-07-07 22:18:35] [INFO] 开始下载 dehydrated 链接包：refseq_000397；accession 数：1000
[2026-07-07 22:18:35] [INFO] 命令：datasets download genome accession --inputfile /data3/p252701008/refseq_genomes_runlogs/shards/refseq_RefSeq_include_all_refseq_shards_size_1000_268328763/refseq_shards_size_1000/refseq_000397.txt --dehydrated --include all --assembly-source RefSeq --filename /data3/p252701008/refseq_genomes/contexts/refseq_RefSeq_include_all_refseq_shards_size_1000_268328763/dehydrated_links/zips/refseq_000397.zip.partial.20260707T121233Z.4191587 --no-progressbar
[2026-07-07 22:18:35] [INFO] datasets download refseq_000397：第 1/3 次尝试。日志：/data3/p252701008/refseq_genomes_runlogs/logs/refseq_RefSeq_include_all_refseq_shards_size_1000_268328763/datasets_download_refseq_000397_20260707T121233Z.4191587.log.attempt1
[2026-07-07 22:18:53] [INFO] dehydrated 链接包下载完成：/data3/p252701008/refseq_genomes/contexts/refseq_RefSeq_include_all_refseq_shards_size_1000_268328763/dehydrated_links/zips/refseq_000397.zip
[2026-07-07 22:18:53] [INFO] 可用磁盘空间：5920 GB；阈值：2000 GB；路径：/data3/p252701008/refseq_genomes/contexts/refseq_RefSeq_include_all_refseq_shards_size_1000_268328763/dehydrated_links/zips
[2026-07-07 22:18:53] [INFO] 开始下载 dehydrated 链接包：refseq_000398；accession 数：1000
[2026-07-07 22:18:53] [INFO] 命令：datasets download genome accession --inputfile /data3/p252701008/refseq_genomes_runlogs/shards/refseq_RefSeq_include_all_refseq_shards_size_1000_268328763/refseq_shards_size_1000/refseq_000398.txt --dehydrated --include all --assembly-source RefSeq --filename /data3/p252701008/refseq_genomes/contexts/refseq_RefSeq_include_all_refseq_shards_size_1000_268328763/dehydrated_links/zips/refseq_000398.zip.partial.20260707T121233Z.4191587 --no-progressbar
[2026-07-07 22:18:53] [INFO] datasets download refseq_000398：第 1/3 次尝试。日志：/data3/p252701008/refseq_genomes_runlogs/logs/refseq_RefSeq_include_all_refseq_shards_size_1000_268328763/datasets_download_refseq_000398_20260707T121233Z.4191587.log.attempt1
[2026-07-07 22:19:10] [INFO] dehydrated 链接包下载完成：/data3/p252701008/refseq_genomes/contexts/refseq_RefSeq_include_all_refseq_shards_size_1000_268328763/dehydrated_links/zips/refseq_000398.zip
[2026-07-07 22:19:10] [INFO] 可用磁盘空间：5920 GB；阈值：2000 GB；路径：/data3/p252701008/refseq_genomes/contexts/refseq_RefSeq_include_all_refseq_shards_size_1000_268328763/dehydrated_links/zips
[2026-07-07 22:19:10] [INFO] 开始下载 dehydrated 链接包：refseq_000399；accession 数：1000
[2026-07-07 22:19:10] [INFO] 命令：datasets download genome accession --inputfile /data3/p252701008/refseq_genomes_runlogs/shards/refseq_RefSeq_include_all_refseq_shards_size_1000_268328763/refseq_shards_size_1000/refseq_000399.txt --dehydrated --include all --assembly-source RefSeq --filename /data3/p252701008/refseq_genomes/contexts/refseq_RefSeq_include_all_refseq_shards_size_1000_268328763/dehydrated_links/zips/refseq_000399.zip.partial.20260707T121233Z.4191587 --no-progressbar
[2026-07-07 22:19:10] [INFO] datasets download refseq_000399：第 1/3 次尝试。日志：/data3/p252701008/refseq_genomes_runlogs/logs/refseq_RefSeq_include_all_refseq_shards_size_1000_268328763/datasets_download_refseq_000399_20260707T121233Z.4191587.log.attempt1
[2026-07-07 22:19:27] [INFO] dehydrated 链接包下载完成：/data3/p252701008/refseq_genomes/contexts/refseq_RefSeq_include_all_refseq_shards_size_1000_268328763/dehydrated_links/zips/refseq_000399.zip
[2026-07-07 22:19:27] [INFO] 可用磁盘空间：5920 GB；阈值：2000 GB；路径：/data3/p252701008/refseq_genomes/contexts/refseq_RefSeq_include_all_refseq_shards_size_1000_268328763/dehydrated_links/zips
[2026-07-07 22:19:27] [INFO] 开始下载 dehydrated 链接包：refseq_000400；accession 数：1000
[2026-07-07 22:19:27] [INFO] 命令：datasets download genome accession --inputfile /data3/p252701008/refseq_genomes_runlogs/shards/refseq_RefSeq_include_all_refseq_shards_size_1000_268328763/refseq_shards_size_1000/refseq_000400.txt --dehydrated --include all --assembly-source RefSeq --filename /data3/p252701008/refseq_genomes/contexts/refseq_RefSeq_include_all_refseq_shards_size_1000_268328763/dehydrated_links/zips/refseq_000400.zip.partial.20260707T121233Z.4191587 --no-progressbar
[2026-07-07 22:19:27] [INFO] datasets download refseq_000400：第 1/3 次尝试。日志：/data3/p252701008/refseq_genomes_runlogs/logs/refseq_RefSeq_include_all_refseq_shards_size_1000_268328763/datasets_download_refseq_000400_20260707T121233Z.4191587.log.attempt1
[2026-07-07 22:19:44] [INFO] dehydrated 链接包下载完成：/data3/p252701008/refseq_genomes/contexts/refseq_RefSeq_include_all_refseq_shards_size_1000_268328763/dehydrated_links/zips/refseq_000400.zip
[2026-07-07 22:19:44] [INFO] 可用磁盘空间：5920 GB；阈值：2000 GB；路径：/data3/p252701008/refseq_genomes/contexts/refseq_RefSeq_include_all_refseq_shards_size_1000_268328763/dehydrated_links/zips
[2026-07-07 22:19:44] [INFO] 开始下载 dehydrated 链接包：refseq_000401；accession 数：1000
[2026-07-07 22:19:44] [INFO] 命令：datasets download genome accession --inputfile /data3/p252701008/refseq_genomes_runlogs/shards/refseq_RefSeq_include_all_refseq_shards_size_1000_268328763/refseq_shards_size_1000/refseq_000401.txt --dehydrated --include all --assembly-source RefSeq --filename /data3/p252701008/refseq_genomes/contexts/refseq_RefSeq_include_all_refseq_shards_size_1000_268328763/dehydrated_links/zips/refseq_000401.zip.partial.20260707T121233Z.4191587 --no-progressbar
[2026-07-07 22:19:44] [INFO] datasets download refseq_000401：第 1/3 次尝试。日志：/data3/p252701008/refseq_genomes_runlogs/logs/refseq_RefSeq_include_all_refseq_shards_size_1000_268328763/datasets_download_refseq_000401_20260707T121233Z.4191587.log.attempt1
[2026-07-07 22:20:02] [INFO] dehydrated 链接包下载完成：/data3/p252701008/refseq_genomes/contexts/refseq_RefSeq_include_all_refseq_shards_size_1000_268328763/dehydrated_links/zips/refseq_000401.zip
[2026-07-07 22:20:02] [INFO] 可用磁盘空间：5920 GB；阈值：2000 GB；路径：/data3/p252701008/refseq_genomes/contexts/refseq_RefSeq_include_all_refseq_shards_size_1000_268328763/dehydrated_links/zips
[2026-07-07 22:20:02] [INFO] 开始下载 dehydrated 链接包：refseq_000402；accession 数：1000
[2026-07-07 22:20:02] [INFO] 命令：datasets download genome accession --inputfile /data3/p252701008/refseq_genomes_runlogs/shards/refseq_RefSeq_include_all_refseq_shards_size_1000_268328763/refseq_shards_size_1000/refseq_000402.txt --dehydrated --include all --assembly-source RefSeq --filename /data3/p252701008/refseq_genomes/contexts/refseq_RefSeq_include_all_refseq_shards_size_1000_268328763/dehydrated_links/zips/refseq_000402.zip.partial.20260707T121233Z.4191587 --no-progressbar
[2026-07-07 22:20:02] [INFO] datasets download refseq_000402：第 1/3 次尝试。日志：/data3/p252701008/refseq_genomes_runlogs/logs/refseq_RefSeq_include_all_refseq_shards_size_1000_268328763/datasets_download_refseq_000402_20260707T121233Z.4191587.log.attempt1
[2026-07-07 22:20:18] [INFO] dehydrated 链接包下载完成：/data3/p252701008/refseq_genomes/contexts/refseq_RefSeq_include_all_refseq_shards_size_1000_268328763/dehydrated_links/zips/refseq_000402.zip
[2026-07-07 22:20:18] [INFO] 可用磁盘空间：5920 GB；阈值：2000 GB；路径：/data3/p252701008/refseq_genomes/contexts/refseq_RefSeq_include_all_refseq_shards_size_1000_268328763/dehydrated_links/zips
[2026-07-07 22:20:18] [INFO] 开始下载 dehydrated 链接包：refseq_000403；accession 数：1000
[2026-07-07 22:20:18] [INFO] 命令：datasets download genome accession --inputfile /data3/p252701008/refseq_genomes_runlogs/shards/refseq_RefSeq_include_all_refseq_shards_size_1000_268328763/refseq_shards_size_1000/refseq_000403.txt --dehydrated --include all --assembly-source RefSeq --filename /data3/p252701008/refseq_genomes/contexts/refseq_RefSeq_include_all_refseq_shards_size_1000_268328763/dehydrated_links/zips/refseq_000403.zip.partial.20260707T121233Z.4191587 --no-progressbar
[2026-07-07 22:20:18] [INFO] datasets download refseq_000403：第 1/3 次尝试。日志：/data3/p252701008/refseq_genomes_runlogs/logs/refseq_RefSeq_include_all_refseq_shards_size_1000_268328763/datasets_download_refseq_000403_20260707T121233Z.4191587.log.attempt1
[2026-07-07 22:20:35] [INFO] dehydrated 链接包下载完成：/data3/p252701008/refseq_genomes/contexts/refseq_RefSeq_include_all_refseq_shards_size_1000_268328763/dehydrated_links/zips/refseq_000403.zip
[2026-07-07 22:20:35] [INFO] 可用磁盘空间：5920 GB；阈值：2000 GB；路径：/data3/p252701008/refseq_genomes/contexts/refseq_RefSeq_include_all_refseq_shards_size_1000_268328763/dehydrated_links/zips
[2026-07-07 22:20:35] [INFO] 开始下载 dehydrated 链接包：refseq_000404；accession 数：1000
[2026-07-07 22:20:35] [INFO] 命令：datasets download genome accession --inputfile /data3/p252701008/refseq_genomes_runlogs/shards/refseq_RefSeq_include_all_refseq_shards_size_1000_268328763/refseq_shards_size_1000/refseq_000404.txt --dehydrated --include all --assembly-source RefSeq --filename /data3/p252701008/refseq_genomes/contexts/refseq_RefSeq_include_all_refseq_shards_size_1000_268328763/dehydrated_links/zips/refseq_000404.zip.partial.20260707T121233Z.4191587 --no-progressbar
[2026-07-07 22:20:35] [INFO] datasets download refseq_000404：第 1/3 次尝试。日志：/data3/p252701008/refseq_genomes_runlogs/logs/refseq_RefSeq_include_all_refseq_shards_size_1000_268328763/datasets_download_refseq_000404_20260707T121233Z.4191587.log.attempt1
[2026-07-07 22:20:52] [INFO] dehydrated 链接包下载完成：/data3/p252701008/refseq_genomes/contexts/refseq_RefSeq_include_all_refseq_shards_size_1000_268328763/dehydrated_links/zips/refseq_000404.zip
[2026-07-07 22:20:52] [INFO] 可用磁盘空间：5920 GB；阈值：2000 GB；路径：/data3/p252701008/refseq_genomes/contexts/refseq_RefSeq_include_all_refseq_shards_size_1000_268328763/dehydrated_links/zips
[2026-07-07 22:20:52] [INFO] 开始下载 dehydrated 链接包：refseq_000405；accession 数：1000
[2026-07-07 22:20:52] [INFO] 命令：datasets download genome accession --inputfile /data3/p252701008/refseq_genomes_runlogs/shards/refseq_RefSeq_include_all_refseq_shards_size_1000_268328763/refseq_shards_size_1000/refseq_000405.txt --dehydrated --include all --assembly-source RefSeq --filename /data3/p252701008/refseq_genomes/contexts/refseq_RefSeq_include_all_refseq_shards_size_1000_268328763/dehydrated_links/zips/refseq_000405.zip.partial.20260707T121233Z.4191587 --no-progressbar
[2026-07-07 22:20:52] [INFO] datasets download refseq_000405：第 1/3 次尝试。日志：/data3/p252701008/refseq_genomes_runlogs/logs/refseq_RefSeq_include_all_refseq_shards_size_1000_268328763/datasets_download_refseq_000405_20260707T121233Z.4191587.log.attempt1
[2026-07-07 22:21:09] [INFO] dehydrated 链接包下载完成：/data3/p252701008/refseq_genomes/contexts/refseq_RefSeq_include_all_refseq_shards_size_1000_268328763/dehydrated_links/zips/refseq_000405.zip
[2026-07-07 22:21:09] [INFO] 可用磁盘空间：5920 GB；阈值：2000 GB；路径：/data3/p252701008/refseq_genomes/contexts/refseq_RefSeq_include_all_refseq_shards_size_1000_268328763/dehydrated_links/zips
[2026-07-07 22:21:09] [INFO] 开始下载 dehydrated 链接包：refseq_000406；accession 数：1000
[2026-07-07 22:21:09] [INFO] 命令：datasets download genome accession --inputfile /data3/p252701008/refseq_genomes_runlogs/shards/refseq_RefSeq_include_all_refseq_shards_size_1000_268328763/refseq_shards_size_1000/refseq_000406.txt --dehydrated --include all --assembly-source RefSeq --filename /data3/p252701008/refseq_genomes/contexts/refseq_RefSeq_include_all_refseq_shards_size_1000_268328763/dehydrated_links/zips/refseq_000406.zip.partial.20260707T121233Z.4191587 --no-progressbar
[2026-07-07 22:21:09] [INFO] datasets download refseq_000406：第 1/3 次尝试。日志：/data3/p252701008/refseq_genomes_runlogs/logs/refseq_RefSeq_include_all_refseq_shards_size_1000_268328763/datasets_download_refseq_000406_20260707T121233Z.4191587.log.attempt1
[2026-07-07 22:21:26] [INFO] dehydrated 链接包下载完成：/data3/p252701008/refseq_genomes/contexts/refseq_RefSeq_include_all_refseq_shards_size_1000_268328763/dehydrated_links/zips/refseq_000406.zip
[2026-07-07 22:21:26] [INFO] 可用磁盘空间：5920 GB；阈值：2000 GB；路径：/data3/p252701008/refseq_genomes/contexts/refseq_RefSeq_include_all_refseq_shards_size_1000_268328763/dehydrated_links/zips
[2026-07-07 22:21:26] [INFO] 开始下载 dehydrated 链接包：refseq_000407；accession 数：1000
[2026-07-07 22:21:26] [INFO] 命令：datasets download genome accession --inputfile /data3/p252701008/refseq_genomes_runlogs/shards/refseq_RefSeq_include_all_refseq_shards_size_1000_268328763/refseq_shards_size_1000/refseq_000407.txt --dehydrated --include all --assembly-source RefSeq --filename /data3/p252701008/refseq_genomes/contexts/refseq_RefSeq_include_all_refseq_shards_size_1000_268328763/dehydrated_links/zips/refseq_000407.zip.partial.20260707T121233Z.4191587 --no-progressbar
[2026-07-07 22:21:26] [INFO] datasets download refseq_000407：第 1/3 次尝试。日志：/data3/p252701008/refseq_genomes_runlogs/logs/refseq_RefSeq_include_all_refseq_shards_size_1000_268328763/datasets_download_refseq_000407_20260707T121233Z.4191587.log.attempt1
[2026-07-07 22:21:43] [INFO] dehydrated 链接包下载完成：/data3/p252701008/refseq_genomes/contexts/refseq_RefSeq_include_all_refseq_shards_size_1000_268328763/dehydrated_links/zips/refseq_000407.zip
[2026-07-07 22:21:43] [INFO] 可用磁盘空间：5920 GB；阈值：2000 GB；路径：/data3/p252701008/refseq_genomes/contexts/refseq_RefSeq_include_all_refseq_shards_size_1000_268328763/dehydrated_links/zips
[2026-07-07 22:21:43] [INFO] 开始下载 dehydrated 链接包：refseq_000408；accession 数：1000
[2026-07-07 22:21:43] [INFO] 命令：datasets download genome accession --inputfile /data3/p252701008/refseq_genomes_runlogs/shards/refseq_RefSeq_include_all_refseq_shards_size_1000_268328763/refseq_shards_size_1000/refseq_000408.txt --dehydrated --include all --assembly-source RefSeq --filename /data3/p252701008/refseq_genomes/contexts/refseq_RefSeq_include_all_refseq_shards_size_1000_268328763/dehydrated_links/zips/refseq_000408.zip.partial.20260707T121233Z.4191587 --no-progressbar
[2026-07-07 22:21:43] [INFO] datasets download refseq_000408：第 1/3 次尝试。日志：/data3/p252701008/refseq_genomes_runlogs/logs/refseq_RefSeq_include_all_refseq_shards_size_1000_268328763/datasets_download_refseq_000408_20260707T121233Z.4191587.log.attempt1
[2026-07-07 22:21:47] [ERROR] datasets download 失败：refseq_000408；第 1/3 次；退出码：1；日志：/data3/p252701008/refseq_genomes_runlogs/logs/refseq_RefSeq_include_all_refseq_shards_size_1000_268328763/datasets_download_refseq_000408_20260707T121233Z.4191587.log.attempt1
[2026-07-07 22:21:47] [ERROR]   Error: Download error: stream error: stream ID 7; INTERNAL_ERROR; received from peer
[2026-07-07 22:21:47] [ERROR]   
[2026-07-07 22:21:47] [ERROR]   Use datasets download genome accession <command> --help for detailed help about a command.
[2026-07-07 22:21:47] [ERROR]   
[2026-07-07 22:21:47] [INFO] 已将异常或旧文件移入 trash：/data3/p252701008/refseq_genomes/contexts/refseq_RefSeq_include_all_refseq_shards_size_1000_268328763/dehydrated_links/zips/refseq_000408.zip.partial.20260707T121233Z.4191587 -> /data3/p252701008/refseq_genomes_runlogs/trash/failed_partial_zip.20260707T121233Z.4191587._data3_p252701008_refseq_genomes_contexts_refseq_RefSeq_include_all_refseq_shards_size_1000_268328763_dehydrated_links_zips_refseq_000408_zip_partial_20260707T121233Z_4191587
[2026-07-07 22:21:47] [INFO] datasets download refseq_000408 将在 30 秒后重试。
[2026-07-07 22:22:17] [INFO] datasets download refseq_000408：第 2/3 次尝试。日志：/data3/p252701008/refseq_genomes_runlogs/logs/refseq_RefSeq_include_all_refseq_shards_size_1000_268328763/datasets_download_refseq_000408_20260707T121233Z.4191587.log.attempt2
[2026-07-07 22:22:34] [INFO] dehydrated 链接包下载完成：/data3/p252701008/refseq_genomes/contexts/refseq_RefSeq_include_all_refseq_shards_size_1000_268328763/dehydrated_links/zips/refseq_000408.zip
[2026-07-07 22:22:34] [INFO] 可用磁盘空间：5920 GB；阈值：2000 GB；路径：/data3/p252701008/refseq_genomes/contexts/refseq_RefSeq_include_all_refseq_shards_size_1000_268328763/dehydrated_links/zips
[2026-07-07 22:22:34] [INFO] 开始下载 dehydrated 链接包：refseq_000409；accession 数：1000
[2026-07-07 22:22:34] [INFO] 命令：datasets download genome accession --inputfile /data3/p252701008/refseq_genomes_runlogs/shards/refseq_RefSeq_include_all_refseq_shards_size_1000_268328763/refseq_shards_size_1000/refseq_000409.txt --dehydrated --include all --assembly-source RefSeq --filename /data3/p252701008/refseq_genomes/contexts/refseq_RefSeq_include_all_refseq_shards_size_1000_268328763/dehydrated_links/zips/refseq_000409.zip.partial.20260707T121233Z.4191587 --no-progressbar
[2026-07-07 22:22:34] [INFO] datasets download refseq_000409：第 1/3 次尝试。日志：/data3/p252701008/refseq_genomes_runlogs/logs/refseq_RefSeq_include_all_refseq_shards_size_1000_268328763/datasets_download_refseq_000409_20260707T121233Z.4191587.log.attempt1
[2026-07-07 22:22:53] [INFO] dehydrated 链接包下载完成：/data3/p252701008/refseq_genomes/contexts/refseq_RefSeq_include_all_refseq_shards_size_1000_268328763/dehydrated_links/zips/refseq_000409.zip
[2026-07-07 22:22:53] [INFO] 可用磁盘空间：5920 GB；阈值：2000 GB；路径：/data3/p252701008/refseq_genomes/contexts/refseq_RefSeq_include_all_refseq_shards_size_1000_268328763/dehydrated_links/zips
[2026-07-07 22:22:53] [INFO] 开始下载 dehydrated 链接包：refseq_000410；accession 数：1000
[2026-07-07 22:22:53] [INFO] 命令：datasets download genome accession --inputfile /data3/p252701008/refseq_genomes_runlogs/shards/refseq_RefSeq_include_all_refseq_shards_size_1000_268328763/refseq_shards_size_1000/refseq_000410.txt --dehydrated --include all --assembly-source RefSeq --filename /data3/p252701008/refseq_genomes/contexts/refseq_RefSeq_include_all_refseq_shards_size_1000_268328763/dehydrated_links/zips/refseq_000410.zip.partial.20260707T121233Z.4191587 --no-progressbar
[2026-07-07 22:22:53] [INFO] datasets download refseq_000410：第 1/3 次尝试。日志：/data3/p252701008/refseq_genomes_runlogs/logs/refseq_RefSeq_include_all_refseq_shards_size_1000_268328763/datasets_download_refseq_000410_20260707T121233Z.4191587.log.attempt1
[2026-07-07 22:23:10] [INFO] dehydrated 链接包下载完成：/data3/p252701008/refseq_genomes/contexts/refseq_RefSeq_include_all_refseq_shards_size_1000_268328763/dehydrated_links/zips/refseq_000410.zip
[2026-07-07 22:23:10] [INFO] 可用磁盘空间：5920 GB；阈值：2000 GB；路径：/data3/p252701008/refseq_genomes/contexts/refseq_RefSeq_include_all_refseq_shards_size_1000_268328763/dehydrated_links/zips
[2026-07-07 22:23:10] [INFO] 开始下载 dehydrated 链接包：refseq_000411；accession 数：1000
[2026-07-07 22:23:10] [INFO] 命令：datasets download genome accession --inputfile /data3/p252701008/refseq_genomes_runlogs/shards/refseq_RefSeq_include_all_refseq_shards_size_1000_268328763/refseq_shards_size_1000/refseq_000411.txt --dehydrated --include all --assembly-source RefSeq --filename /data3/p252701008/refseq_genomes/contexts/refseq_RefSeq_include_all_refseq_shards_size_1000_268328763/dehydrated_links/zips/refseq_000411.zip.partial.20260707T121233Z.4191587 --no-progressbar
[2026-07-07 22:23:10] [INFO] datasets download refseq_000411：第 1/3 次尝试。日志：/data3/p252701008/refseq_genomes_runlogs/logs/refseq_RefSeq_include_all_refseq_shards_size_1000_268328763/datasets_download_refseq_000411_20260707T121233Z.4191587.log.attempt1
[2026-07-07 22:23:27] [INFO] dehydrated 链接包下载完成：/data3/p252701008/refseq_genomes/contexts/refseq_RefSeq_include_all_refseq_shards_size_1000_268328763/dehydrated_links/zips/refseq_000411.zip
[2026-07-07 22:23:27] [INFO] 可用磁盘空间：5920 GB；阈值：2000 GB；路径：/data3/p252701008/refseq_genomes/contexts/refseq_RefSeq_include_all_refseq_shards_size_1000_268328763/dehydrated_links/zips
[2026-07-07 22:23:27] [INFO] 开始下载 dehydrated 链接包：refseq_000412；accession 数：1000
[2026-07-07 22:23:27] [INFO] 命令：datasets download genome accession --inputfile /data3/p252701008/refseq_genomes_runlogs/shards/refseq_RefSeq_include_all_refseq_shards_size_1000_268328763/refseq_shards_size_1000/refseq_000412.txt --dehydrated --include all --assembly-source RefSeq --filename /data3/p252701008/refseq_genomes/contexts/refseq_RefSeq_include_all_refseq_shards_size_1000_268328763/dehydrated_links/zips/refseq_000412.zip.partial.20260707T121233Z.4191587 --no-progressbar
[2026-07-07 22:23:27] [INFO] datasets download refseq_000412：第 1/3 次尝试。日志：/data3/p252701008/refseq_genomes_runlogs/logs/refseq_RefSeq_include_all_refseq_shards_size_1000_268328763/datasets_download_refseq_000412_20260707T121233Z.4191587.log.attempt1
[2026-07-07 22:23:44] [INFO] dehydrated 链接包下载完成：/data3/p252701008/refseq_genomes/contexts/refseq_RefSeq_include_all_refseq_shards_size_1000_268328763/dehydrated_links/zips/refseq_000412.zip
[2026-07-07 22:23:44] [INFO] 可用磁盘空间：5920 GB；阈值：2000 GB；路径：/data3/p252701008/refseq_genomes/contexts/refseq_RefSeq_include_all_refseq_shards_size_1000_268328763/dehydrated_links/zips
[2026-07-07 22:23:44] [INFO] 开始下载 dehydrated 链接包：refseq_000413；accession 数：1000
[2026-07-07 22:23:44] [INFO] 命令：datasets download genome accession --inputfile /data3/p252701008/refseq_genomes_runlogs/shards/refseq_RefSeq_include_all_refseq_shards_size_1000_268328763/refseq_shards_size_1000/refseq_000413.txt --dehydrated --include all --assembly-source RefSeq --filename /data3/p252701008/refseq_genomes/contexts/refseq_RefSeq_include_all_refseq_shards_size_1000_268328763/dehydrated_links/zips/refseq_000413.zip.partial.20260707T121233Z.4191587 --no-progressbar
[2026-07-07 22:23:44] [INFO] datasets download refseq_000413：第 1/3 次尝试。日志：/data3/p252701008/refseq_genomes_runlogs/logs/refseq_RefSeq_include_all_refseq_shards_size_1000_268328763/datasets_download_refseq_000413_20260707T121233Z.4191587.log.attempt1
[2026-07-07 22:23:59] [INFO] dehydrated 链接包下载完成：/data3/p252701008/refseq_genomes/contexts/refseq_RefSeq_include_all_refseq_shards_size_1000_268328763/dehydrated_links/zips/refseq_000413.zip
[2026-07-07 22:23:59] [INFO] 可用磁盘空间：5920 GB；阈值：2000 GB；路径：/data3/p252701008/refseq_genomes/contexts/refseq_RefSeq_include_all_refseq_shards_size_1000_268328763/dehydrated_links/zips
[2026-07-07 22:23:59] [INFO] 开始下载 dehydrated 链接包：refseq_000414；accession 数：1000
[2026-07-07 22:23:59] [INFO] 命令：datasets download genome accession --inputfile /data3/p252701008/refseq_genomes_runlogs/shards/refseq_RefSeq_include_all_refseq_shards_size_1000_268328763/refseq_shards_size_1000/refseq_000414.txt --dehydrated --include all --assembly-source RefSeq --filename /data3/p252701008/refseq_genomes/contexts/refseq_RefSeq_include_all_refseq_shards_size_1000_268328763/dehydrated_links/zips/refseq_000414.zip.partial.20260707T121233Z.4191587 --no-progressbar
[2026-07-07 22:23:59] [INFO] datasets download refseq_000414：第 1/3 次尝试。日志：/data3/p252701008/refseq_genomes_runlogs/logs/refseq_RefSeq_include_all_refseq_shards_size_1000_268328763/datasets_download_refseq_000414_20260707T121233Z.4191587.log.attempt1
[2026-07-07 22:24:17] [INFO] dehydrated 链接包下载完成：/data3/p252701008/refseq_genomes/contexts/refseq_RefSeq_include_all_refseq_shards_size_1000_268328763/dehydrated_links/zips/refseq_000414.zip
[2026-07-07 22:24:17] [INFO] 可用磁盘空间：5920 GB；阈值：2000 GB；路径：/data3/p252701008/refseq_genomes/contexts/refseq_RefSeq_include_all_refseq_shards_size_1000_268328763/dehydrated_links/zips
[2026-07-07 22:24:17] [INFO] 开始下载 dehydrated 链接包：refseq_000415；accession 数：1000
[2026-07-07 22:24:18] [INFO] 命令：datasets download genome accession --inputfile /data3/p252701008/refseq_genomes_runlogs/shards/refseq_RefSeq_include_all_refseq_shards_size_1000_268328763/refseq_shards_size_1000/refseq_000415.txt --dehydrated --include all --assembly-source RefSeq --filename /data3/p252701008/refseq_genomes/contexts/refseq_RefSeq_include_all_refseq_shards_size_1000_268328763/dehydrated_links/zips/refseq_000415.zip.partial.20260707T121233Z.4191587 --no-progressbar
[2026-07-07 22:24:18] [INFO] datasets download refseq_000415：第 1/3 次尝试。日志：/data3/p252701008/refseq_genomes_runlogs/logs/refseq_RefSeq_include_all_refseq_shards_size_1000_268328763/datasets_download_refseq_000415_20260707T121233Z.4191587.log.attempt1
[2026-07-07 22:24:36] [INFO] dehydrated 链接包下载完成：/data3/p252701008/refseq_genomes/contexts/refseq_RefSeq_include_all_refseq_shards_size_1000_268328763/dehydrated_links/zips/refseq_000415.zip
[2026-07-07 22:24:36] [INFO] 可用磁盘空间：5920 GB；阈值：2000 GB；路径：/data3/p252701008/refseq_genomes/contexts/refseq_RefSeq_include_all_refseq_shards_size_1000_268328763/dehydrated_links/zips
[2026-07-07 22:24:36] [INFO] 开始下载 dehydrated 链接包：refseq_000416；accession 数：1000
[2026-07-07 22:24:36] [INFO] 命令：datasets download genome accession --inputfile /data3/p252701008/refseq_genomes_runlogs/shards/refseq_RefSeq_include_all_refseq_shards_size_1000_268328763/refseq_shards_size_1000/refseq_000416.txt --dehydrated --include all --assembly-source RefSeq --filename /data3/p252701008/refseq_genomes/contexts/refseq_RefSeq_include_all_refseq_shards_size_1000_268328763/dehydrated_links/zips/refseq_000416.zip.partial.20260707T121233Z.4191587 --no-progressbar
[2026-07-07 22:24:36] [INFO] datasets download refseq_000416：第 1/3 次尝试。日志：/data3/p252701008/refseq_genomes_runlogs/logs/refseq_RefSeq_include_all_refseq_shards_size_1000_268328763/datasets_download_refseq_000416_20260707T121233Z.4191587.log.attempt1
[2026-07-07 22:24:53] [INFO] dehydrated 链接包下载完成：/data3/p252701008/refseq_genomes/contexts/refseq_RefSeq_include_all_refseq_shards_size_1000_268328763/dehydrated_links/zips/refseq_000416.zip
[2026-07-07 22:24:53] [INFO] 可用磁盘空间：5920 GB；阈值：2000 GB；路径：/data3/p252701008/refseq_genomes/contexts/refseq_RefSeq_include_all_refseq_shards_size_1000_268328763/dehydrated_links/zips
[2026-07-07 22:24:53] [INFO] 开始下载 dehydrated 链接包：refseq_000417；accession 数：1000
[2026-07-07 22:24:53] [INFO] 命令：datasets download genome accession --inputfile /data3/p252701008/refseq_genomes_runlogs/shards/refseq_RefSeq_include_all_refseq_shards_size_1000_268328763/refseq_shards_size_1000/refseq_000417.txt --dehydrated --include all --assembly-source RefSeq --filename /data3/p252701008/refseq_genomes/contexts/refseq_RefSeq_include_all_refseq_shards_size_1000_268328763/dehydrated_links/zips/refseq_000417.zip.partial.20260707T121233Z.4191587 --no-progressbar
[2026-07-07 22:24:53] [INFO] datasets download refseq_000417：第 1/3 次尝试。日志：/data3/p252701008/refseq_genomes_runlogs/logs/refseq_RefSeq_include_all_refseq_shards_size_1000_268328763/datasets_download_refseq_000417_20260707T121233Z.4191587.log.attempt1
[2026-07-07 22:25:10] [INFO] dehydrated 链接包下载完成：/data3/p252701008/refseq_genomes/contexts/refseq_RefSeq_include_all_refseq_shards_size_1000_268328763/dehydrated_links/zips/refseq_000417.zip
[2026-07-07 22:25:10] [INFO] 可用磁盘空间：5920 GB；阈值：2000 GB；路径：/data3/p252701008/refseq_genomes/contexts/refseq_RefSeq_include_all_refseq_shards_size_1000_268328763/dehydrated_links/zips
[2026-07-07 22:25:10] [INFO] 开始下载 dehydrated 链接包：refseq_000418；accession 数：1000
[2026-07-07 22:25:10] [INFO] 命令：datasets download genome accession --inputfile /data3/p252701008/refseq_genomes_runlogs/shards/refseq_RefSeq_include_all_refseq_shards_size_1000_268328763/refseq_shards_size_1000/refseq_000418.txt --dehydrated --include all --assembly-source RefSeq --filename /data3/p252701008/refseq_genomes/contexts/refseq_RefSeq_include_all_refseq_shards_size_1000_268328763/dehydrated_links/zips/refseq_000418.zip.partial.20260707T121233Z.4191587 --no-progressbar
[2026-07-07 22:25:10] [INFO] datasets download refseq_000418：第 1/3 次尝试。日志：/data3/p252701008/refseq_genomes_runlogs/logs/refseq_RefSeq_include_all_refseq_shards_size_1000_268328763/datasets_download_refseq_000418_20260707T121233Z.4191587.log.attempt1
[2026-07-07 22:25:30] [INFO] dehydrated 链接包下载完成：/data3/p252701008/refseq_genomes/contexts/refseq_RefSeq_include_all_refseq_shards_size_1000_268328763/dehydrated_links/zips/refseq_000418.zip
[2026-07-07 22:25:30] [INFO] 可用磁盘空间：5920 GB；阈值：2000 GB；路径：/data3/p252701008/refseq_genomes/contexts/refseq_RefSeq_include_all_refseq_shards_size_1000_268328763/dehydrated_links/zips
[2026-07-07 22:25:30] [INFO] 开始下载 dehydrated 链接包：refseq_000419；accession 数：1000
[2026-07-07 22:25:30] [INFO] 命令：datasets download genome accession --inputfile /data3/p252701008/refseq_genomes_runlogs/shards/refseq_RefSeq_include_all_refseq_shards_size_1000_268328763/refseq_shards_size_1000/refseq_000419.txt --dehydrated --include all --assembly-source RefSeq --filename /data3/p252701008/refseq_genomes/contexts/refseq_RefSeq_include_all_refseq_shards_size_1000_268328763/dehydrated_links/zips/refseq_000419.zip.partial.20260707T121233Z.4191587 --no-progressbar
[2026-07-07 22:25:30] [INFO] datasets download refseq_000419：第 1/3 次尝试。日志：/data3/p252701008/refseq_genomes_runlogs/logs/refseq_RefSeq_include_all_refseq_shards_size_1000_268328763/datasets_download_refseq_000419_20260707T121233Z.4191587.log.attempt1
[2026-07-07 22:25:47] [INFO] dehydrated 链接包下载完成：/data3/p252701008/refseq_genomes/contexts/refseq_RefSeq_include_all_refseq_shards_size_1000_268328763/dehydrated_links/zips/refseq_000419.zip
[2026-07-07 22:25:47] [INFO] 可用磁盘空间：5920 GB；阈值：2000 GB；路径：/data3/p252701008/refseq_genomes/contexts/refseq_RefSeq_include_all_refseq_shards_size_1000_268328763/dehydrated_links/zips
[2026-07-07 22:25:47] [INFO] 开始下载 dehydrated 链接包：refseq_000420；accession 数：1000
[2026-07-07 22:25:47] [INFO] 命令：datasets download genome accession --inputfile /data3/p252701008/refseq_genomes_runlogs/shards/refseq_RefSeq_include_all_refseq_shards_size_1000_268328763/refseq_shards_size_1000/refseq_000420.txt --dehydrated --include all --assembly-source RefSeq --filename /data3/p252701008/refseq_genomes/contexts/refseq_RefSeq_include_all_refseq_shards_size_1000_268328763/dehydrated_links/zips/refseq_000420.zip.partial.20260707T121233Z.4191587 --no-progressbar
[2026-07-07 22:25:47] [INFO] datasets download refseq_000420：第 1/3 次尝试。日志：/data3/p252701008/refseq_genomes_runlogs/logs/refseq_RefSeq_include_all_refseq_shards_size_1000_268328763/datasets_download_refseq_000420_20260707T121233Z.4191587.log.attempt1
[2026-07-07 22:26:05] [INFO] dehydrated 链接包下载完成：/data3/p252701008/refseq_genomes/contexts/refseq_RefSeq_include_all_refseq_shards_size_1000_268328763/dehydrated_links/zips/refseq_000420.zip
[2026-07-07 22:26:05] [INFO] 可用磁盘空间：5920 GB；阈值：2000 GB；路径：/data3/p252701008/refseq_genomes/contexts/refseq_RefSeq_include_all_refseq_shards_size_1000_268328763/dehydrated_links/zips
[2026-07-07 22:26:05] [INFO] 开始下载 dehydrated 链接包：refseq_000421；accession 数：1000
[2026-07-07 22:26:05] [INFO] 命令：datasets download genome accession --inputfile /data3/p252701008/refseq_genomes_runlogs/shards/refseq_RefSeq_include_all_refseq_shards_size_1000_268328763/refseq_shards_size_1000/refseq_000421.txt --dehydrated --include all --assembly-source RefSeq --filename /data3/p252701008/refseq_genomes/contexts/refseq_RefSeq_include_all_refseq_shards_size_1000_268328763/dehydrated_links/zips/refseq_000421.zip.partial.20260707T121233Z.4191587 --no-progressbar
[2026-07-07 22:26:05] [INFO] datasets download refseq_000421：第 1/3 次尝试。日志：/data3/p252701008/refseq_genomes_runlogs/logs/refseq_RefSeq_include_all_refseq_shards_size_1000_268328763/datasets_download_refseq_000421_20260707T121233Z.4191587.log.attempt1
[2026-07-07 22:26:23] [INFO] dehydrated 链接包下载完成：/data3/p252701008/refseq_genomes/contexts/refseq_RefSeq_include_all_refseq_shards_size_1000_268328763/dehydrated_links/zips/refseq_000421.zip
[2026-07-07 22:26:23] [INFO] 可用磁盘空间：5920 GB；阈值：2000 GB；路径：/data3/p252701008/refseq_genomes/contexts/refseq_RefSeq_include_all_refseq_shards_size_1000_268328763/dehydrated_links/zips
[2026-07-07 22:26:23] [INFO] 开始下载 dehydrated 链接包：refseq_000422；accession 数：1000
[2026-07-07 22:26:23] [INFO] 命令：datasets download genome accession --inputfile /data3/p252701008/refseq_genomes_runlogs/shards/refseq_RefSeq_include_all_refseq_shards_size_1000_268328763/refseq_shards_size_1000/refseq_000422.txt --dehydrated --include all --assembly-source RefSeq --filename /data3/p252701008/refseq_genomes/contexts/refseq_RefSeq_include_all_refseq_shards_size_1000_268328763/dehydrated_links/zips/refseq_000422.zip.partial.20260707T121233Z.4191587 --no-progressbar
[2026-07-07 22:26:23] [INFO] datasets download refseq_000422：第 1/3 次尝试。日志：/data3/p252701008/refseq_genomes_runlogs/logs/refseq_RefSeq_include_all_refseq_shards_size_1000_268328763/datasets_download_refseq_000422_20260707T121233Z.4191587.log.attempt1
[2026-07-07 22:26:40] [INFO] dehydrated 链接包下载完成：/data3/p252701008/refseq_genomes/contexts/refseq_RefSeq_include_all_refseq_shards_size_1000_268328763/dehydrated_links/zips/refseq_000422.zip
[2026-07-07 22:26:40] [INFO] 可用磁盘空间：5920 GB；阈值：2000 GB；路径：/data3/p252701008/refseq_genomes/contexts/refseq_RefSeq_include_all_refseq_shards_size_1000_268328763/dehydrated_links/zips
[2026-07-07 22:26:40] [INFO] 开始下载 dehydrated 链接包：refseq_000423；accession 数：1000
[2026-07-07 22:26:40] [INFO] 命令：datasets download genome accession --inputfile /data3/p252701008/refseq_genomes_runlogs/shards/refseq_RefSeq_include_all_refseq_shards_size_1000_268328763/refseq_shards_size_1000/refseq_000423.txt --dehydrated --include all --assembly-source RefSeq --filename /data3/p252701008/refseq_genomes/contexts/refseq_RefSeq_include_all_refseq_shards_size_1000_268328763/dehydrated_links/zips/refseq_000423.zip.partial.20260707T121233Z.4191587 --no-progressbar
[2026-07-07 22:26:40] [INFO] datasets download refseq_000423：第 1/3 次尝试。日志：/data3/p252701008/refseq_genomes_runlogs/logs/refseq_RefSeq_include_all_refseq_shards_size_1000_268328763/datasets_download_refseq_000423_20260707T121233Z.4191587.log.attempt1
[2026-07-07 22:26:57] [INFO] dehydrated 链接包下载完成：/data3/p252701008/refseq_genomes/contexts/refseq_RefSeq_include_all_refseq_shards_size_1000_268328763/dehydrated_links/zips/refseq_000423.zip
[2026-07-07 22:26:57] [INFO] 可用磁盘空间：5920 GB；阈值：2000 GB；路径：/data3/p252701008/refseq_genomes/contexts/refseq_RefSeq_include_all_refseq_shards_size_1000_268328763/dehydrated_links/zips
[2026-07-07 22:26:57] [INFO] 开始下载 dehydrated 链接包：refseq_000424；accession 数：1000
[2026-07-07 22:26:57] [INFO] 命令：datasets download genome accession --inputfile /data3/p252701008/refseq_genomes_runlogs/shards/refseq_RefSeq_include_all_refseq_shards_size_1000_268328763/refseq_shards_size_1000/refseq_000424.txt --dehydrated --include all --assembly-source RefSeq --filename /data3/p252701008/refseq_genomes/contexts/refseq_RefSeq_include_all_refseq_shards_size_1000_268328763/dehydrated_links/zips/refseq_000424.zip.partial.20260707T121233Z.4191587 --no-progressbar
[2026-07-07 22:26:57] [INFO] datasets download refseq_000424：第 1/3 次尝试。日志：/data3/p252701008/refseq_genomes_runlogs/logs/refseq_RefSeq_include_all_refseq_shards_size_1000_268328763/datasets_download_refseq_000424_20260707T121233Z.4191587.log.attempt1
[2026-07-07 22:27:16] [INFO] dehydrated 链接包下载完成：/data3/p252701008/refseq_genomes/contexts/refseq_RefSeq_include_all_refseq_shards_size_1000_268328763/dehydrated_links/zips/refseq_000424.zip
[2026-07-07 22:27:16] [INFO] 可用磁盘空间：5920 GB；阈值：2000 GB；路径：/data3/p252701008/refseq_genomes/contexts/refseq_RefSeq_include_all_refseq_shards_size_1000_268328763/dehydrated_links/zips
[2026-07-07 22:27:16] [INFO] 开始下载 dehydrated 链接包：refseq_000425；accession 数：1000
[2026-07-07 22:27:16] [INFO] 命令：datasets download genome accession --inputfile /data3/p252701008/refseq_genomes_runlogs/shards/refseq_RefSeq_include_all_refseq_shards_size_1000_268328763/refseq_shards_size_1000/refseq_000425.txt --dehydrated --include all --assembly-source RefSeq --filename /data3/p252701008/refseq_genomes/contexts/refseq_RefSeq_include_all_refseq_shards_size_1000_268328763/dehydrated_links/zips/refseq_000425.zip.partial.20260707T121233Z.4191587 --no-progressbar
[2026-07-07 22:27:16] [INFO] datasets download refseq_000425：第 1/3 次尝试。日志：/data3/p252701008/refseq_genomes_runlogs/logs/refseq_RefSeq_include_all_refseq_shards_size_1000_268328763/datasets_download_refseq_000425_20260707T121233Z.4191587.log.attempt1
[2026-07-07 22:27:32] [INFO] dehydrated 链接包下载完成：/data3/p252701008/refseq_genomes/contexts/refseq_RefSeq_include_all_refseq_shards_size_1000_268328763/dehydrated_links/zips/refseq_000425.zip
[2026-07-07 22:27:32] [INFO] 可用磁盘空间：5920 GB；阈值：2000 GB；路径：/data3/p252701008/refseq_genomes/contexts/refseq_RefSeq_include_all_refseq_shards_size_1000_268328763/dehydrated_links/zips
[2026-07-07 22:27:32] [INFO] 开始下载 dehydrated 链接包：refseq_000426；accession 数：1000
[2026-07-07 22:27:32] [INFO] 命令：datasets download genome accession --inputfile /data3/p252701008/refseq_genomes_runlogs/shards/refseq_RefSeq_include_all_refseq_shards_size_1000_268328763/refseq_shards_size_1000/refseq_000426.txt --dehydrated --include all --assembly-source RefSeq --filename /data3/p252701008/refseq_genomes/contexts/refseq_RefSeq_include_all_refseq_shards_size_1000_268328763/dehydrated_links/zips/refseq_000426.zip.partial.20260707T121233Z.4191587 --no-progressbar
[2026-07-07 22:27:32] [INFO] datasets download refseq_000426：第 1/3 次尝试。日志：/data3/p252701008/refseq_genomes_runlogs/logs/refseq_RefSeq_include_all_refseq_shards_size_1000_268328763/datasets_download_refseq_000426_20260707T121233Z.4191587.log.attempt1
[2026-07-07 22:27:50] [INFO] dehydrated 链接包下载完成：/data3/p252701008/refseq_genomes/contexts/refseq_RefSeq_include_all_refseq_shards_size_1000_268328763/dehydrated_links/zips/refseq_000426.zip
[2026-07-07 22:27:50] [INFO] 可用磁盘空间：5920 GB；阈值：2000 GB；路径：/data3/p252701008/refseq_genomes/contexts/refseq_RefSeq_include_all_refseq_shards_size_1000_268328763/dehydrated_links/zips
[2026-07-07 22:27:50] [INFO] 开始下载 dehydrated 链接包：refseq_000427；accession 数：1000
[2026-07-07 22:27:50] [INFO] 命令：datasets download genome accession --inputfile /data3/p252701008/refseq_genomes_runlogs/shards/refseq_RefSeq_include_all_refseq_shards_size_1000_268328763/refseq_shards_size_1000/refseq_000427.txt --dehydrated --include all --assembly-source RefSeq --filename /data3/p252701008/refseq_genomes/contexts/refseq_RefSeq_include_all_refseq_shards_size_1000_268328763/dehydrated_links/zips/refseq_000427.zip.partial.20260707T121233Z.4191587 --no-progressbar
[2026-07-07 22:27:50] [INFO] datasets download refseq_000427：第 1/3 次尝试。日志：/data3/p252701008/refseq_genomes_runlogs/logs/refseq_RefSeq_include_all_refseq_shards_size_1000_268328763/datasets_download_refseq_000427_20260707T121233Z.4191587.log.attempt1
[2026-07-07 22:28:06] [INFO] dehydrated 链接包下载完成：/data3/p252701008/refseq_genomes/contexts/refseq_RefSeq_include_all_refseq_shards_size_1000_268328763/dehydrated_links/zips/refseq_000427.zip
[2026-07-07 22:28:06] [INFO] 可用磁盘空间：5920 GB；阈值：2000 GB；路径：/data3/p252701008/refseq_genomes/contexts/refseq_RefSeq_include_all_refseq_shards_size_1000_268328763/dehydrated_links/zips
[2026-07-07 22:28:07] [INFO] 开始下载 dehydrated 链接包：refseq_000428；accession 数：1000
[2026-07-07 22:28:07] [INFO] 命令：datasets download genome accession --inputfile /data3/p252701008/refseq_genomes_runlogs/shards/refseq_RefSeq_include_all_refseq_shards_size_1000_268328763/refseq_shards_size_1000/refseq_000428.txt --dehydrated --include all --assembly-source RefSeq --filename /data3/p252701008/refseq_genomes/contexts/refseq_RefSeq_include_all_refseq_shards_size_1000_268328763/dehydrated_links/zips/refseq_000428.zip.partial.20260707T121233Z.4191587 --no-progressbar
[2026-07-07 22:28:07] [INFO] datasets download refseq_000428：第 1/3 次尝试。日志：/data3/p252701008/refseq_genomes_runlogs/logs/refseq_RefSeq_include_all_refseq_shards_size_1000_268328763/datasets_download_refseq_000428_20260707T121233Z.4191587.log.attempt1
[2026-07-07 22:28:23] [INFO] dehydrated 链接包下载完成：/data3/p252701008/refseq_genomes/contexts/refseq_RefSeq_include_all_refseq_shards_size_1000_268328763/dehydrated_links/zips/refseq_000428.zip
[2026-07-07 22:28:23] [INFO] 可用磁盘空间：5919 GB；阈值：2000 GB；路径：/data3/p252701008/refseq_genomes/contexts/refseq_RefSeq_include_all_refseq_shards_size_1000_268328763/dehydrated_links/zips
[2026-07-07 22:28:23] [INFO] 开始下载 dehydrated 链接包：refseq_000429；accession 数：1000
[2026-07-07 22:28:23] [INFO] 命令：datasets download genome accession --inputfile /data3/p252701008/refseq_genomes_runlogs/shards/refseq_RefSeq_include_all_refseq_shards_size_1000_268328763/refseq_shards_size_1000/refseq_000429.txt --dehydrated --include all --assembly-source RefSeq --filename /data3/p252701008/refseq_genomes/contexts/refseq_RefSeq_include_all_refseq_shards_size_1000_268328763/dehydrated_links/zips/refseq_000429.zip.partial.20260707T121233Z.4191587 --no-progressbar
[2026-07-07 22:28:23] [INFO] datasets download refseq_000429：第 1/3 次尝试。日志：/data3/p252701008/refseq_genomes_runlogs/logs/refseq_RefSeq_include_all_refseq_shards_size_1000_268328763/datasets_download_refseq_000429_20260707T121233Z.4191587.log.attempt1
[2026-07-07 22:28:42] [INFO] dehydrated 链接包下载完成：/data3/p252701008/refseq_genomes/contexts/refseq_RefSeq_include_all_refseq_shards_size_1000_268328763/dehydrated_links/zips/refseq_000429.zip
[2026-07-07 22:28:42] [INFO] 可用磁盘空间：5919 GB；阈值：2000 GB；路径：/data3/p252701008/refseq_genomes/contexts/refseq_RefSeq_include_all_refseq_shards_size_1000_268328763/dehydrated_links/zips
[2026-07-07 22:28:42] [INFO] 开始下载 dehydrated 链接包：refseq_000430；accession 数：1000
[2026-07-07 22:28:42] [INFO] 命令：datasets download genome accession --inputfile /data3/p252701008/refseq_genomes_runlogs/shards/refseq_RefSeq_include_all_refseq_shards_size_1000_268328763/refseq_shards_size_1000/refseq_000430.txt --dehydrated --include all --assembly-source RefSeq --filename /data3/p252701008/refseq_genomes/contexts/refseq_RefSeq_include_all_refseq_shards_size_1000_268328763/dehydrated_links/zips/refseq_000430.zip.partial.20260707T121233Z.4191587 --no-progressbar
[2026-07-07 22:28:42] [INFO] datasets download refseq_000430：第 1/3 次尝试。日志：/data3/p252701008/refseq_genomes_runlogs/logs/refseq_RefSeq_include_all_refseq_shards_size_1000_268328763/datasets_download_refseq_000430_20260707T121233Z.4191587.log.attempt1
[2026-07-07 22:28:59] [INFO] dehydrated 链接包下载完成：/data3/p252701008/refseq_genomes/contexts/refseq_RefSeq_include_all_refseq_shards_size_1000_268328763/dehydrated_links/zips/refseq_000430.zip
[2026-07-07 22:28:59] [INFO] 可用磁盘空间：5919 GB；阈值：2000 GB；路径：/data3/p252701008/refseq_genomes/contexts/refseq_RefSeq_include_all_refseq_shards_size_1000_268328763/dehydrated_links/zips
[2026-07-07 22:28:59] [INFO] 开始下载 dehydrated 链接包：refseq_000431；accession 数：1000
[2026-07-07 22:28:59] [INFO] 命令：datasets download genome accession --inputfile /data3/p252701008/refseq_genomes_runlogs/shards/refseq_RefSeq_include_all_refseq_shards_size_1000_268328763/refseq_shards_size_1000/refseq_000431.txt --dehydrated --include all --assembly-source RefSeq --filename /data3/p252701008/refseq_genomes/contexts/refseq_RefSeq_include_all_refseq_shards_size_1000_268328763/dehydrated_links/zips/refseq_000431.zip.partial.20260707T121233Z.4191587 --no-progressbar
[2026-07-07 22:28:59] [INFO] datasets download refseq_000431：第 1/3 次尝试。日志：/data3/p252701008/refseq_genomes_runlogs/logs/refseq_RefSeq_include_all_refseq_shards_size_1000_268328763/datasets_download_refseq_000431_20260707T121233Z.4191587.log.attempt1
[2026-07-07 22:29:17] [INFO] dehydrated 链接包下载完成：/data3/p252701008/refseq_genomes/contexts/refseq_RefSeq_include_all_refseq_shards_size_1000_268328763/dehydrated_links/zips/refseq_000431.zip
[2026-07-07 22:29:17] [INFO] 可用磁盘空间：5919 GB；阈值：2000 GB；路径：/data3/p252701008/refseq_genomes/contexts/refseq_RefSeq_include_all_refseq_shards_size_1000_268328763/dehydrated_links/zips
[2026-07-07 22:29:17] [INFO] 开始下载 dehydrated 链接包：refseq_000432；accession 数：1000
[2026-07-07 22:29:17] [INFO] 命令：datasets download genome accession --inputfile /data3/p252701008/refseq_genomes_runlogs/shards/refseq_RefSeq_include_all_refseq_shards_size_1000_268328763/refseq_shards_size_1000/refseq_000432.txt --dehydrated --include all --assembly-source RefSeq --filename /data3/p252701008/refseq_genomes/contexts/refseq_RefSeq_include_all_refseq_shards_size_1000_268328763/dehydrated_links/zips/refseq_000432.zip.partial.20260707T121233Z.4191587 --no-progressbar
[2026-07-07 22:29:17] [INFO] datasets download refseq_000432：第 1/3 次尝试。日志：/data3/p252701008/refseq_genomes_runlogs/logs/refseq_RefSeq_include_all_refseq_shards_size_1000_268328763/datasets_download_refseq_000432_20260707T121233Z.4191587.log.attempt1
[2026-07-07 22:29:33] [INFO] dehydrated 链接包下载完成：/data3/p252701008/refseq_genomes/contexts/refseq_RefSeq_include_all_refseq_shards_size_1000_268328763/dehydrated_links/zips/refseq_000432.zip
[2026-07-07 22:29:33] [INFO] 可用磁盘空间：5919 GB；阈值：2000 GB；路径：/data3/p252701008/refseq_genomes/contexts/refseq_RefSeq_include_all_refseq_shards_size_1000_268328763/dehydrated_links/zips
[2026-07-07 22:29:33] [INFO] 开始下载 dehydrated 链接包：refseq_000433；accession 数：1000
[2026-07-07 22:29:33] [INFO] 命令：datasets download genome accession --inputfile /data3/p252701008/refseq_genomes_runlogs/shards/refseq_RefSeq_include_all_refseq_shards_size_1000_268328763/refseq_shards_size_1000/refseq_000433.txt --dehydrated --include all --assembly-source RefSeq --filename /data3/p252701008/refseq_genomes/contexts/refseq_RefSeq_include_all_refseq_shards_size_1000_268328763/dehydrated_links/zips/refseq_000433.zip.partial.20260707T121233Z.4191587 --no-progressbar
[2026-07-07 22:29:33] [INFO] datasets download refseq_000433：第 1/3 次尝试。日志：/data3/p252701008/refseq_genomes_runlogs/logs/refseq_RefSeq_include_all_refseq_shards_size_1000_268328763/datasets_download_refseq_000433_20260707T121233Z.4191587.log.attempt1
[2026-07-07 22:29:51] [INFO] dehydrated 链接包下载完成：/data3/p252701008/refseq_genomes/contexts/refseq_RefSeq_include_all_refseq_shards_size_1000_268328763/dehydrated_links/zips/refseq_000433.zip
[2026-07-07 22:29:51] [INFO] 可用磁盘空间：5919 GB；阈值：2000 GB；路径：/data3/p252701008/refseq_genomes/contexts/refseq_RefSeq_include_all_refseq_shards_size_1000_268328763/dehydrated_links/zips
[2026-07-07 22:29:51] [INFO] 开始下载 dehydrated 链接包：refseq_000434；accession 数：1000
[2026-07-07 22:29:51] [INFO] 命令：datasets download genome accession --inputfile /data3/p252701008/refseq_genomes_runlogs/shards/refseq_RefSeq_include_all_refseq_shards_size_1000_268328763/refseq_shards_size_1000/refseq_000434.txt --dehydrated --include all --assembly-source RefSeq --filename /data3/p252701008/refseq_genomes/contexts/refseq_RefSeq_include_all_refseq_shards_size_1000_268328763/dehydrated_links/zips/refseq_000434.zip.partial.20260707T121233Z.4191587 --no-progressbar
[2026-07-07 22:29:51] [INFO] datasets download refseq_000434：第 1/3 次尝试。日志：/data3/p252701008/refseq_genomes_runlogs/logs/refseq_RefSeq_include_all_refseq_shards_size_1000_268328763/datasets_download_refseq_000434_20260707T121233Z.4191587.log.attempt1
[2026-07-07 22:30:07] [INFO] dehydrated 链接包下载完成：/data3/p252701008/refseq_genomes/contexts/refseq_RefSeq_include_all_refseq_shards_size_1000_268328763/dehydrated_links/zips/refseq_000434.zip
[2026-07-07 22:30:07] [INFO] 可用磁盘空间：5919 GB；阈值：2000 GB；路径：/data3/p252701008/refseq_genomes/contexts/refseq_RefSeq_include_all_refseq_shards_size_1000_268328763/dehydrated_links/zips
[2026-07-07 22:30:07] [INFO] 开始下载 dehydrated 链接包：refseq_000435；accession 数：1000
[2026-07-07 22:30:07] [INFO] 命令：datasets download genome accession --inputfile /data3/p252701008/refseq_genomes_runlogs/shards/refseq_RefSeq_include_all_refseq_shards_size_1000_268328763/refseq_shards_size_1000/refseq_000435.txt --dehydrated --include all --assembly-source RefSeq --filename /data3/p252701008/refseq_genomes/contexts/refseq_RefSeq_include_all_refseq_shards_size_1000_268328763/dehydrated_links/zips/refseq_000435.zip.partial.20260707T121233Z.4191587 --no-progressbar
[2026-07-07 22:30:07] [INFO] datasets download refseq_000435：第 1/3 次尝试。日志：/data3/p252701008/refseq_genomes_runlogs/logs/refseq_RefSeq_include_all_refseq_shards_size_1000_268328763/datasets_download_refseq_000435_20260707T121233Z.4191587.log.attempt1
[2026-07-07 22:30:28] [INFO] dehydrated 链接包下载完成：/data3/p252701008/refseq_genomes/contexts/refseq_RefSeq_include_all_refseq_shards_size_1000_268328763/dehydrated_links/zips/refseq_000435.zip
[2026-07-07 22:30:28] [INFO] 可用磁盘空间：5919 GB；阈值：2000 GB；路径：/data3/p252701008/refseq_genomes/contexts/refseq_RefSeq_include_all_refseq_shards_size_1000_268328763/dehydrated_links/zips
[2026-07-07 22:30:28] [INFO] 开始下载 dehydrated 链接包：refseq_000436；accession 数：1000
[2026-07-07 22:30:28] [INFO] 命令：datasets download genome accession --inputfile /data3/p252701008/refseq_genomes_runlogs/shards/refseq_RefSeq_include_all_refseq_shards_size_1000_268328763/refseq_shards_size_1000/refseq_000436.txt --dehydrated --include all --assembly-source RefSeq --filename /data3/p252701008/refseq_genomes/contexts/refseq_RefSeq_include_all_refseq_shards_size_1000_268328763/dehydrated_links/zips/refseq_000436.zip.partial.20260707T121233Z.4191587 --no-progressbar
[2026-07-07 22:30:28] [INFO] datasets download refseq_000436：第 1/3 次尝试。日志：/data3/p252701008/refseq_genomes_runlogs/logs/refseq_RefSeq_include_all_refseq_shards_size_1000_268328763/datasets_download_refseq_000436_20260707T121233Z.4191587.log.attempt1
[2026-07-07 22:30:45] [INFO] dehydrated 链接包下载完成：/data3/p252701008/refseq_genomes/contexts/refseq_RefSeq_include_all_refseq_shards_size_1000_268328763/dehydrated_links/zips/refseq_000436.zip
[2026-07-07 22:30:45] [INFO] 可用磁盘空间：5919 GB；阈值：2000 GB；路径：/data3/p252701008/refseq_genomes/contexts/refseq_RefSeq_include_all_refseq_shards_size_1000_268328763/dehydrated_links/zips
[2026-07-07 22:30:45] [INFO] 开始下载 dehydrated 链接包：refseq_000437；accession 数：1000
[2026-07-07 22:30:45] [INFO] 命令：datasets download genome accession --inputfile /data3/p252701008/refseq_genomes_runlogs/shards/refseq_RefSeq_include_all_refseq_shards_size_1000_268328763/refseq_shards_size_1000/refseq_000437.txt --dehydrated --include all --assembly-source RefSeq --filename /data3/p252701008/refseq_genomes/contexts/refseq_RefSeq_include_all_refseq_shards_size_1000_268328763/dehydrated_links/zips/refseq_000437.zip.partial.20260707T121233Z.4191587 --no-progressbar
[2026-07-07 22:30:45] [INFO] datasets download refseq_000437：第 1/3 次尝试。日志：/data3/p252701008/refseq_genomes_runlogs/logs/refseq_RefSeq_include_all_refseq_shards_size_1000_268328763/datasets_download_refseq_000437_20260707T121233Z.4191587.log.attempt1
[2026-07-07 22:31:03] [INFO] dehydrated 链接包下载完成：/data3/p252701008/refseq_genomes/contexts/refseq_RefSeq_include_all_refseq_shards_size_1000_268328763/dehydrated_links/zips/refseq_000437.zip
[2026-07-07 22:31:03] [INFO] 可用磁盘空间：5919 GB；阈值：2000 GB；路径：/data3/p252701008/refseq_genomes/contexts/refseq_RefSeq_include_all_refseq_shards_size_1000_268328763/dehydrated_links/zips
[2026-07-07 22:31:03] [INFO] 开始下载 dehydrated 链接包：refseq_000438；accession 数：1000
[2026-07-07 22:31:03] [INFO] 命令：datasets download genome accession --inputfile /data3/p252701008/refseq_genomes_runlogs/shards/refseq_RefSeq_include_all_refseq_shards_size_1000_268328763/refseq_shards_size_1000/refseq_000438.txt --dehydrated --include all --assembly-source RefSeq --filename /data3/p252701008/refseq_genomes/contexts/refseq_RefSeq_include_all_refseq_shards_size_1000_268328763/dehydrated_links/zips/refseq_000438.zip.partial.20260707T121233Z.4191587 --no-progressbar
[2026-07-07 22:31:03] [INFO] datasets download refseq_000438：第 1/3 次尝试。日志：/data3/p252701008/refseq_genomes_runlogs/logs/refseq_RefSeq_include_all_refseq_shards_size_1000_268328763/datasets_download_refseq_000438_20260707T121233Z.4191587.log.attempt1
[2026-07-07 22:31:21] [INFO] dehydrated 链接包下载完成：/data3/p252701008/refseq_genomes/contexts/refseq_RefSeq_include_all_refseq_shards_size_1000_268328763/dehydrated_links/zips/refseq_000438.zip
[2026-07-07 22:31:21] [INFO] 可用磁盘空间：5919 GB；阈值：2000 GB；路径：/data3/p252701008/refseq_genomes/contexts/refseq_RefSeq_include_all_refseq_shards_size_1000_268328763/dehydrated_links/zips
[2026-07-07 22:31:21] [INFO] 开始下载 dehydrated 链接包：refseq_000439；accession 数：1000
[2026-07-07 22:31:21] [INFO] 命令：datasets download genome accession --inputfile /data3/p252701008/refseq_genomes_runlogs/shards/refseq_RefSeq_include_all_refseq_shards_size_1000_268328763/refseq_shards_size_1000/refseq_000439.txt --dehydrated --include all --assembly-source RefSeq --filename /data3/p252701008/refseq_genomes/contexts/refseq_RefSeq_include_all_refseq_shards_size_1000_268328763/dehydrated_links/zips/refseq_000439.zip.partial.20260707T121233Z.4191587 --no-progressbar
[2026-07-07 22:31:21] [INFO] datasets download refseq_000439：第 1/3 次尝试。日志：/data3/p252701008/refseq_genomes_runlogs/logs/refseq_RefSeq_include_all_refseq_shards_size_1000_268328763/datasets_download_refseq_000439_20260707T121233Z.4191587.log.attempt1
[2026-07-07 22:31:40] [INFO] dehydrated 链接包下载完成：/data3/p252701008/refseq_genomes/contexts/refseq_RefSeq_include_all_refseq_shards_size_1000_268328763/dehydrated_links/zips/refseq_000439.zip
[2026-07-07 22:31:40] [INFO] 可用磁盘空间：5919 GB；阈值：2000 GB；路径：/data3/p252701008/refseq_genomes/contexts/refseq_RefSeq_include_all_refseq_shards_size_1000_268328763/dehydrated_links/zips
[2026-07-07 22:31:40] [INFO] 开始下载 dehydrated 链接包：refseq_000440；accession 数：1000
[2026-07-07 22:31:40] [INFO] 命令：datasets download genome accession --inputfile /data3/p252701008/refseq_genomes_runlogs/shards/refseq_RefSeq_include_all_refseq_shards_size_1000_268328763/refseq_shards_size_1000/refseq_000440.txt --dehydrated --include all --assembly-source RefSeq --filename /data3/p252701008/refseq_genomes/contexts/refseq_RefSeq_include_all_refseq_shards_size_1000_268328763/dehydrated_links/zips/refseq_000440.zip.partial.20260707T121233Z.4191587 --no-progressbar
[2026-07-07 22:31:40] [INFO] datasets download refseq_000440：第 1/3 次尝试。日志：/data3/p252701008/refseq_genomes_runlogs/logs/refseq_RefSeq_include_all_refseq_shards_size_1000_268328763/datasets_download_refseq_000440_20260707T121233Z.4191587.log.attempt1
[2026-07-07 22:32:00] [INFO] dehydrated 链接包下载完成：/data3/p252701008/refseq_genomes/contexts/refseq_RefSeq_include_all_refseq_shards_size_1000_268328763/dehydrated_links/zips/refseq_000440.zip
[2026-07-07 22:32:00] [INFO] 可用磁盘空间：5919 GB；阈值：2000 GB；路径：/data3/p252701008/refseq_genomes/contexts/refseq_RefSeq_include_all_refseq_shards_size_1000_268328763/dehydrated_links/zips
[2026-07-07 22:32:00] [INFO] 开始下载 dehydrated 链接包：refseq_000441；accession 数：1000
[2026-07-07 22:32:00] [INFO] 命令：datasets download genome accession --inputfile /data3/p252701008/refseq_genomes_runlogs/shards/refseq_RefSeq_include_all_refseq_shards_size_1000_268328763/refseq_shards_size_1000/refseq_000441.txt --dehydrated --include all --assembly-source RefSeq --filename /data3/p252701008/refseq_genomes/contexts/refseq_RefSeq_include_all_refseq_shards_size_1000_268328763/dehydrated_links/zips/refseq_000441.zip.partial.20260707T121233Z.4191587 --no-progressbar
[2026-07-07 22:32:00] [INFO] datasets download refseq_000441：第 1/3 次尝试。日志：/data3/p252701008/refseq_genomes_runlogs/logs/refseq_RefSeq_include_all_refseq_shards_size_1000_268328763/datasets_download_refseq_000441_20260707T121233Z.4191587.log.attempt1
[2026-07-07 22:32:17] [INFO] dehydrated 链接包下载完成：/data3/p252701008/refseq_genomes/contexts/refseq_RefSeq_include_all_refseq_shards_size_1000_268328763/dehydrated_links/zips/refseq_000441.zip
[2026-07-07 22:32:17] [INFO] 可用磁盘空间：5919 GB；阈值：2000 GB；路径：/data3/p252701008/refseq_genomes/contexts/refseq_RefSeq_include_all_refseq_shards_size_1000_268328763/dehydrated_links/zips
[2026-07-07 22:32:17] [INFO] 开始下载 dehydrated 链接包：refseq_000442；accession 数：1000
[2026-07-07 22:32:17] [INFO] 命令：datasets download genome accession --inputfile /data3/p252701008/refseq_genomes_runlogs/shards/refseq_RefSeq_include_all_refseq_shards_size_1000_268328763/refseq_shards_size_1000/refseq_000442.txt --dehydrated --include all --assembly-source RefSeq --filename /data3/p252701008/refseq_genomes/contexts/refseq_RefSeq_include_all_refseq_shards_size_1000_268328763/dehydrated_links/zips/refseq_000442.zip.partial.20260707T121233Z.4191587 --no-progressbar
[2026-07-07 22:32:17] [INFO] datasets download refseq_000442：第 1/3 次尝试。日志：/data3/p252701008/refseq_genomes_runlogs/logs/refseq_RefSeq_include_all_refseq_shards_size_1000_268328763/datasets_download_refseq_000442_20260707T121233Z.4191587.log.attempt1
[2026-07-07 22:32:33] [INFO] dehydrated 链接包下载完成：/data3/p252701008/refseq_genomes/contexts/refseq_RefSeq_include_all_refseq_shards_size_1000_268328763/dehydrated_links/zips/refseq_000442.zip
[2026-07-07 22:32:33] [INFO] 可用磁盘空间：5919 GB；阈值：2000 GB；路径：/data3/p252701008/refseq_genomes/contexts/refseq_RefSeq_include_all_refseq_shards_size_1000_268328763/dehydrated_links/zips
[2026-07-07 22:32:33] [INFO] 开始下载 dehydrated 链接包：refseq_000443；accession 数：1000
[2026-07-07 22:32:33] [INFO] 命令：datasets download genome accession --inputfile /data3/p252701008/refseq_genomes_runlogs/shards/refseq_RefSeq_include_all_refseq_shards_size_1000_268328763/refseq_shards_size_1000/refseq_000443.txt --dehydrated --include all --assembly-source RefSeq --filename /data3/p252701008/refseq_genomes/contexts/refseq_RefSeq_include_all_refseq_shards_size_1000_268328763/dehydrated_links/zips/refseq_000443.zip.partial.20260707T121233Z.4191587 --no-progressbar
[2026-07-07 22:32:33] [INFO] datasets download refseq_000443：第 1/3 次尝试。日志：/data3/p252701008/refseq_genomes_runlogs/logs/refseq_RefSeq_include_all_refseq_shards_size_1000_268328763/datasets_download_refseq_000443_20260707T121233Z.4191587.log.attempt1
[2026-07-07 22:32:50] [INFO] dehydrated 链接包下载完成：/data3/p252701008/refseq_genomes/contexts/refseq_RefSeq_include_all_refseq_shards_size_1000_268328763/dehydrated_links/zips/refseq_000443.zip
[2026-07-07 22:32:50] [INFO] 可用磁盘空间：5919 GB；阈值：2000 GB；路径：/data3/p252701008/refseq_genomes/contexts/refseq_RefSeq_include_all_refseq_shards_size_1000_268328763/dehydrated_links/zips
[2026-07-07 22:32:50] [INFO] 开始下载 dehydrated 链接包：refseq_000444；accession 数：1000
[2026-07-07 22:32:50] [INFO] 命令：datasets download genome accession --inputfile /data3/p252701008/refseq_genomes_runlogs/shards/refseq_RefSeq_include_all_refseq_shards_size_1000_268328763/refseq_shards_size_1000/refseq_000444.txt --dehydrated --include all --assembly-source RefSeq --filename /data3/p252701008/refseq_genomes/contexts/refseq_RefSeq_include_all_refseq_shards_size_1000_268328763/dehydrated_links/zips/refseq_000444.zip.partial.20260707T121233Z.4191587 --no-progressbar
[2026-07-07 22:32:50] [INFO] datasets download refseq_000444：第 1/3 次尝试。日志：/data3/p252701008/refseq_genomes_runlogs/logs/refseq_RefSeq_include_all_refseq_shards_size_1000_268328763/datasets_download_refseq_000444_20260707T121233Z.4191587.log.attempt1
[2026-07-07 22:33:07] [INFO] dehydrated 链接包下载完成：/data3/p252701008/refseq_genomes/contexts/refseq_RefSeq_include_all_refseq_shards_size_1000_268328763/dehydrated_links/zips/refseq_000444.zip
[2026-07-07 22:33:07] [INFO] 可用磁盘空间：5919 GB；阈值：2000 GB；路径：/data3/p252701008/refseq_genomes/contexts/refseq_RefSeq_include_all_refseq_shards_size_1000_268328763/dehydrated_links/zips
[2026-07-07 22:33:07] [INFO] 开始下载 dehydrated 链接包：refseq_000445；accession 数：1000
[2026-07-07 22:33:07] [INFO] 命令：datasets download genome accession --inputfile /data3/p252701008/refseq_genomes_runlogs/shards/refseq_RefSeq_include_all_refseq_shards_size_1000_268328763/refseq_shards_size_1000/refseq_000445.txt --dehydrated --include all --assembly-source RefSeq --filename /data3/p252701008/refseq_genomes/contexts/refseq_RefSeq_include_all_refseq_shards_size_1000_268328763/dehydrated_links/zips/refseq_000445.zip.partial.20260707T121233Z.4191587 --no-progressbar
[2026-07-07 22:33:07] [INFO] datasets download refseq_000445：第 1/3 次尝试。日志：/data3/p252701008/refseq_genomes_runlogs/logs/refseq_RefSeq_include_all_refseq_shards_size_1000_268328763/datasets_download_refseq_000445_20260707T121233Z.4191587.log.attempt1
[2026-07-07 22:33:24] [INFO] dehydrated 链接包下载完成：/data3/p252701008/refseq_genomes/contexts/refseq_RefSeq_include_all_refseq_shards_size_1000_268328763/dehydrated_links/zips/refseq_000445.zip
[2026-07-07 22:33:24] [INFO] 可用磁盘空间：5919 GB；阈值：2000 GB；路径：/data3/p252701008/refseq_genomes/contexts/refseq_RefSeq_include_all_refseq_shards_size_1000_268328763/dehydrated_links/zips
[2026-07-07 22:33:24] [INFO] 开始下载 dehydrated 链接包：refseq_000446；accession 数：1000
[2026-07-07 22:33:24] [INFO] 命令：datasets download genome accession --inputfile /data3/p252701008/refseq_genomes_runlogs/shards/refseq_RefSeq_include_all_refseq_shards_size_1000_268328763/refseq_shards_size_1000/refseq_000446.txt --dehydrated --include all --assembly-source RefSeq --filename /data3/p252701008/refseq_genomes/contexts/refseq_RefSeq_include_all_refseq_shards_size_1000_268328763/dehydrated_links/zips/refseq_000446.zip.partial.20260707T121233Z.4191587 --no-progressbar
[2026-07-07 22:33:24] [INFO] datasets download refseq_000446：第 1/3 次尝试。日志：/data3/p252701008/refseq_genomes_runlogs/logs/refseq_RefSeq_include_all_refseq_shards_size_1000_268328763/datasets_download_refseq_000446_20260707T121233Z.4191587.log.attempt1
[2026-07-07 22:33:32] [ERROR] datasets download 失败：refseq_000446；第 1/3 次；退出码：1；日志：/data3/p252701008/refseq_genomes_runlogs/logs/refseq_RefSeq_include_all_refseq_shards_size_1000_268328763/datasets_download_refseq_000446_20260707T121233Z.4191587.log.attempt1
[2026-07-07 22:33:32] [ERROR]   Error: Download error: stream error: stream ID 9; INTERNAL_ERROR; received from peer
[2026-07-07 22:33:32] [ERROR]   
[2026-07-07 22:33:32] [ERROR]   Use datasets download genome accession <command> --help for detailed help about a command.
[2026-07-07 22:33:32] [ERROR]   
[2026-07-07 22:33:32] [INFO] 已将异常或旧文件移入 trash：/data3/p252701008/refseq_genomes/contexts/refseq_RefSeq_include_all_refseq_shards_size_1000_268328763/dehydrated_links/zips/refseq_000446.zip.partial.20260707T121233Z.4191587 -> /data3/p252701008/refseq_genomes_runlogs/trash/failed_partial_zip.20260707T121233Z.4191587._data3_p252701008_refseq_genomes_contexts_refseq_RefSeq_include_all_refseq_shards_size_1000_268328763_dehydrated_links_zips_refseq_000446_zip_partial_20260707T121233Z_4191587
[2026-07-07 22:33:32] [INFO] datasets download refseq_000446 将在 30 秒后重试。
[2026-07-07 22:34:02] [INFO] datasets download refseq_000446：第 2/3 次尝试。日志：/data3/p252701008/refseq_genomes_runlogs/logs/refseq_RefSeq_include_all_refseq_shards_size_1000_268328763/datasets_download_refseq_000446_20260707T121233Z.4191587.log.attempt2
[2026-07-07 22:34:20] [INFO] dehydrated 链接包下载完成：/data3/p252701008/refseq_genomes/contexts/refseq_RefSeq_include_all_refseq_shards_size_1000_268328763/dehydrated_links/zips/refseq_000446.zip
[2026-07-07 22:34:20] [INFO] 可用磁盘空间：5919 GB；阈值：2000 GB；路径：/data3/p252701008/refseq_genomes/contexts/refseq_RefSeq_include_all_refseq_shards_size_1000_268328763/dehydrated_links/zips
[2026-07-07 22:34:20] [INFO] 开始下载 dehydrated 链接包：refseq_000447；accession 数：1000
[2026-07-07 22:34:20] [INFO] 命令：datasets download genome accession --inputfile /data3/p252701008/refseq_genomes_runlogs/shards/refseq_RefSeq_include_all_refseq_shards_size_1000_268328763/refseq_shards_size_1000/refseq_000447.txt --dehydrated --include all --assembly-source RefSeq --filename /data3/p252701008/refseq_genomes/contexts/refseq_RefSeq_include_all_refseq_shards_size_1000_268328763/dehydrated_links/zips/refseq_000447.zip.partial.20260707T121233Z.4191587 --no-progressbar
[2026-07-07 22:34:20] [INFO] datasets download refseq_000447：第 1/3 次尝试。日志：/data3/p252701008/refseq_genomes_runlogs/logs/refseq_RefSeq_include_all_refseq_shards_size_1000_268328763/datasets_download_refseq_000447_20260707T121233Z.4191587.log.attempt1
[2026-07-07 22:34:37] [INFO] dehydrated 链接包下载完成：/data3/p252701008/refseq_genomes/contexts/refseq_RefSeq_include_all_refseq_shards_size_1000_268328763/dehydrated_links/zips/refseq_000447.zip
[2026-07-07 22:34:37] [INFO] 可用磁盘空间：5919 GB；阈值：2000 GB；路径：/data3/p252701008/refseq_genomes/contexts/refseq_RefSeq_include_all_refseq_shards_size_1000_268328763/dehydrated_links/zips
[2026-07-07 22:34:37] [INFO] 开始下载 dehydrated 链接包：refseq_000448；accession 数：1000
[2026-07-07 22:34:37] [INFO] 命令：datasets download genome accession --inputfile /data3/p252701008/refseq_genomes_runlogs/shards/refseq_RefSeq_include_all_refseq_shards_size_1000_268328763/refseq_shards_size_1000/refseq_000448.txt --dehydrated --include all --assembly-source RefSeq --filename /data3/p252701008/refseq_genomes/contexts/refseq_RefSeq_include_all_refseq_shards_size_1000_268328763/dehydrated_links/zips/refseq_000448.zip.partial.20260707T121233Z.4191587 --no-progressbar
[2026-07-07 22:34:37] [INFO] datasets download refseq_000448：第 1/3 次尝试。日志：/data3/p252701008/refseq_genomes_runlogs/logs/refseq_RefSeq_include_all_refseq_shards_size_1000_268328763/datasets_download_refseq_000448_20260707T121233Z.4191587.log.attempt1
[2026-07-07 22:34:54] [INFO] dehydrated 链接包下载完成：/data3/p252701008/refseq_genomes/contexts/refseq_RefSeq_include_all_refseq_shards_size_1000_268328763/dehydrated_links/zips/refseq_000448.zip
[2026-07-07 22:34:54] [INFO] 可用磁盘空间：5919 GB；阈值：2000 GB；路径：/data3/p252701008/refseq_genomes/contexts/refseq_RefSeq_include_all_refseq_shards_size_1000_268328763/dehydrated_links/zips
[2026-07-07 22:34:54] [INFO] 开始下载 dehydrated 链接包：refseq_000449；accession 数：1000
[2026-07-07 22:34:54] [INFO] 命令：datasets download genome accession --inputfile /data3/p252701008/refseq_genomes_runlogs/shards/refseq_RefSeq_include_all_refseq_shards_size_1000_268328763/refseq_shards_size_1000/refseq_000449.txt --dehydrated --include all --assembly-source RefSeq --filename /data3/p252701008/refseq_genomes/contexts/refseq_RefSeq_include_all_refseq_shards_size_1000_268328763/dehydrated_links/zips/refseq_000449.zip.partial.20260707T121233Z.4191587 --no-progressbar
[2026-07-07 22:34:54] [INFO] datasets download refseq_000449：第 1/3 次尝试。日志：/data3/p252701008/refseq_genomes_runlogs/logs/refseq_RefSeq_include_all_refseq_shards_size_1000_268328763/datasets_download_refseq_000449_20260707T121233Z.4191587.log.attempt1
[2026-07-07 22:35:11] [INFO] dehydrated 链接包下载完成：/data3/p252701008/refseq_genomes/contexts/refseq_RefSeq_include_all_refseq_shards_size_1000_268328763/dehydrated_links/zips/refseq_000449.zip
[2026-07-07 22:35:12] [INFO] 可用磁盘空间：5919 GB；阈值：2000 GB；路径：/data3/p252701008/refseq_genomes/contexts/refseq_RefSeq_include_all_refseq_shards_size_1000_268328763/dehydrated_links/zips
[2026-07-07 22:35:12] [INFO] 开始下载 dehydrated 链接包：refseq_000450；accession 数：1000
[2026-07-07 22:35:12] [INFO] 命令：datasets download genome accession --inputfile /data3/p252701008/refseq_genomes_runlogs/shards/refseq_RefSeq_include_all_refseq_shards_size_1000_268328763/refseq_shards_size_1000/refseq_000450.txt --dehydrated --include all --assembly-source RefSeq --filename /data3/p252701008/refseq_genomes/contexts/refseq_RefSeq_include_all_refseq_shards_size_1000_268328763/dehydrated_links/zips/refseq_000450.zip.partial.20260707T121233Z.4191587 --no-progressbar
[2026-07-07 22:35:12] [INFO] datasets download refseq_000450：第 1/3 次尝试。日志：/data3/p252701008/refseq_genomes_runlogs/logs/refseq_RefSeq_include_all_refseq_shards_size_1000_268328763/datasets_download_refseq_000450_20260707T121233Z.4191587.log.attempt1
[2026-07-07 22:35:29] [INFO] dehydrated 链接包下载完成：/data3/p252701008/refseq_genomes/contexts/refseq_RefSeq_include_all_refseq_shards_size_1000_268328763/dehydrated_links/zips/refseq_000450.zip
[2026-07-07 22:35:29] [INFO] 可用磁盘空间：5919 GB；阈值：2000 GB；路径：/data3/p252701008/refseq_genomes/contexts/refseq_RefSeq_include_all_refseq_shards_size_1000_268328763/dehydrated_links/zips
[2026-07-07 22:35:29] [INFO] 开始下载 dehydrated 链接包：refseq_000451；accession 数：1000
[2026-07-07 22:35:29] [INFO] 命令：datasets download genome accession --inputfile /data3/p252701008/refseq_genomes_runlogs/shards/refseq_RefSeq_include_all_refseq_shards_size_1000_268328763/refseq_shards_size_1000/refseq_000451.txt --dehydrated --include all --assembly-source RefSeq --filename /data3/p252701008/refseq_genomes/contexts/refseq_RefSeq_include_all_refseq_shards_size_1000_268328763/dehydrated_links/zips/refseq_000451.zip.partial.20260707T121233Z.4191587 --no-progressbar
[2026-07-07 22:35:29] [INFO] datasets download refseq_000451：第 1/3 次尝试。日志：/data3/p252701008/refseq_genomes_runlogs/logs/refseq_RefSeq_include_all_refseq_shards_size_1000_268328763/datasets_download_refseq_000451_20260707T121233Z.4191587.log.attempt1
[2026-07-07 22:35:47] [INFO] dehydrated 链接包下载完成：/data3/p252701008/refseq_genomes/contexts/refseq_RefSeq_include_all_refseq_shards_size_1000_268328763/dehydrated_links/zips/refseq_000451.zip
[2026-07-07 22:35:47] [INFO] 可用磁盘空间：5919 GB；阈值：2000 GB；路径：/data3/p252701008/refseq_genomes/contexts/refseq_RefSeq_include_all_refseq_shards_size_1000_268328763/dehydrated_links/zips
[2026-07-07 22:35:47] [INFO] 开始下载 dehydrated 链接包：refseq_000452；accession 数：1000
[2026-07-07 22:35:47] [INFO] 命令：datasets download genome accession --inputfile /data3/p252701008/refseq_genomes_runlogs/shards/refseq_RefSeq_include_all_refseq_shards_size_1000_268328763/refseq_shards_size_1000/refseq_000452.txt --dehydrated --include all --assembly-source RefSeq --filename /data3/p252701008/refseq_genomes/contexts/refseq_RefSeq_include_all_refseq_shards_size_1000_268328763/dehydrated_links/zips/refseq_000452.zip.partial.20260707T121233Z.4191587 --no-progressbar
[2026-07-07 22:35:47] [INFO] datasets download refseq_000452：第 1/3 次尝试。日志：/data3/p252701008/refseq_genomes_runlogs/logs/refseq_RefSeq_include_all_refseq_shards_size_1000_268328763/datasets_download_refseq_000452_20260707T121233Z.4191587.log.attempt1
[2026-07-07 22:36:05] [INFO] dehydrated 链接包下载完成：/data3/p252701008/refseq_genomes/contexts/refseq_RefSeq_include_all_refseq_shards_size_1000_268328763/dehydrated_links/zips/refseq_000452.zip
[2026-07-07 22:36:05] [INFO] 可用磁盘空间：5919 GB；阈值：2000 GB；路径：/data3/p252701008/refseq_genomes/contexts/refseq_RefSeq_include_all_refseq_shards_size_1000_268328763/dehydrated_links/zips
[2026-07-07 22:36:05] [INFO] 开始下载 dehydrated 链接包：refseq_000453；accession 数：1000
[2026-07-07 22:36:05] [INFO] 命令：datasets download genome accession --inputfile /data3/p252701008/refseq_genomes_runlogs/shards/refseq_RefSeq_include_all_refseq_shards_size_1000_268328763/refseq_shards_size_1000/refseq_000453.txt --dehydrated --include all --assembly-source RefSeq --filename /data3/p252701008/refseq_genomes/contexts/refseq_RefSeq_include_all_refseq_shards_size_1000_268328763/dehydrated_links/zips/refseq_000453.zip.partial.20260707T121233Z.4191587 --no-progressbar
[2026-07-07 22:36:05] [INFO] datasets download refseq_000453：第 1/3 次尝试。日志：/data3/p252701008/refseq_genomes_runlogs/logs/refseq_RefSeq_include_all_refseq_shards_size_1000_268328763/datasets_download_refseq_000453_20260707T121233Z.4191587.log.attempt1
[2026-07-07 22:36:25] [INFO] dehydrated 链接包下载完成：/data3/p252701008/refseq_genomes/contexts/refseq_RefSeq_include_all_refseq_shards_size_1000_268328763/dehydrated_links/zips/refseq_000453.zip
[2026-07-07 22:36:25] [INFO] 可用磁盘空间：5919 GB；阈值：2000 GB；路径：/data3/p252701008/refseq_genomes/contexts/refseq_RefSeq_include_all_refseq_shards_size_1000_268328763/dehydrated_links/zips
[2026-07-07 22:36:25] [INFO] 开始下载 dehydrated 链接包：refseq_000454；accession 数：1000
[2026-07-07 22:36:25] [INFO] 命令：datasets download genome accession --inputfile /data3/p252701008/refseq_genomes_runlogs/shards/refseq_RefSeq_include_all_refseq_shards_size_1000_268328763/refseq_shards_size_1000/refseq_000454.txt --dehydrated --include all --assembly-source RefSeq --filename /data3/p252701008/refseq_genomes/contexts/refseq_RefSeq_include_all_refseq_shards_size_1000_268328763/dehydrated_links/zips/refseq_000454.zip.partial.20260707T121233Z.4191587 --no-progressbar
[2026-07-07 22:36:25] [INFO] datasets download refseq_000454：第 1/3 次尝试。日志：/data3/p252701008/refseq_genomes_runlogs/logs/refseq_RefSeq_include_all_refseq_shards_size_1000_268328763/datasets_download_refseq_000454_20260707T121233Z.4191587.log.attempt1
[2026-07-07 22:36:43] [INFO] dehydrated 链接包下载完成：/data3/p252701008/refseq_genomes/contexts/refseq_RefSeq_include_all_refseq_shards_size_1000_268328763/dehydrated_links/zips/refseq_000454.zip
[2026-07-07 22:36:43] [INFO] 可用磁盘空间：5919 GB；阈值：2000 GB；路径：/data3/p252701008/refseq_genomes/contexts/refseq_RefSeq_include_all_refseq_shards_size_1000_268328763/dehydrated_links/zips
[2026-07-07 22:36:43] [INFO] 开始下载 dehydrated 链接包：refseq_000455；accession 数：1000
[2026-07-07 22:36:43] [INFO] 命令：datasets download genome accession --inputfile /data3/p252701008/refseq_genomes_runlogs/shards/refseq_RefSeq_include_all_refseq_shards_size_1000_268328763/refseq_shards_size_1000/refseq_000455.txt --dehydrated --include all --assembly-source RefSeq --filename /data3/p252701008/refseq_genomes/contexts/refseq_RefSeq_include_all_refseq_shards_size_1000_268328763/dehydrated_links/zips/refseq_000455.zip.partial.20260707T121233Z.4191587 --no-progressbar
[2026-07-07 22:36:43] [INFO] datasets download refseq_000455：第 1/3 次尝试。日志：/data3/p252701008/refseq_genomes_runlogs/logs/refseq_RefSeq_include_all_refseq_shards_size_1000_268328763/datasets_download_refseq_000455_20260707T121233Z.4191587.log.attempt1
[2026-07-07 22:37:03] [INFO] dehydrated 链接包下载完成：/data3/p252701008/refseq_genomes/contexts/refseq_RefSeq_include_all_refseq_shards_size_1000_268328763/dehydrated_links/zips/refseq_000455.zip
[2026-07-07 22:37:03] [INFO] 可用磁盘空间：5919 GB；阈值：2000 GB；路径：/data3/p252701008/refseq_genomes/contexts/refseq_RefSeq_include_all_refseq_shards_size_1000_268328763/dehydrated_links/zips
[2026-07-07 22:37:03] [INFO] 开始下载 dehydrated 链接包：refseq_000456；accession 数：1000
[2026-07-07 22:37:03] [INFO] 命令：datasets download genome accession --inputfile /data3/p252701008/refseq_genomes_runlogs/shards/refseq_RefSeq_include_all_refseq_shards_size_1000_268328763/refseq_shards_size_1000/refseq_000456.txt --dehydrated --include all --assembly-source RefSeq --filename /data3/p252701008/refseq_genomes/contexts/refseq_RefSeq_include_all_refseq_shards_size_1000_268328763/dehydrated_links/zips/refseq_000456.zip.partial.20260707T121233Z.4191587 --no-progressbar
[2026-07-07 22:37:03] [INFO] datasets download refseq_000456：第 1/3 次尝试。日志：/data3/p252701008/refseq_genomes_runlogs/logs/refseq_RefSeq_include_all_refseq_shards_size_1000_268328763/datasets_download_refseq_000456_20260707T121233Z.4191587.log.attempt1
[2026-07-07 22:37:23] [INFO] dehydrated 链接包下载完成：/data3/p252701008/refseq_genomes/contexts/refseq_RefSeq_include_all_refseq_shards_size_1000_268328763/dehydrated_links/zips/refseq_000456.zip
[2026-07-07 22:37:23] [INFO] 可用磁盘空间：5919 GB；阈值：2000 GB；路径：/data3/p252701008/refseq_genomes/contexts/refseq_RefSeq_include_all_refseq_shards_size_1000_268328763/dehydrated_links/zips
[2026-07-07 22:37:23] [INFO] 开始下载 dehydrated 链接包：refseq_000457；accession 数：1000
[2026-07-07 22:37:23] [INFO] 命令：datasets download genome accession --inputfile /data3/p252701008/refseq_genomes_runlogs/shards/refseq_RefSeq_include_all_refseq_shards_size_1000_268328763/refseq_shards_size_1000/refseq_000457.txt --dehydrated --include all --assembly-source RefSeq --filename /data3/p252701008/refseq_genomes/contexts/refseq_RefSeq_include_all_refseq_shards_size_1000_268328763/dehydrated_links/zips/refseq_000457.zip.partial.20260707T121233Z.4191587 --no-progressbar
[2026-07-07 22:37:23] [INFO] datasets download refseq_000457：第 1/3 次尝试。日志：/data3/p252701008/refseq_genomes_runlogs/logs/refseq_RefSeq_include_all_refseq_shards_size_1000_268328763/datasets_download_refseq_000457_20260707T121233Z.4191587.log.attempt1
[2026-07-07 22:37:40] [INFO] dehydrated 链接包下载完成：/data3/p252701008/refseq_genomes/contexts/refseq_RefSeq_include_all_refseq_shards_size_1000_268328763/dehydrated_links/zips/refseq_000457.zip
[2026-07-07 22:37:40] [INFO] 可用磁盘空间：5919 GB；阈值：2000 GB；路径：/data3/p252701008/refseq_genomes/contexts/refseq_RefSeq_include_all_refseq_shards_size_1000_268328763/dehydrated_links/zips
[2026-07-07 22:37:40] [INFO] 开始下载 dehydrated 链接包：refseq_000458；accession 数：1000
[2026-07-07 22:37:40] [INFO] 命令：datasets download genome accession --inputfile /data3/p252701008/refseq_genomes_runlogs/shards/refseq_RefSeq_include_all_refseq_shards_size_1000_268328763/refseq_shards_size_1000/refseq_000458.txt --dehydrated --include all --assembly-source RefSeq --filename /data3/p252701008/refseq_genomes/contexts/refseq_RefSeq_include_all_refseq_shards_size_1000_268328763/dehydrated_links/zips/refseq_000458.zip.partial.20260707T121233Z.4191587 --no-progressbar
[2026-07-07 22:37:40] [INFO] datasets download refseq_000458：第 1/3 次尝试。日志：/data3/p252701008/refseq_genomes_runlogs/logs/refseq_RefSeq_include_all_refseq_shards_size_1000_268328763/datasets_download_refseq_000458_20260707T121233Z.4191587.log.attempt1
[2026-07-07 22:37:58] [INFO] dehydrated 链接包下载完成：/data3/p252701008/refseq_genomes/contexts/refseq_RefSeq_include_all_refseq_shards_size_1000_268328763/dehydrated_links/zips/refseq_000458.zip
[2026-07-07 22:37:58] [INFO] 可用磁盘空间：5919 GB；阈值：2000 GB；路径：/data3/p252701008/refseq_genomes/contexts/refseq_RefSeq_include_all_refseq_shards_size_1000_268328763/dehydrated_links/zips
[2026-07-07 22:37:58] [INFO] 开始下载 dehydrated 链接包：refseq_000459；accession 数：1000
[2026-07-07 22:37:58] [INFO] 命令：datasets download genome accession --inputfile /data3/p252701008/refseq_genomes_runlogs/shards/refseq_RefSeq_include_all_refseq_shards_size_1000_268328763/refseq_shards_size_1000/refseq_000459.txt --dehydrated --include all --assembly-source RefSeq --filename /data3/p252701008/refseq_genomes/contexts/refseq_RefSeq_include_all_refseq_shards_size_1000_268328763/dehydrated_links/zips/refseq_000459.zip.partial.20260707T121233Z.4191587 --no-progressbar
[2026-07-07 22:37:58] [INFO] datasets download refseq_000459：第 1/3 次尝试。日志：/data3/p252701008/refseq_genomes_runlogs/logs/refseq_RefSeq_include_all_refseq_shards_size_1000_268328763/datasets_download_refseq_000459_20260707T121233Z.4191587.log.attempt1
[2026-07-07 22:38:17] [INFO] dehydrated 链接包下载完成：/data3/p252701008/refseq_genomes/contexts/refseq_RefSeq_include_all_refseq_shards_size_1000_268328763/dehydrated_links/zips/refseq_000459.zip
[2026-07-07 22:38:17] [INFO] 可用磁盘空间：5919 GB；阈值：2000 GB；路径：/data3/p252701008/refseq_genomes/contexts/refseq_RefSeq_include_all_refseq_shards_size_1000_268328763/dehydrated_links/zips
[2026-07-07 22:38:17] [INFO] 开始下载 dehydrated 链接包：refseq_000460；accession 数：1000
[2026-07-07 22:38:17] [INFO] 命令：datasets download genome accession --inputfile /data3/p252701008/refseq_genomes_runlogs/shards/refseq_RefSeq_include_all_refseq_shards_size_1000_268328763/refseq_shards_size_1000/refseq_000460.txt --dehydrated --include all --assembly-source RefSeq --filename /data3/p252701008/refseq_genomes/contexts/refseq_RefSeq_include_all_refseq_shards_size_1000_268328763/dehydrated_links/zips/refseq_000460.zip.partial.20260707T121233Z.4191587 --no-progressbar
[2026-07-07 22:38:17] [INFO] datasets download refseq_000460：第 1/3 次尝试。日志：/data3/p252701008/refseq_genomes_runlogs/logs/refseq_RefSeq_include_all_refseq_shards_size_1000_268328763/datasets_download_refseq_000460_20260707T121233Z.4191587.log.attempt1
[2026-07-07 22:38:35] [INFO] dehydrated 链接包下载完成：/data3/p252701008/refseq_genomes/contexts/refseq_RefSeq_include_all_refseq_shards_size_1000_268328763/dehydrated_links/zips/refseq_000460.zip
[2026-07-07 22:38:35] [INFO] 可用磁盘空间：5919 GB；阈值：2000 GB；路径：/data3/p252701008/refseq_genomes/contexts/refseq_RefSeq_include_all_refseq_shards_size_1000_268328763/dehydrated_links/zips
[2026-07-07 22:38:35] [INFO] 开始下载 dehydrated 链接包：refseq_000461；accession 数：1000
[2026-07-07 22:38:35] [INFO] 命令：datasets download genome accession --inputfile /data3/p252701008/refseq_genomes_runlogs/shards/refseq_RefSeq_include_all_refseq_shards_size_1000_268328763/refseq_shards_size_1000/refseq_000461.txt --dehydrated --include all --assembly-source RefSeq --filename /data3/p252701008/refseq_genomes/contexts/refseq_RefSeq_include_all_refseq_shards_size_1000_268328763/dehydrated_links/zips/refseq_000461.zip.partial.20260707T121233Z.4191587 --no-progressbar
[2026-07-07 22:38:35] [INFO] datasets download refseq_000461：第 1/3 次尝试。日志：/data3/p252701008/refseq_genomes_runlogs/logs/refseq_RefSeq_include_all_refseq_shards_size_1000_268328763/datasets_download_refseq_000461_20260707T121233Z.4191587.log.attempt1
[2026-07-07 22:38:52] [INFO] dehydrated 链接包下载完成：/data3/p252701008/refseq_genomes/contexts/refseq_RefSeq_include_all_refseq_shards_size_1000_268328763/dehydrated_links/zips/refseq_000461.zip
[2026-07-07 22:38:52] [INFO] 可用磁盘空间：5919 GB；阈值：2000 GB；路径：/data3/p252701008/refseq_genomes/contexts/refseq_RefSeq_include_all_refseq_shards_size_1000_268328763/dehydrated_links/zips
[2026-07-07 22:38:52] [INFO] 开始下载 dehydrated 链接包：refseq_000462；accession 数：1000
[2026-07-07 22:38:52] [INFO] 命令：datasets download genome accession --inputfile /data3/p252701008/refseq_genomes_runlogs/shards/refseq_RefSeq_include_all_refseq_shards_size_1000_268328763/refseq_shards_size_1000/refseq_000462.txt --dehydrated --include all --assembly-source RefSeq --filename /data3/p252701008/refseq_genomes/contexts/refseq_RefSeq_include_all_refseq_shards_size_1000_268328763/dehydrated_links/zips/refseq_000462.zip.partial.20260707T121233Z.4191587 --no-progressbar
[2026-07-07 22:38:52] [INFO] datasets download refseq_000462：第 1/3 次尝试。日志：/data3/p252701008/refseq_genomes_runlogs/logs/refseq_RefSeq_include_all_refseq_shards_size_1000_268328763/datasets_download_refseq_000462_20260707T121233Z.4191587.log.attempt1
[2026-07-07 22:39:11] [INFO] dehydrated 链接包下载完成：/data3/p252701008/refseq_genomes/contexts/refseq_RefSeq_include_all_refseq_shards_size_1000_268328763/dehydrated_links/zips/refseq_000462.zip
[2026-07-07 22:39:11] [INFO] 可用磁盘空间：5919 GB；阈值：2000 GB；路径：/data3/p252701008/refseq_genomes/contexts/refseq_RefSeq_include_all_refseq_shards_size_1000_268328763/dehydrated_links/zips
[2026-07-07 22:39:11] [INFO] 开始下载 dehydrated 链接包：refseq_000463；accession 数：1000
[2026-07-07 22:39:11] [INFO] 命令：datasets download genome accession --inputfile /data3/p252701008/refseq_genomes_runlogs/shards/refseq_RefSeq_include_all_refseq_shards_size_1000_268328763/refseq_shards_size_1000/refseq_000463.txt --dehydrated --include all --assembly-source RefSeq --filename /data3/p252701008/refseq_genomes/contexts/refseq_RefSeq_include_all_refseq_shards_size_1000_268328763/dehydrated_links/zips/refseq_000463.zip.partial.20260707T121233Z.4191587 --no-progressbar
[2026-07-07 22:39:11] [INFO] datasets download refseq_000463：第 1/3 次尝试。日志：/data3/p252701008/refseq_genomes_runlogs/logs/refseq_RefSeq_include_all_refseq_shards_size_1000_268328763/datasets_download_refseq_000463_20260707T121233Z.4191587.log.attempt1
[2026-07-07 22:39:32] [INFO] dehydrated 链接包下载完成：/data3/p252701008/refseq_genomes/contexts/refseq_RefSeq_include_all_refseq_shards_size_1000_268328763/dehydrated_links/zips/refseq_000463.zip
[2026-07-07 22:39:32] [INFO] 可用磁盘空间：5919 GB；阈值：2000 GB；路径：/data3/p252701008/refseq_genomes/contexts/refseq_RefSeq_include_all_refseq_shards_size_1000_268328763/dehydrated_links/zips
[2026-07-07 22:39:32] [INFO] 开始下载 dehydrated 链接包：refseq_000464；accession 数：1000
[2026-07-07 22:39:32] [INFO] 命令：datasets download genome accession --inputfile /data3/p252701008/refseq_genomes_runlogs/shards/refseq_RefSeq_include_all_refseq_shards_size_1000_268328763/refseq_shards_size_1000/refseq_000464.txt --dehydrated --include all --assembly-source RefSeq --filename /data3/p252701008/refseq_genomes/contexts/refseq_RefSeq_include_all_refseq_shards_size_1000_268328763/dehydrated_links/zips/refseq_000464.zip.partial.20260707T121233Z.4191587 --no-progressbar
[2026-07-07 22:39:32] [INFO] datasets download refseq_000464：第 1/3 次尝试。日志：/data3/p252701008/refseq_genomes_runlogs/logs/refseq_RefSeq_include_all_refseq_shards_size_1000_268328763/datasets_download_refseq_000464_20260707T121233Z.4191587.log.attempt1
[2026-07-07 22:39:51] [INFO] dehydrated 链接包下载完成：/data3/p252701008/refseq_genomes/contexts/refseq_RefSeq_include_all_refseq_shards_size_1000_268328763/dehydrated_links/zips/refseq_000464.zip
[2026-07-07 22:39:51] [INFO] 可用磁盘空间：5919 GB；阈值：2000 GB；路径：/data3/p252701008/refseq_genomes/contexts/refseq_RefSeq_include_all_refseq_shards_size_1000_268328763/dehydrated_links/zips
[2026-07-07 22:39:51] [INFO] 开始下载 dehydrated 链接包：refseq_000465；accession 数：1000
[2026-07-07 22:39:51] [INFO] 命令：datasets download genome accession --inputfile /data3/p252701008/refseq_genomes_runlogs/shards/refseq_RefSeq_include_all_refseq_shards_size_1000_268328763/refseq_shards_size_1000/refseq_000465.txt --dehydrated --include all --assembly-source RefSeq --filename /data3/p252701008/refseq_genomes/contexts/refseq_RefSeq_include_all_refseq_shards_size_1000_268328763/dehydrated_links/zips/refseq_000465.zip.partial.20260707T121233Z.4191587 --no-progressbar
[2026-07-07 22:39:51] [INFO] datasets download refseq_000465：第 1/3 次尝试。日志：/data3/p252701008/refseq_genomes_runlogs/logs/refseq_RefSeq_include_all_refseq_shards_size_1000_268328763/datasets_download_refseq_000465_20260707T121233Z.4191587.log.attempt1
[2026-07-07 22:40:10] [INFO] dehydrated 链接包下载完成：/data3/p252701008/refseq_genomes/contexts/refseq_RefSeq_include_all_refseq_shards_size_1000_268328763/dehydrated_links/zips/refseq_000465.zip
[2026-07-07 22:40:10] [INFO] 可用磁盘空间：5919 GB；阈值：2000 GB；路径：/data3/p252701008/refseq_genomes/contexts/refseq_RefSeq_include_all_refseq_shards_size_1000_268328763/dehydrated_links/zips
[2026-07-07 22:40:10] [INFO] 开始下载 dehydrated 链接包：refseq_000466；accession 数：1000
[2026-07-07 22:40:10] [INFO] 命令：datasets download genome accession --inputfile /data3/p252701008/refseq_genomes_runlogs/shards/refseq_RefSeq_include_all_refseq_shards_size_1000_268328763/refseq_shards_size_1000/refseq_000466.txt --dehydrated --include all --assembly-source RefSeq --filename /data3/p252701008/refseq_genomes/contexts/refseq_RefSeq_include_all_refseq_shards_size_1000_268328763/dehydrated_links/zips/refseq_000466.zip.partial.20260707T121233Z.4191587 --no-progressbar
[2026-07-07 22:40:10] [INFO] datasets download refseq_000466：第 1/3 次尝试。日志：/data3/p252701008/refseq_genomes_runlogs/logs/refseq_RefSeq_include_all_refseq_shards_size_1000_268328763/datasets_download_refseq_000466_20260707T121233Z.4191587.log.attempt1
[2026-07-07 22:40:33] [INFO] dehydrated 链接包下载完成：/data3/p252701008/refseq_genomes/contexts/refseq_RefSeq_include_all_refseq_shards_size_1000_268328763/dehydrated_links/zips/refseq_000466.zip
[2026-07-07 22:40:33] [INFO] 可用磁盘空间：5919 GB；阈值：2000 GB；路径：/data3/p252701008/refseq_genomes/contexts/refseq_RefSeq_include_all_refseq_shards_size_1000_268328763/dehydrated_links/zips
[2026-07-07 22:40:33] [INFO] 开始下载 dehydrated 链接包：refseq_000467；accession 数：1000
[2026-07-07 22:40:33] [INFO] 命令：datasets download genome accession --inputfile /data3/p252701008/refseq_genomes_runlogs/shards/refseq_RefSeq_include_all_refseq_shards_size_1000_268328763/refseq_shards_size_1000/refseq_000467.txt --dehydrated --include all --assembly-source RefSeq --filename /data3/p252701008/refseq_genomes/contexts/refseq_RefSeq_include_all_refseq_shards_size_1000_268328763/dehydrated_links/zips/refseq_000467.zip.partial.20260707T121233Z.4191587 --no-progressbar
[2026-07-07 22:40:33] [INFO] datasets download refseq_000467：第 1/3 次尝试。日志：/data3/p252701008/refseq_genomes_runlogs/logs/refseq_RefSeq_include_all_refseq_shards_size_1000_268328763/datasets_download_refseq_000467_20260707T121233Z.4191587.log.attempt1
[2026-07-07 22:40:52] [INFO] dehydrated 链接包下载完成：/data3/p252701008/refseq_genomes/contexts/refseq_RefSeq_include_all_refseq_shards_size_1000_268328763/dehydrated_links/zips/refseq_000467.zip
[2026-07-07 22:40:52] [INFO] 可用磁盘空间：5919 GB；阈值：2000 GB；路径：/data3/p252701008/refseq_genomes/contexts/refseq_RefSeq_include_all_refseq_shards_size_1000_268328763/dehydrated_links/zips
[2026-07-07 22:40:52] [INFO] 开始下载 dehydrated 链接包：refseq_000468；accession 数：1000
[2026-07-07 22:40:52] [INFO] 命令：datasets download genome accession --inputfile /data3/p252701008/refseq_genomes_runlogs/shards/refseq_RefSeq_include_all_refseq_shards_size_1000_268328763/refseq_shards_size_1000/refseq_000468.txt --dehydrated --include all --assembly-source RefSeq --filename /data3/p252701008/refseq_genomes/contexts/refseq_RefSeq_include_all_refseq_shards_size_1000_268328763/dehydrated_links/zips/refseq_000468.zip.partial.20260707T121233Z.4191587 --no-progressbar
[2026-07-07 22:40:52] [INFO] datasets download refseq_000468：第 1/3 次尝试。日志：/data3/p252701008/refseq_genomes_runlogs/logs/refseq_RefSeq_include_all_refseq_shards_size_1000_268328763/datasets_download_refseq_000468_20260707T121233Z.4191587.log.attempt1
[2026-07-07 22:41:10] [INFO] dehydrated 链接包下载完成：/data3/p252701008/refseq_genomes/contexts/refseq_RefSeq_include_all_refseq_shards_size_1000_268328763/dehydrated_links/zips/refseq_000468.zip
[2026-07-07 22:41:10] [INFO] 可用磁盘空间：5919 GB；阈值：2000 GB；路径：/data3/p252701008/refseq_genomes/contexts/refseq_RefSeq_include_all_refseq_shards_size_1000_268328763/dehydrated_links/zips
[2026-07-07 22:41:10] [INFO] 开始下载 dehydrated 链接包：refseq_000469；accession 数：1000
[2026-07-07 22:41:10] [INFO] 命令：datasets download genome accession --inputfile /data3/p252701008/refseq_genomes_runlogs/shards/refseq_RefSeq_include_all_refseq_shards_size_1000_268328763/refseq_shards_size_1000/refseq_000469.txt --dehydrated --include all --assembly-source RefSeq --filename /data3/p252701008/refseq_genomes/contexts/refseq_RefSeq_include_all_refseq_shards_size_1000_268328763/dehydrated_links/zips/refseq_000469.zip.partial.20260707T121233Z.4191587 --no-progressbar
[2026-07-07 22:41:10] [INFO] datasets download refseq_000469：第 1/3 次尝试。日志：/data3/p252701008/refseq_genomes_runlogs/logs/refseq_RefSeq_include_all_refseq_shards_size_1000_268328763/datasets_download_refseq_000469_20260707T121233Z.4191587.log.attempt1
[2026-07-07 22:41:28] [INFO] dehydrated 链接包下载完成：/data3/p252701008/refseq_genomes/contexts/refseq_RefSeq_include_all_refseq_shards_size_1000_268328763/dehydrated_links/zips/refseq_000469.zip
[2026-07-07 22:41:28] [INFO] 可用磁盘空间：5919 GB；阈值：2000 GB；路径：/data3/p252701008/refseq_genomes/contexts/refseq_RefSeq_include_all_refseq_shards_size_1000_268328763/dehydrated_links/zips
[2026-07-07 22:41:28] [INFO] 开始下载 dehydrated 链接包：refseq_000470；accession 数：1000
[2026-07-07 22:41:28] [INFO] 命令：datasets download genome accession --inputfile /data3/p252701008/refseq_genomes_runlogs/shards/refseq_RefSeq_include_all_refseq_shards_size_1000_268328763/refseq_shards_size_1000/refseq_000470.txt --dehydrated --include all --assembly-source RefSeq --filename /data3/p252701008/refseq_genomes/contexts/refseq_RefSeq_include_all_refseq_shards_size_1000_268328763/dehydrated_links/zips/refseq_000470.zip.partial.20260707T121233Z.4191587 --no-progressbar
[2026-07-07 22:41:28] [INFO] datasets download refseq_000470：第 1/3 次尝试。日志：/data3/p252701008/refseq_genomes_runlogs/logs/refseq_RefSeq_include_all_refseq_shards_size_1000_268328763/datasets_download_refseq_000470_20260707T121233Z.4191587.log.attempt1
[2026-07-07 22:41:45] [INFO] dehydrated 链接包下载完成：/data3/p252701008/refseq_genomes/contexts/refseq_RefSeq_include_all_refseq_shards_size_1000_268328763/dehydrated_links/zips/refseq_000470.zip
[2026-07-07 22:41:46] [INFO] 可用磁盘空间：5919 GB；阈值：2000 GB；路径：/data3/p252701008/refseq_genomes/contexts/refseq_RefSeq_include_all_refseq_shards_size_1000_268328763/dehydrated_links/zips
[2026-07-07 22:41:46] [INFO] 开始下载 dehydrated 链接包：refseq_000471；accession 数：1000
[2026-07-07 22:41:46] [INFO] 命令：datasets download genome accession --inputfile /data3/p252701008/refseq_genomes_runlogs/shards/refseq_RefSeq_include_all_refseq_shards_size_1000_268328763/refseq_shards_size_1000/refseq_000471.txt --dehydrated --include all --assembly-source RefSeq --filename /data3/p252701008/refseq_genomes/contexts/refseq_RefSeq_include_all_refseq_shards_size_1000_268328763/dehydrated_links/zips/refseq_000471.zip.partial.20260707T121233Z.4191587 --no-progressbar
[2026-07-07 22:41:46] [INFO] datasets download refseq_000471：第 1/3 次尝试。日志：/data3/p252701008/refseq_genomes_runlogs/logs/refseq_RefSeq_include_all_refseq_shards_size_1000_268328763/datasets_download_refseq_000471_20260707T121233Z.4191587.log.attempt1
[2026-07-07 22:42:02] [INFO] dehydrated 链接包下载完成：/data3/p252701008/refseq_genomes/contexts/refseq_RefSeq_include_all_refseq_shards_size_1000_268328763/dehydrated_links/zips/refseq_000471.zip
[2026-07-07 22:42:02] [INFO] 可用磁盘空间：5919 GB；阈值：2000 GB；路径：/data3/p252701008/refseq_genomes/contexts/refseq_RefSeq_include_all_refseq_shards_size_1000_268328763/dehydrated_links/zips
[2026-07-07 22:42:02] [INFO] 开始下载 dehydrated 链接包：refseq_000472；accession 数：1000
[2026-07-07 22:42:02] [INFO] 命令：datasets download genome accession --inputfile /data3/p252701008/refseq_genomes_runlogs/shards/refseq_RefSeq_include_all_refseq_shards_size_1000_268328763/refseq_shards_size_1000/refseq_000472.txt --dehydrated --include all --assembly-source RefSeq --filename /data3/p252701008/refseq_genomes/contexts/refseq_RefSeq_include_all_refseq_shards_size_1000_268328763/dehydrated_links/zips/refseq_000472.zip.partial.20260707T121233Z.4191587 --no-progressbar
[2026-07-07 22:42:02] [INFO] datasets download refseq_000472：第 1/3 次尝试。日志：/data3/p252701008/refseq_genomes_runlogs/logs/refseq_RefSeq_include_all_refseq_shards_size_1000_268328763/datasets_download_refseq_000472_20260707T121233Z.4191587.log.attempt1
[2026-07-07 22:42:20] [INFO] dehydrated 链接包下载完成：/data3/p252701008/refseq_genomes/contexts/refseq_RefSeq_include_all_refseq_shards_size_1000_268328763/dehydrated_links/zips/refseq_000472.zip
[2026-07-07 22:42:20] [INFO] 可用磁盘空间：5919 GB；阈值：2000 GB；路径：/data3/p252701008/refseq_genomes/contexts/refseq_RefSeq_include_all_refseq_shards_size_1000_268328763/dehydrated_links/zips
[2026-07-07 22:42:20] [INFO] 开始下载 dehydrated 链接包：refseq_000473；accession 数：1000
[2026-07-07 22:42:20] [INFO] 命令：datasets download genome accession --inputfile /data3/p252701008/refseq_genomes_runlogs/shards/refseq_RefSeq_include_all_refseq_shards_size_1000_268328763/refseq_shards_size_1000/refseq_000473.txt --dehydrated --include all --assembly-source RefSeq --filename /data3/p252701008/refseq_genomes/contexts/refseq_RefSeq_include_all_refseq_shards_size_1000_268328763/dehydrated_links/zips/refseq_000473.zip.partial.20260707T121233Z.4191587 --no-progressbar
[2026-07-07 22:42:20] [INFO] datasets download refseq_000473：第 1/3 次尝试。日志：/data3/p252701008/refseq_genomes_runlogs/logs/refseq_RefSeq_include_all_refseq_shards_size_1000_268328763/datasets_download_refseq_000473_20260707T121233Z.4191587.log.attempt1
[2026-07-07 22:42:37] [INFO] dehydrated 链接包下载完成：/data3/p252701008/refseq_genomes/contexts/refseq_RefSeq_include_all_refseq_shards_size_1000_268328763/dehydrated_links/zips/refseq_000473.zip
[2026-07-07 22:42:37] [INFO] 可用磁盘空间：5919 GB；阈值：2000 GB；路径：/data3/p252701008/refseq_genomes/contexts/refseq_RefSeq_include_all_refseq_shards_size_1000_268328763/dehydrated_links/zips
[2026-07-07 22:42:37] [INFO] 开始下载 dehydrated 链接包：refseq_000474；accession 数：1000
[2026-07-07 22:42:37] [INFO] 命令：datasets download genome accession --inputfile /data3/p252701008/refseq_genomes_runlogs/shards/refseq_RefSeq_include_all_refseq_shards_size_1000_268328763/refseq_shards_size_1000/refseq_000474.txt --dehydrated --include all --assembly-source RefSeq --filename /data3/p252701008/refseq_genomes/contexts/refseq_RefSeq_include_all_refseq_shards_size_1000_268328763/dehydrated_links/zips/refseq_000474.zip.partial.20260707T121233Z.4191587 --no-progressbar
[2026-07-07 22:42:37] [INFO] datasets download refseq_000474：第 1/3 次尝试。日志：/data3/p252701008/refseq_genomes_runlogs/logs/refseq_RefSeq_include_all_refseq_shards_size_1000_268328763/datasets_download_refseq_000474_20260707T121233Z.4191587.log.attempt1
[2026-07-07 22:42:56] [INFO] dehydrated 链接包下载完成：/data3/p252701008/refseq_genomes/contexts/refseq_RefSeq_include_all_refseq_shards_size_1000_268328763/dehydrated_links/zips/refseq_000474.zip
[2026-07-07 22:42:56] [INFO] 可用磁盘空间：5919 GB；阈值：2000 GB；路径：/data3/p252701008/refseq_genomes/contexts/refseq_RefSeq_include_all_refseq_shards_size_1000_268328763/dehydrated_links/zips
[2026-07-07 22:42:56] [INFO] 开始下载 dehydrated 链接包：refseq_000475；accession 数：1000
[2026-07-07 22:42:56] [INFO] 命令：datasets download genome accession --inputfile /data3/p252701008/refseq_genomes_runlogs/shards/refseq_RefSeq_include_all_refseq_shards_size_1000_268328763/refseq_shards_size_1000/refseq_000475.txt --dehydrated --include all --assembly-source RefSeq --filename /data3/p252701008/refseq_genomes/contexts/refseq_RefSeq_include_all_refseq_shards_size_1000_268328763/dehydrated_links/zips/refseq_000475.zip.partial.20260707T121233Z.4191587 --no-progressbar
[2026-07-07 22:42:56] [INFO] datasets download refseq_000475：第 1/3 次尝试。日志：/data3/p252701008/refseq_genomes_runlogs/logs/refseq_RefSeq_include_all_refseq_shards_size_1000_268328763/datasets_download_refseq_000475_20260707T121233Z.4191587.log.attempt1
[2026-07-07 22:43:15] [INFO] dehydrated 链接包下载完成：/data3/p252701008/refseq_genomes/contexts/refseq_RefSeq_include_all_refseq_shards_size_1000_268328763/dehydrated_links/zips/refseq_000475.zip
[2026-07-07 22:43:15] [INFO] 可用磁盘空间：5919 GB；阈值：2000 GB；路径：/data3/p252701008/refseq_genomes/contexts/refseq_RefSeq_include_all_refseq_shards_size_1000_268328763/dehydrated_links/zips
[2026-07-07 22:43:15] [INFO] 开始下载 dehydrated 链接包：refseq_000476；accession 数：1000
[2026-07-07 22:43:15] [INFO] 命令：datasets download genome accession --inputfile /data3/p252701008/refseq_genomes_runlogs/shards/refseq_RefSeq_include_all_refseq_shards_size_1000_268328763/refseq_shards_size_1000/refseq_000476.txt --dehydrated --include all --assembly-source RefSeq --filename /data3/p252701008/refseq_genomes/contexts/refseq_RefSeq_include_all_refseq_shards_size_1000_268328763/dehydrated_links/zips/refseq_000476.zip.partial.20260707T121233Z.4191587 --no-progressbar
[2026-07-07 22:43:15] [INFO] datasets download refseq_000476：第 1/3 次尝试。日志：/data3/p252701008/refseq_genomes_runlogs/logs/refseq_RefSeq_include_all_refseq_shards_size_1000_268328763/datasets_download_refseq_000476_20260707T121233Z.4191587.log.attempt1
[2026-07-07 22:43:31] [INFO] dehydrated 链接包下载完成：/data3/p252701008/refseq_genomes/contexts/refseq_RefSeq_include_all_refseq_shards_size_1000_268328763/dehydrated_links/zips/refseq_000476.zip
[2026-07-07 22:43:31] [INFO] 可用磁盘空间：5919 GB；阈值：2000 GB；路径：/data3/p252701008/refseq_genomes/contexts/refseq_RefSeq_include_all_refseq_shards_size_1000_268328763/dehydrated_links/zips
[2026-07-07 22:43:31] [INFO] 开始下载 dehydrated 链接包：refseq_000477；accession 数：1000
[2026-07-07 22:43:31] [INFO] 命令：datasets download genome accession --inputfile /data3/p252701008/refseq_genomes_runlogs/shards/refseq_RefSeq_include_all_refseq_shards_size_1000_268328763/refseq_shards_size_1000/refseq_000477.txt --dehydrated --include all --assembly-source RefSeq --filename /data3/p252701008/refseq_genomes/contexts/refseq_RefSeq_include_all_refseq_shards_size_1000_268328763/dehydrated_links/zips/refseq_000477.zip.partial.20260707T121233Z.4191587 --no-progressbar
[2026-07-07 22:43:31] [INFO] datasets download refseq_000477：第 1/3 次尝试。日志：/data3/p252701008/refseq_genomes_runlogs/logs/refseq_RefSeq_include_all_refseq_shards_size_1000_268328763/datasets_download_refseq_000477_20260707T121233Z.4191587.log.attempt1
[2026-07-07 22:43:48] [INFO] dehydrated 链接包下载完成：/data3/p252701008/refseq_genomes/contexts/refseq_RefSeq_include_all_refseq_shards_size_1000_268328763/dehydrated_links/zips/refseq_000477.zip
[2026-07-07 22:43:48] [INFO] 可用磁盘空间：5919 GB；阈值：2000 GB；路径：/data3/p252701008/refseq_genomes/contexts/refseq_RefSeq_include_all_refseq_shards_size_1000_268328763/dehydrated_links/zips
[2026-07-07 22:43:48] [INFO] 开始下载 dehydrated 链接包：refseq_000478；accession 数：1000
[2026-07-07 22:43:48] [INFO] 命令：datasets download genome accession --inputfile /data3/p252701008/refseq_genomes_runlogs/shards/refseq_RefSeq_include_all_refseq_shards_size_1000_268328763/refseq_shards_size_1000/refseq_000478.txt --dehydrated --include all --assembly-source RefSeq --filename /data3/p252701008/refseq_genomes/contexts/refseq_RefSeq_include_all_refseq_shards_size_1000_268328763/dehydrated_links/zips/refseq_000478.zip.partial.20260707T121233Z.4191587 --no-progressbar
[2026-07-07 22:43:48] [INFO] datasets download refseq_000478：第 1/3 次尝试。日志：/data3/p252701008/refseq_genomes_runlogs/logs/refseq_RefSeq_include_all_refseq_shards_size_1000_268328763/datasets_download_refseq_000478_20260707T121233Z.4191587.log.attempt1
[2026-07-07 22:44:08] [INFO] dehydrated 链接包下载完成：/data3/p252701008/refseq_genomes/contexts/refseq_RefSeq_include_all_refseq_shards_size_1000_268328763/dehydrated_links/zips/refseq_000478.zip
[2026-07-07 22:44:08] [INFO] 可用磁盘空间：5919 GB；阈值：2000 GB；路径：/data3/p252701008/refseq_genomes/contexts/refseq_RefSeq_include_all_refseq_shards_size_1000_268328763/dehydrated_links/zips
[2026-07-07 22:44:08] [INFO] 开始下载 dehydrated 链接包：refseq_000479；accession 数：1000
[2026-07-07 22:44:08] [INFO] 命令：datasets download genome accession --inputfile /data3/p252701008/refseq_genomes_runlogs/shards/refseq_RefSeq_include_all_refseq_shards_size_1000_268328763/refseq_shards_size_1000/refseq_000479.txt --dehydrated --include all --assembly-source RefSeq --filename /data3/p252701008/refseq_genomes/contexts/refseq_RefSeq_include_all_refseq_shards_size_1000_268328763/dehydrated_links/zips/refseq_000479.zip.partial.20260707T121233Z.4191587 --no-progressbar
[2026-07-07 22:44:08] [INFO] datasets download refseq_000479：第 1/3 次尝试。日志：/data3/p252701008/refseq_genomes_runlogs/logs/refseq_RefSeq_include_all_refseq_shards_size_1000_268328763/datasets_download_refseq_000479_20260707T121233Z.4191587.log.attempt1
[2026-07-07 22:44:28] [INFO] dehydrated 链接包下载完成：/data3/p252701008/refseq_genomes/contexts/refseq_RefSeq_include_all_refseq_shards_size_1000_268328763/dehydrated_links/zips/refseq_000479.zip
[2026-07-07 22:44:28] [INFO] 可用磁盘空间：5919 GB；阈值：2000 GB；路径：/data3/p252701008/refseq_genomes/contexts/refseq_RefSeq_include_all_refseq_shards_size_1000_268328763/dehydrated_links/zips
[2026-07-07 22:44:28] [INFO] 开始下载 dehydrated 链接包：refseq_000480；accession 数：1000
[2026-07-07 22:44:28] [INFO] 命令：datasets download genome accession --inputfile /data3/p252701008/refseq_genomes_runlogs/shards/refseq_RefSeq_include_all_refseq_shards_size_1000_268328763/refseq_shards_size_1000/refseq_000480.txt --dehydrated --include all --assembly-source RefSeq --filename /data3/p252701008/refseq_genomes/contexts/refseq_RefSeq_include_all_refseq_shards_size_1000_268328763/dehydrated_links/zips/refseq_000480.zip.partial.20260707T121233Z.4191587 --no-progressbar
[2026-07-07 22:44:28] [INFO] datasets download refseq_000480：第 1/3 次尝试。日志：/data3/p252701008/refseq_genomes_runlogs/logs/refseq_RefSeq_include_all_refseq_shards_size_1000_268328763/datasets_download_refseq_000480_20260707T121233Z.4191587.log.attempt1
[2026-07-07 22:44:45] [INFO] dehydrated 链接包下载完成：/data3/p252701008/refseq_genomes/contexts/refseq_RefSeq_include_all_refseq_shards_size_1000_268328763/dehydrated_links/zips/refseq_000480.zip
[2026-07-07 22:44:45] [INFO] 可用磁盘空间：5919 GB；阈值：2000 GB；路径：/data3/p252701008/refseq_genomes/contexts/refseq_RefSeq_include_all_refseq_shards_size_1000_268328763/dehydrated_links/zips
[2026-07-07 22:44:45] [INFO] 开始下载 dehydrated 链接包：refseq_000481；accession 数：1000
[2026-07-07 22:44:45] [INFO] 命令：datasets download genome accession --inputfile /data3/p252701008/refseq_genomes_runlogs/shards/refseq_RefSeq_include_all_refseq_shards_size_1000_268328763/refseq_shards_size_1000/refseq_000481.txt --dehydrated --include all --assembly-source RefSeq --filename /data3/p252701008/refseq_genomes/contexts/refseq_RefSeq_include_all_refseq_shards_size_1000_268328763/dehydrated_links/zips/refseq_000481.zip.partial.20260707T121233Z.4191587 --no-progressbar
[2026-07-07 22:44:45] [INFO] datasets download refseq_000481：第 1/3 次尝试。日志：/data3/p252701008/refseq_genomes_runlogs/logs/refseq_RefSeq_include_all_refseq_shards_size_1000_268328763/datasets_download_refseq_000481_20260707T121233Z.4191587.log.attempt1
[2026-07-07 22:45:03] [INFO] dehydrated 链接包下载完成：/data3/p252701008/refseq_genomes/contexts/refseq_RefSeq_include_all_refseq_shards_size_1000_268328763/dehydrated_links/zips/refseq_000481.zip
[2026-07-07 22:45:03] [INFO] 可用磁盘空间：5919 GB；阈值：2000 GB；路径：/data3/p252701008/refseq_genomes/contexts/refseq_RefSeq_include_all_refseq_shards_size_1000_268328763/dehydrated_links/zips
[2026-07-07 22:45:03] [INFO] 开始下载 dehydrated 链接包：refseq_000482；accession 数：1000
[2026-07-07 22:45:03] [INFO] 命令：datasets download genome accession --inputfile /data3/p252701008/refseq_genomes_runlogs/shards/refseq_RefSeq_include_all_refseq_shards_size_1000_268328763/refseq_shards_size_1000/refseq_000482.txt --dehydrated --include all --assembly-source RefSeq --filename /data3/p252701008/refseq_genomes/contexts/refseq_RefSeq_include_all_refseq_shards_size_1000_268328763/dehydrated_links/zips/refseq_000482.zip.partial.20260707T121233Z.4191587 --no-progressbar
[2026-07-07 22:45:03] [INFO] datasets download refseq_000482：第 1/3 次尝试。日志：/data3/p252701008/refseq_genomes_runlogs/logs/refseq_RefSeq_include_all_refseq_shards_size_1000_268328763/datasets_download_refseq_000482_20260707T121233Z.4191587.log.attempt1
[2026-07-07 22:45:23] [INFO] dehydrated 链接包下载完成：/data3/p252701008/refseq_genomes/contexts/refseq_RefSeq_include_all_refseq_shards_size_1000_268328763/dehydrated_links/zips/refseq_000482.zip
[2026-07-07 22:45:23] [INFO] 可用磁盘空间：5919 GB；阈值：2000 GB；路径：/data3/p252701008/refseq_genomes/contexts/refseq_RefSeq_include_all_refseq_shards_size_1000_268328763/dehydrated_links/zips
[2026-07-07 22:45:23] [INFO] 开始下载 dehydrated 链接包：refseq_000483；accession 数：1000
[2026-07-07 22:45:23] [INFO] 命令：datasets download genome accession --inputfile /data3/p252701008/refseq_genomes_runlogs/shards/refseq_RefSeq_include_all_refseq_shards_size_1000_268328763/refseq_shards_size_1000/refseq_000483.txt --dehydrated --include all --assembly-source RefSeq --filename /data3/p252701008/refseq_genomes/contexts/refseq_RefSeq_include_all_refseq_shards_size_1000_268328763/dehydrated_links/zips/refseq_000483.zip.partial.20260707T121233Z.4191587 --no-progressbar
[2026-07-07 22:45:23] [INFO] datasets download refseq_000483：第 1/3 次尝试。日志：/data3/p252701008/refseq_genomes_runlogs/logs/refseq_RefSeq_include_all_refseq_shards_size_1000_268328763/datasets_download_refseq_000483_20260707T121233Z.4191587.log.attempt1
[2026-07-07 22:45:41] [INFO] dehydrated 链接包下载完成：/data3/p252701008/refseq_genomes/contexts/refseq_RefSeq_include_all_refseq_shards_size_1000_268328763/dehydrated_links/zips/refseq_000483.zip
[2026-07-07 22:45:41] [INFO] 可用磁盘空间：5919 GB；阈值：2000 GB；路径：/data3/p252701008/refseq_genomes/contexts/refseq_RefSeq_include_all_refseq_shards_size_1000_268328763/dehydrated_links/zips
[2026-07-07 22:45:41] [INFO] 开始下载 dehydrated 链接包：refseq_000484；accession 数：1000
[2026-07-07 22:45:41] [INFO] 命令：datasets download genome accession --inputfile /data3/p252701008/refseq_genomes_runlogs/shards/refseq_RefSeq_include_all_refseq_shards_size_1000_268328763/refseq_shards_size_1000/refseq_000484.txt --dehydrated --include all --assembly-source RefSeq --filename /data3/p252701008/refseq_genomes/contexts/refseq_RefSeq_include_all_refseq_shards_size_1000_268328763/dehydrated_links/zips/refseq_000484.zip.partial.20260707T121233Z.4191587 --no-progressbar
[2026-07-07 22:45:41] [INFO] datasets download refseq_000484：第 1/3 次尝试。日志：/data3/p252701008/refseq_genomes_runlogs/logs/refseq_RefSeq_include_all_refseq_shards_size_1000_268328763/datasets_download_refseq_000484_20260707T121233Z.4191587.log.attempt1
[2026-07-07 22:46:00] [INFO] dehydrated 链接包下载完成：/data3/p252701008/refseq_genomes/contexts/refseq_RefSeq_include_all_refseq_shards_size_1000_268328763/dehydrated_links/zips/refseq_000484.zip
[2026-07-07 22:46:00] [INFO] 可用磁盘空间：5919 GB；阈值：2000 GB；路径：/data3/p252701008/refseq_genomes/contexts/refseq_RefSeq_include_all_refseq_shards_size_1000_268328763/dehydrated_links/zips
[2026-07-07 22:46:00] [INFO] 开始下载 dehydrated 链接包：refseq_000485；accession 数：1000
[2026-07-07 22:46:00] [INFO] 命令：datasets download genome accession --inputfile /data3/p252701008/refseq_genomes_runlogs/shards/refseq_RefSeq_include_all_refseq_shards_size_1000_268328763/refseq_shards_size_1000/refseq_000485.txt --dehydrated --include all --assembly-source RefSeq --filename /data3/p252701008/refseq_genomes/contexts/refseq_RefSeq_include_all_refseq_shards_size_1000_268328763/dehydrated_links/zips/refseq_000485.zip.partial.20260707T121233Z.4191587 --no-progressbar
[2026-07-07 22:46:00] [INFO] datasets download refseq_000485：第 1/3 次尝试。日志：/data3/p252701008/refseq_genomes_runlogs/logs/refseq_RefSeq_include_all_refseq_shards_size_1000_268328763/datasets_download_refseq_000485_20260707T121233Z.4191587.log.attempt1
[2026-07-07 22:46:18] [INFO] dehydrated 链接包下载完成：/data3/p252701008/refseq_genomes/contexts/refseq_RefSeq_include_all_refseq_shards_size_1000_268328763/dehydrated_links/zips/refseq_000485.zip
[2026-07-07 22:46:18] [INFO] 可用磁盘空间：5919 GB；阈值：2000 GB；路径：/data3/p252701008/refseq_genomes/contexts/refseq_RefSeq_include_all_refseq_shards_size_1000_268328763/dehydrated_links/zips
[2026-07-07 22:46:18] [INFO] 开始下载 dehydrated 链接包：refseq_000486；accession 数：1000
[2026-07-07 22:46:18] [INFO] 命令：datasets download genome accession --inputfile /data3/p252701008/refseq_genomes_runlogs/shards/refseq_RefSeq_include_all_refseq_shards_size_1000_268328763/refseq_shards_size_1000/refseq_000486.txt --dehydrated --include all --assembly-source RefSeq --filename /data3/p252701008/refseq_genomes/contexts/refseq_RefSeq_include_all_refseq_shards_size_1000_268328763/dehydrated_links/zips/refseq_000486.zip.partial.20260707T121233Z.4191587 --no-progressbar
[2026-07-07 22:46:18] [INFO] datasets download refseq_000486：第 1/3 次尝试。日志：/data3/p252701008/refseq_genomes_runlogs/logs/refseq_RefSeq_include_all_refseq_shards_size_1000_268328763/datasets_download_refseq_000486_20260707T121233Z.4191587.log.attempt1
[2026-07-07 22:46:36] [INFO] dehydrated 链接包下载完成：/data3/p252701008/refseq_genomes/contexts/refseq_RefSeq_include_all_refseq_shards_size_1000_268328763/dehydrated_links/zips/refseq_000486.zip
[2026-07-07 22:46:36] [INFO] 可用磁盘空间：5919 GB；阈值：2000 GB；路径：/data3/p252701008/refseq_genomes/contexts/refseq_RefSeq_include_all_refseq_shards_size_1000_268328763/dehydrated_links/zips
[2026-07-07 22:46:36] [INFO] 开始下载 dehydrated 链接包：refseq_000487；accession 数：1000
[2026-07-07 22:46:36] [INFO] 命令：datasets download genome accession --inputfile /data3/p252701008/refseq_genomes_runlogs/shards/refseq_RefSeq_include_all_refseq_shards_size_1000_268328763/refseq_shards_size_1000/refseq_000487.txt --dehydrated --include all --assembly-source RefSeq --filename /data3/p252701008/refseq_genomes/contexts/refseq_RefSeq_include_all_refseq_shards_size_1000_268328763/dehydrated_links/zips/refseq_000487.zip.partial.20260707T121233Z.4191587 --no-progressbar
[2026-07-07 22:46:36] [INFO] datasets download refseq_000487：第 1/3 次尝试。日志：/data3/p252701008/refseq_genomes_runlogs/logs/refseq_RefSeq_include_all_refseq_shards_size_1000_268328763/datasets_download_refseq_000487_20260707T121233Z.4191587.log.attempt1
[2026-07-07 22:46:54] [INFO] dehydrated 链接包下载完成：/data3/p252701008/refseq_genomes/contexts/refseq_RefSeq_include_all_refseq_shards_size_1000_268328763/dehydrated_links/zips/refseq_000487.zip
[2026-07-07 22:46:54] [INFO] 可用磁盘空间：5919 GB；阈值：2000 GB；路径：/data3/p252701008/refseq_genomes/contexts/refseq_RefSeq_include_all_refseq_shards_size_1000_268328763/dehydrated_links/zips
[2026-07-07 22:46:54] [INFO] 开始下载 dehydrated 链接包：refseq_000488；accession 数：1000
[2026-07-07 22:46:54] [INFO] 命令：datasets download genome accession --inputfile /data3/p252701008/refseq_genomes_runlogs/shards/refseq_RefSeq_include_all_refseq_shards_size_1000_268328763/refseq_shards_size_1000/refseq_000488.txt --dehydrated --include all --assembly-source RefSeq --filename /data3/p252701008/refseq_genomes/contexts/refseq_RefSeq_include_all_refseq_shards_size_1000_268328763/dehydrated_links/zips/refseq_000488.zip.partial.20260707T121233Z.4191587 --no-progressbar
[2026-07-07 22:46:54] [INFO] datasets download refseq_000488：第 1/3 次尝试。日志：/data3/p252701008/refseq_genomes_runlogs/logs/refseq_RefSeq_include_all_refseq_shards_size_1000_268328763/datasets_download_refseq_000488_20260707T121233Z.4191587.log.attempt1
[2026-07-07 22:47:12] [INFO] dehydrated 链接包下载完成：/data3/p252701008/refseq_genomes/contexts/refseq_RefSeq_include_all_refseq_shards_size_1000_268328763/dehydrated_links/zips/refseq_000488.zip
[2026-07-07 22:47:12] [INFO] 可用磁盘空间：5919 GB；阈值：2000 GB；路径：/data3/p252701008/refseq_genomes/contexts/refseq_RefSeq_include_all_refseq_shards_size_1000_268328763/dehydrated_links/zips
[2026-07-07 22:47:12] [INFO] 开始下载 dehydrated 链接包：refseq_000489；accession 数：1000
[2026-07-07 22:47:12] [INFO] 命令：datasets download genome accession --inputfile /data3/p252701008/refseq_genomes_runlogs/shards/refseq_RefSeq_include_all_refseq_shards_size_1000_268328763/refseq_shards_size_1000/refseq_000489.txt --dehydrated --include all --assembly-source RefSeq --filename /data3/p252701008/refseq_genomes/contexts/refseq_RefSeq_include_all_refseq_shards_size_1000_268328763/dehydrated_links/zips/refseq_000489.zip.partial.20260707T121233Z.4191587 --no-progressbar
[2026-07-07 22:47:12] [INFO] datasets download refseq_000489：第 1/3 次尝试。日志：/data3/p252701008/refseq_genomes_runlogs/logs/refseq_RefSeq_include_all_refseq_shards_size_1000_268328763/datasets_download_refseq_000489_20260707T121233Z.4191587.log.attempt1
[2026-07-07 22:47:30] [INFO] dehydrated 链接包下载完成：/data3/p252701008/refseq_genomes/contexts/refseq_RefSeq_include_all_refseq_shards_size_1000_268328763/dehydrated_links/zips/refseq_000489.zip
[2026-07-07 22:47:30] [INFO] 可用磁盘空间：5919 GB；阈值：2000 GB；路径：/data3/p252701008/refseq_genomes/contexts/refseq_RefSeq_include_all_refseq_shards_size_1000_268328763/dehydrated_links/zips
[2026-07-07 22:47:30] [INFO] 开始下载 dehydrated 链接包：refseq_000490；accession 数：1000
[2026-07-07 22:47:30] [INFO] 命令：datasets download genome accession --inputfile /data3/p252701008/refseq_genomes_runlogs/shards/refseq_RefSeq_include_all_refseq_shards_size_1000_268328763/refseq_shards_size_1000/refseq_000490.txt --dehydrated --include all --assembly-source RefSeq --filename /data3/p252701008/refseq_genomes/contexts/refseq_RefSeq_include_all_refseq_shards_size_1000_268328763/dehydrated_links/zips/refseq_000490.zip.partial.20260707T121233Z.4191587 --no-progressbar
[2026-07-07 22:47:30] [INFO] datasets download refseq_000490：第 1/3 次尝试。日志：/data3/p252701008/refseq_genomes_runlogs/logs/refseq_RefSeq_include_all_refseq_shards_size_1000_268328763/datasets_download_refseq_000490_20260707T121233Z.4191587.log.attempt1
[2026-07-07 22:47:54] [INFO] dehydrated 链接包下载完成：/data3/p252701008/refseq_genomes/contexts/refseq_RefSeq_include_all_refseq_shards_size_1000_268328763/dehydrated_links/zips/refseq_000490.zip
[2026-07-07 22:47:54] [INFO] 可用磁盘空间：5919 GB；阈值：2000 GB；路径：/data3/p252701008/refseq_genomes/contexts/refseq_RefSeq_include_all_refseq_shards_size_1000_268328763/dehydrated_links/zips
[2026-07-07 22:47:54] [INFO] 开始下载 dehydrated 链接包：refseq_000491；accession 数：1000
[2026-07-07 22:47:54] [INFO] 命令：datasets download genome accession --inputfile /data3/p252701008/refseq_genomes_runlogs/shards/refseq_RefSeq_include_all_refseq_shards_size_1000_268328763/refseq_shards_size_1000/refseq_000491.txt --dehydrated --include all --assembly-source RefSeq --filename /data3/p252701008/refseq_genomes/contexts/refseq_RefSeq_include_all_refseq_shards_size_1000_268328763/dehydrated_links/zips/refseq_000491.zip.partial.20260707T121233Z.4191587 --no-progressbar
[2026-07-07 22:47:54] [INFO] datasets download refseq_000491：第 1/3 次尝试。日志：/data3/p252701008/refseq_genomes_runlogs/logs/refseq_RefSeq_include_all_refseq_shards_size_1000_268328763/datasets_download_refseq_000491_20260707T121233Z.4191587.log.attempt1
[2026-07-07 22:48:21] [INFO] dehydrated 链接包下载完成：/data3/p252701008/refseq_genomes/contexts/refseq_RefSeq_include_all_refseq_shards_size_1000_268328763/dehydrated_links/zips/refseq_000491.zip
[2026-07-07 22:48:21] [INFO] 可用磁盘空间：5919 GB；阈值：2000 GB；路径：/data3/p252701008/refseq_genomes/contexts/refseq_RefSeq_include_all_refseq_shards_size_1000_268328763/dehydrated_links/zips
[2026-07-07 22:48:21] [INFO] 开始下载 dehydrated 链接包：refseq_000492；accession 数：1000
[2026-07-07 22:48:21] [INFO] 命令：datasets download genome accession --inputfile /data3/p252701008/refseq_genomes_runlogs/shards/refseq_RefSeq_include_all_refseq_shards_size_1000_268328763/refseq_shards_size_1000/refseq_000492.txt --dehydrated --include all --assembly-source RefSeq --filename /data3/p252701008/refseq_genomes/contexts/refseq_RefSeq_include_all_refseq_shards_size_1000_268328763/dehydrated_links/zips/refseq_000492.zip.partial.20260707T121233Z.4191587 --no-progressbar
[2026-07-07 22:48:21] [INFO] datasets download refseq_000492：第 1/3 次尝试。日志：/data3/p252701008/refseq_genomes_runlogs/logs/refseq_RefSeq_include_all_refseq_shards_size_1000_268328763/datasets_download_refseq_000492_20260707T121233Z.4191587.log.attempt1
[2026-07-07 22:48:39] [ERROR] datasets download 失败：refseq_000492；第 1/3 次；退出码：1；日志：/data3/p252701008/refseq_genomes_runlogs/logs/refseq_RefSeq_include_all_refseq_shards_size_1000_268328763/datasets_download_refseq_000492_20260707T121233Z.4191587.log.attempt1
[2026-07-07 22:48:39] [ERROR]   Error: Download error: stream error: stream ID 9; INTERNAL_ERROR; received from peer
[2026-07-07 22:48:39] [ERROR]   
[2026-07-07 22:48:39] [ERROR]   Use datasets download genome accession <command> --help for detailed help about a command.
[2026-07-07 22:48:39] [ERROR]   
[2026-07-07 22:48:40] [INFO] 已将异常或旧文件移入 trash：/data3/p252701008/refseq_genomes/contexts/refseq_RefSeq_include_all_refseq_shards_size_1000_268328763/dehydrated_links/zips/refseq_000492.zip.partial.20260707T121233Z.4191587 -> /data3/p252701008/refseq_genomes_runlogs/trash/failed_partial_zip.20260707T121233Z.4191587._data3_p252701008_refseq_genomes_contexts_refseq_RefSeq_include_all_refseq_shards_size_1000_268328763_dehydrated_links_zips_refseq_000492_zip_partial_20260707T121233Z_4191587
[2026-07-07 22:48:40] [INFO] datasets download refseq_000492 将在 30 秒后重试。
[2026-07-07 22:49:10] [INFO] datasets download refseq_000492：第 2/3 次尝试。日志：/data3/p252701008/refseq_genomes_runlogs/logs/refseq_RefSeq_include_all_refseq_shards_size_1000_268328763/datasets_download_refseq_000492_20260707T121233Z.4191587.log.attempt2
[2026-07-07 22:49:30] [INFO] dehydrated 链接包下载完成：/data3/p252701008/refseq_genomes/contexts/refseq_RefSeq_include_all_refseq_shards_size_1000_268328763/dehydrated_links/zips/refseq_000492.zip
[2026-07-07 22:49:30] [INFO] 可用磁盘空间：5919 GB；阈值：2000 GB；路径：/data3/p252701008/refseq_genomes/contexts/refseq_RefSeq_include_all_refseq_shards_size_1000_268328763/dehydrated_links/zips
[2026-07-07 22:49:30] [INFO] 开始下载 dehydrated 链接包：refseq_000493；accession 数：1000
[2026-07-07 22:49:30] [INFO] 命令：datasets download genome accession --inputfile /data3/p252701008/refseq_genomes_runlogs/shards/refseq_RefSeq_include_all_refseq_shards_size_1000_268328763/refseq_shards_size_1000/refseq_000493.txt --dehydrated --include all --assembly-source RefSeq --filename /data3/p252701008/refseq_genomes/contexts/refseq_RefSeq_include_all_refseq_shards_size_1000_268328763/dehydrated_links/zips/refseq_000493.zip.partial.20260707T121233Z.4191587 --no-progressbar
[2026-07-07 22:49:30] [INFO] datasets download refseq_000493：第 1/3 次尝试。日志：/data3/p252701008/refseq_genomes_runlogs/logs/refseq_RefSeq_include_all_refseq_shards_size_1000_268328763/datasets_download_refseq_000493_20260707T121233Z.4191587.log.attempt1
[2026-07-07 22:49:51] [INFO] dehydrated 链接包下载完成：/data3/p252701008/refseq_genomes/contexts/refseq_RefSeq_include_all_refseq_shards_size_1000_268328763/dehydrated_links/zips/refseq_000493.zip
[2026-07-07 22:49:51] [INFO] 可用磁盘空间：5919 GB；阈值：2000 GB；路径：/data3/p252701008/refseq_genomes/contexts/refseq_RefSeq_include_all_refseq_shards_size_1000_268328763/dehydrated_links/zips
[2026-07-07 22:49:51] [INFO] 开始下载 dehydrated 链接包：refseq_000494；accession 数：1000
[2026-07-07 22:49:51] [INFO] 命令：datasets download genome accession --inputfile /data3/p252701008/refseq_genomes_runlogs/shards/refseq_RefSeq_include_all_refseq_shards_size_1000_268328763/refseq_shards_size_1000/refseq_000494.txt --dehydrated --include all --assembly-source RefSeq --filename /data3/p252701008/refseq_genomes/contexts/refseq_RefSeq_include_all_refseq_shards_size_1000_268328763/dehydrated_links/zips/refseq_000494.zip.partial.20260707T121233Z.4191587 --no-progressbar
[2026-07-07 22:49:51] [INFO] datasets download refseq_000494：第 1/3 次尝试。日志：/data3/p252701008/refseq_genomes_runlogs/logs/refseq_RefSeq_include_all_refseq_shards_size_1000_268328763/datasets_download_refseq_000494_20260707T121233Z.4191587.log.attempt1
[2026-07-07 22:50:10] [INFO] dehydrated 链接包下载完成：/data3/p252701008/refseq_genomes/contexts/refseq_RefSeq_include_all_refseq_shards_size_1000_268328763/dehydrated_links/zips/refseq_000494.zip
[2026-07-07 22:50:10] [INFO] 可用磁盘空间：5919 GB；阈值：2000 GB；路径：/data3/p252701008/refseq_genomes/contexts/refseq_RefSeq_include_all_refseq_shards_size_1000_268328763/dehydrated_links/zips
[2026-07-07 22:50:10] [INFO] 开始下载 dehydrated 链接包：refseq_000495；accession 数：1000
[2026-07-07 22:50:10] [INFO] 命令：datasets download genome accession --inputfile /data3/p252701008/refseq_genomes_runlogs/shards/refseq_RefSeq_include_all_refseq_shards_size_1000_268328763/refseq_shards_size_1000/refseq_000495.txt --dehydrated --include all --assembly-source RefSeq --filename /data3/p252701008/refseq_genomes/contexts/refseq_RefSeq_include_all_refseq_shards_size_1000_268328763/dehydrated_links/zips/refseq_000495.zip.partial.20260707T121233Z.4191587 --no-progressbar
[2026-07-07 22:50:10] [INFO] datasets download refseq_000495：第 1/3 次尝试。日志：/data3/p252701008/refseq_genomes_runlogs/logs/refseq_RefSeq_include_all_refseq_shards_size_1000_268328763/datasets_download_refseq_000495_20260707T121233Z.4191587.log.attempt1
[2026-07-07 22:50:28] [INFO] dehydrated 链接包下载完成：/data3/p252701008/refseq_genomes/contexts/refseq_RefSeq_include_all_refseq_shards_size_1000_268328763/dehydrated_links/zips/refseq_000495.zip
[2026-07-07 22:50:28] [INFO] 可用磁盘空间：5919 GB；阈值：2000 GB；路径：/data3/p252701008/refseq_genomes/contexts/refseq_RefSeq_include_all_refseq_shards_size_1000_268328763/dehydrated_links/zips
[2026-07-07 22:50:28] [INFO] 开始下载 dehydrated 链接包：refseq_000496；accession 数：1000
[2026-07-07 22:50:28] [INFO] 命令：datasets download genome accession --inputfile /data3/p252701008/refseq_genomes_runlogs/shards/refseq_RefSeq_include_all_refseq_shards_size_1000_268328763/refseq_shards_size_1000/refseq_000496.txt --dehydrated --include all --assembly-source RefSeq --filename /data3/p252701008/refseq_genomes/contexts/refseq_RefSeq_include_all_refseq_shards_size_1000_268328763/dehydrated_links/zips/refseq_000496.zip.partial.20260707T121233Z.4191587 --no-progressbar
[2026-07-07 22:50:28] [INFO] datasets download refseq_000496：第 1/3 次尝试。日志：/data3/p252701008/refseq_genomes_runlogs/logs/refseq_RefSeq_include_all_refseq_shards_size_1000_268328763/datasets_download_refseq_000496_20260707T121233Z.4191587.log.attempt1
[2026-07-07 22:50:46] [INFO] dehydrated 链接包下载完成：/data3/p252701008/refseq_genomes/contexts/refseq_RefSeq_include_all_refseq_shards_size_1000_268328763/dehydrated_links/zips/refseq_000496.zip
[2026-07-07 22:50:46] [INFO] 可用磁盘空间：5919 GB；阈值：2000 GB；路径：/data3/p252701008/refseq_genomes/contexts/refseq_RefSeq_include_all_refseq_shards_size_1000_268328763/dehydrated_links/zips
[2026-07-07 22:50:46] [INFO] 开始下载 dehydrated 链接包：refseq_000497；accession 数：1000
[2026-07-07 22:50:46] [INFO] 命令：datasets download genome accession --inputfile /data3/p252701008/refseq_genomes_runlogs/shards/refseq_RefSeq_include_all_refseq_shards_size_1000_268328763/refseq_shards_size_1000/refseq_000497.txt --dehydrated --include all --assembly-source RefSeq --filename /data3/p252701008/refseq_genomes/contexts/refseq_RefSeq_include_all_refseq_shards_size_1000_268328763/dehydrated_links/zips/refseq_000497.zip.partial.20260707T121233Z.4191587 --no-progressbar
[2026-07-07 22:50:46] [INFO] datasets download refseq_000497：第 1/3 次尝试。日志：/data3/p252701008/refseq_genomes_runlogs/logs/refseq_RefSeq_include_all_refseq_shards_size_1000_268328763/datasets_download_refseq_000497_20260707T121233Z.4191587.log.attempt1
[2026-07-07 22:51:03] [INFO] dehydrated 链接包下载完成：/data3/p252701008/refseq_genomes/contexts/refseq_RefSeq_include_all_refseq_shards_size_1000_268328763/dehydrated_links/zips/refseq_000497.zip
[2026-07-07 22:51:03] [INFO] 可用磁盘空间：5919 GB；阈值：2000 GB；路径：/data3/p252701008/refseq_genomes/contexts/refseq_RefSeq_include_all_refseq_shards_size_1000_268328763/dehydrated_links/zips
[2026-07-07 22:51:03] [INFO] 开始下载 dehydrated 链接包：refseq_000498；accession 数：1000
[2026-07-07 22:51:03] [INFO] 命令：datasets download genome accession --inputfile /data3/p252701008/refseq_genomes_runlogs/shards/refseq_RefSeq_include_all_refseq_shards_size_1000_268328763/refseq_shards_size_1000/refseq_000498.txt --dehydrated --include all --assembly-source RefSeq --filename /data3/p252701008/refseq_genomes/contexts/refseq_RefSeq_include_all_refseq_shards_size_1000_268328763/dehydrated_links/zips/refseq_000498.zip.partial.20260707T121233Z.4191587 --no-progressbar
[2026-07-07 22:51:03] [INFO] datasets download refseq_000498：第 1/3 次尝试。日志：/data3/p252701008/refseq_genomes_runlogs/logs/refseq_RefSeq_include_all_refseq_shards_size_1000_268328763/datasets_download_refseq_000498_20260707T121233Z.4191587.log.attempt1
[2026-07-07 22:51:21] [INFO] dehydrated 链接包下载完成：/data3/p252701008/refseq_genomes/contexts/refseq_RefSeq_include_all_refseq_shards_size_1000_268328763/dehydrated_links/zips/refseq_000498.zip
[2026-07-07 22:51:21] [INFO] 可用磁盘空间：5919 GB；阈值：2000 GB；路径：/data3/p252701008/refseq_genomes/contexts/refseq_RefSeq_include_all_refseq_shards_size_1000_268328763/dehydrated_links/zips
[2026-07-07 22:51:21] [INFO] 开始下载 dehydrated 链接包：refseq_000499；accession 数：1000
[2026-07-07 22:51:21] [INFO] 命令：datasets download genome accession --inputfile /data3/p252701008/refseq_genomes_runlogs/shards/refseq_RefSeq_include_all_refseq_shards_size_1000_268328763/refseq_shards_size_1000/refseq_000499.txt --dehydrated --include all --assembly-source RefSeq --filename /data3/p252701008/refseq_genomes/contexts/refseq_RefSeq_include_all_refseq_shards_size_1000_268328763/dehydrated_links/zips/refseq_000499.zip.partial.20260707T121233Z.4191587 --no-progressbar
[2026-07-07 22:51:21] [INFO] datasets download refseq_000499：第 1/3 次尝试。日志：/data3/p252701008/refseq_genomes_runlogs/logs/refseq_RefSeq_include_all_refseq_shards_size_1000_268328763/datasets_download_refseq_000499_20260707T121233Z.4191587.log.attempt1
[2026-07-07 22:51:39] [INFO] dehydrated 链接包下载完成：/data3/p252701008/refseq_genomes/contexts/refseq_RefSeq_include_all_refseq_shards_size_1000_268328763/dehydrated_links/zips/refseq_000499.zip
[2026-07-07 22:51:39] [INFO] 可用磁盘空间：5919 GB；阈值：2000 GB；路径：/data3/p252701008/refseq_genomes/contexts/refseq_RefSeq_include_all_refseq_shards_size_1000_268328763/dehydrated_links/zips
[2026-07-07 22:51:39] [INFO] 开始下载 dehydrated 链接包：refseq_000500；accession 数：1000
[2026-07-07 22:51:39] [INFO] 命令：datasets download genome accession --inputfile /data3/p252701008/refseq_genomes_runlogs/shards/refseq_RefSeq_include_all_refseq_shards_size_1000_268328763/refseq_shards_size_1000/refseq_000500.txt --dehydrated --include all --assembly-source RefSeq --filename /data3/p252701008/refseq_genomes/contexts/refseq_RefSeq_include_all_refseq_shards_size_1000_268328763/dehydrated_links/zips/refseq_000500.zip.partial.20260707T121233Z.4191587 --no-progressbar
[2026-07-07 22:51:39] [INFO] datasets download refseq_000500：第 1/3 次尝试。日志：/data3/p252701008/refseq_genomes_runlogs/logs/refseq_RefSeq_include_all_refseq_shards_size_1000_268328763/datasets_download_refseq_000500_20260707T121233Z.4191587.log.attempt1
[2026-07-07 22:51:56] [INFO] dehydrated 链接包下载完成：/data3/p252701008/refseq_genomes/contexts/refseq_RefSeq_include_all_refseq_shards_size_1000_268328763/dehydrated_links/zips/refseq_000500.zip
[2026-07-07 22:51:56] [INFO] 可用磁盘空间：5919 GB；阈值：2000 GB；路径：/data3/p252701008/refseq_genomes/contexts/refseq_RefSeq_include_all_refseq_shards_size_1000_268328763/dehydrated_links/zips
[2026-07-07 22:51:56] [INFO] 开始下载 dehydrated 链接包：refseq_000501；accession 数：1000
[2026-07-07 22:51:56] [INFO] 命令：datasets download genome accession --inputfile /data3/p252701008/refseq_genomes_runlogs/shards/refseq_RefSeq_include_all_refseq_shards_size_1000_268328763/refseq_shards_size_1000/refseq_000501.txt --dehydrated --include all --assembly-source RefSeq --filename /data3/p252701008/refseq_genomes/contexts/refseq_RefSeq_include_all_refseq_shards_size_1000_268328763/dehydrated_links/zips/refseq_000501.zip.partial.20260707T121233Z.4191587 --no-progressbar
[2026-07-07 22:51:56] [INFO] datasets download refseq_000501：第 1/3 次尝试。日志：/data3/p252701008/refseq_genomes_runlogs/logs/refseq_RefSeq_include_all_refseq_shards_size_1000_268328763/datasets_download_refseq_000501_20260707T121233Z.4191587.log.attempt1
[2026-07-07 22:52:12] [INFO] dehydrated 链接包下载完成：/data3/p252701008/refseq_genomes/contexts/refseq_RefSeq_include_all_refseq_shards_size_1000_268328763/dehydrated_links/zips/refseq_000501.zip
[2026-07-07 22:52:12] [INFO] 可用磁盘空间：5919 GB；阈值：2000 GB；路径：/data3/p252701008/refseq_genomes/contexts/refseq_RefSeq_include_all_refseq_shards_size_1000_268328763/dehydrated_links/zips
[2026-07-07 22:52:12] [INFO] 开始下载 dehydrated 链接包：refseq_000502；accession 数：1000
[2026-07-07 22:52:12] [INFO] 命令：datasets download genome accession --inputfile /data3/p252701008/refseq_genomes_runlogs/shards/refseq_RefSeq_include_all_refseq_shards_size_1000_268328763/refseq_shards_size_1000/refseq_000502.txt --dehydrated --include all --assembly-source RefSeq --filename /data3/p252701008/refseq_genomes/contexts/refseq_RefSeq_include_all_refseq_shards_size_1000_268328763/dehydrated_links/zips/refseq_000502.zip.partial.20260707T121233Z.4191587 --no-progressbar
[2026-07-07 22:52:12] [INFO] datasets download refseq_000502：第 1/3 次尝试。日志：/data3/p252701008/refseq_genomes_runlogs/logs/refseq_RefSeq_include_all_refseq_shards_size_1000_268328763/datasets_download_refseq_000502_20260707T121233Z.4191587.log.attempt1
[2026-07-07 22:52:31] [INFO] dehydrated 链接包下载完成：/data3/p252701008/refseq_genomes/contexts/refseq_RefSeq_include_all_refseq_shards_size_1000_268328763/dehydrated_links/zips/refseq_000502.zip
[2026-07-07 22:52:31] [INFO] 可用磁盘空间：5919 GB；阈值：2000 GB；路径：/data3/p252701008/refseq_genomes/contexts/refseq_RefSeq_include_all_refseq_shards_size_1000_268328763/dehydrated_links/zips
[2026-07-07 22:52:31] [INFO] 开始下载 dehydrated 链接包：refseq_000503；accession 数：1000
[2026-07-07 22:52:31] [INFO] 命令：datasets download genome accession --inputfile /data3/p252701008/refseq_genomes_runlogs/shards/refseq_RefSeq_include_all_refseq_shards_size_1000_268328763/refseq_shards_size_1000/refseq_000503.txt --dehydrated --include all --assembly-source RefSeq --filename /data3/p252701008/refseq_genomes/contexts/refseq_RefSeq_include_all_refseq_shards_size_1000_268328763/dehydrated_links/zips/refseq_000503.zip.partial.20260707T121233Z.4191587 --no-progressbar
[2026-07-07 22:52:31] [INFO] datasets download refseq_000503：第 1/3 次尝试。日志：/data3/p252701008/refseq_genomes_runlogs/logs/refseq_RefSeq_include_all_refseq_shards_size_1000_268328763/datasets_download_refseq_000503_20260707T121233Z.4191587.log.attempt1
[2026-07-07 22:52:44] [ERROR] datasets download 失败：refseq_000503；第 1/3 次；退出码：1；日志：/data3/p252701008/refseq_genomes_runlogs/logs/refseq_RefSeq_include_all_refseq_shards_size_1000_268328763/datasets_download_refseq_000503_20260707T121233Z.4191587.log.attempt1
[2026-07-07 22:52:44] [ERROR]   Error: Download error: stream error: stream ID 7; INTERNAL_ERROR; received from peer
[2026-07-07 22:52:44] [ERROR]   
[2026-07-07 22:52:44] [ERROR]   Use datasets download genome accession <command> --help for detailed help about a command.
[2026-07-07 22:52:44] [ERROR]   
[2026-07-07 22:52:44] [INFO] 已将异常或旧文件移入 trash：/data3/p252701008/refseq_genomes/contexts/refseq_RefSeq_include_all_refseq_shards_size_1000_268328763/dehydrated_links/zips/refseq_000503.zip.partial.20260707T121233Z.4191587 -> /data3/p252701008/refseq_genomes_runlogs/trash/failed_partial_zip.20260707T121233Z.4191587._data3_p252701008_refseq_genomes_contexts_refseq_RefSeq_include_all_refseq_shards_size_1000_268328763_dehydrated_links_zips_refseq_000503_zip_partial_20260707T121233Z_4191587
[2026-07-07 22:52:44] [INFO] datasets download refseq_000503 将在 30 秒后重试。
[2026-07-07 22:53:14] [INFO] datasets download refseq_000503：第 2/3 次尝试。日志：/data3/p252701008/refseq_genomes_runlogs/logs/refseq_RefSeq_include_all_refseq_shards_size_1000_268328763/datasets_download_refseq_000503_20260707T121233Z.4191587.log.attempt2
[2026-07-07 22:53:32] [INFO] dehydrated 链接包下载完成：/data3/p252701008/refseq_genomes/contexts/refseq_RefSeq_include_all_refseq_shards_size_1000_268328763/dehydrated_links/zips/refseq_000503.zip
[2026-07-07 22:53:32] [INFO] 可用磁盘空间：5919 GB；阈值：2000 GB；路径：/data3/p252701008/refseq_genomes/contexts/refseq_RefSeq_include_all_refseq_shards_size_1000_268328763/dehydrated_links/zips
[2026-07-07 22:53:32] [INFO] 开始下载 dehydrated 链接包：refseq_000504；accession 数：1000
[2026-07-07 22:53:32] [INFO] 命令：datasets download genome accession --inputfile /data3/p252701008/refseq_genomes_runlogs/shards/refseq_RefSeq_include_all_refseq_shards_size_1000_268328763/refseq_shards_size_1000/refseq_000504.txt --dehydrated --include all --assembly-source RefSeq --filename /data3/p252701008/refseq_genomes/contexts/refseq_RefSeq_include_all_refseq_shards_size_1000_268328763/dehydrated_links/zips/refseq_000504.zip.partial.20260707T121233Z.4191587 --no-progressbar
[2026-07-07 22:53:32] [INFO] datasets download refseq_000504：第 1/3 次尝试。日志：/data3/p252701008/refseq_genomes_runlogs/logs/refseq_RefSeq_include_all_refseq_shards_size_1000_268328763/datasets_download_refseq_000504_20260707T121233Z.4191587.log.attempt1
[2026-07-07 22:53:52] [INFO] dehydrated 链接包下载完成：/data3/p252701008/refseq_genomes/contexts/refseq_RefSeq_include_all_refseq_shards_size_1000_268328763/dehydrated_links/zips/refseq_000504.zip
[2026-07-07 22:53:52] [INFO] 可用磁盘空间：5919 GB；阈值：2000 GB；路径：/data3/p252701008/refseq_genomes/contexts/refseq_RefSeq_include_all_refseq_shards_size_1000_268328763/dehydrated_links/zips
[2026-07-07 22:53:52] [INFO] 开始下载 dehydrated 链接包：refseq_000505；accession 数：1000
[2026-07-07 22:53:52] [INFO] 命令：datasets download genome accession --inputfile /data3/p252701008/refseq_genomes_runlogs/shards/refseq_RefSeq_include_all_refseq_shards_size_1000_268328763/refseq_shards_size_1000/refseq_000505.txt --dehydrated --include all --assembly-source RefSeq --filename /data3/p252701008/refseq_genomes/contexts/refseq_RefSeq_include_all_refseq_shards_size_1000_268328763/dehydrated_links/zips/refseq_000505.zip.partial.20260707T121233Z.4191587 --no-progressbar
[2026-07-07 22:53:52] [INFO] datasets download refseq_000505：第 1/3 次尝试。日志：/data3/p252701008/refseq_genomes_runlogs/logs/refseq_RefSeq_include_all_refseq_shards_size_1000_268328763/datasets_download_refseq_000505_20260707T121233Z.4191587.log.attempt1
[2026-07-07 22:54:10] [INFO] dehydrated 链接包下载完成：/data3/p252701008/refseq_genomes/contexts/refseq_RefSeq_include_all_refseq_shards_size_1000_268328763/dehydrated_links/zips/refseq_000505.zip
[2026-07-07 22:54:10] [INFO] 可用磁盘空间：5919 GB；阈值：2000 GB；路径：/data3/p252701008/refseq_genomes/contexts/refseq_RefSeq_include_all_refseq_shards_size_1000_268328763/dehydrated_links/zips
[2026-07-07 22:54:10] [INFO] 开始下载 dehydrated 链接包：refseq_000506；accession 数：1000
[2026-07-07 22:54:10] [INFO] 命令：datasets download genome accession --inputfile /data3/p252701008/refseq_genomes_runlogs/shards/refseq_RefSeq_include_all_refseq_shards_size_1000_268328763/refseq_shards_size_1000/refseq_000506.txt --dehydrated --include all --assembly-source RefSeq --filename /data3/p252701008/refseq_genomes/contexts/refseq_RefSeq_include_all_refseq_shards_size_1000_268328763/dehydrated_links/zips/refseq_000506.zip.partial.20260707T121233Z.4191587 --no-progressbar
[2026-07-07 22:54:10] [INFO] datasets download refseq_000506：第 1/3 次尝试。日志：/data3/p252701008/refseq_genomes_runlogs/logs/refseq_RefSeq_include_all_refseq_shards_size_1000_268328763/datasets_download_refseq_000506_20260707T121233Z.4191587.log.attempt1
[2026-07-07 22:54:27] [INFO] dehydrated 链接包下载完成：/data3/p252701008/refseq_genomes/contexts/refseq_RefSeq_include_all_refseq_shards_size_1000_268328763/dehydrated_links/zips/refseq_000506.zip
[2026-07-07 22:54:27] [INFO] 可用磁盘空间：5919 GB；阈值：2000 GB；路径：/data3/p252701008/refseq_genomes/contexts/refseq_RefSeq_include_all_refseq_shards_size_1000_268328763/dehydrated_links/zips
[2026-07-07 22:54:27] [INFO] 开始下载 dehydrated 链接包：refseq_000507；accession 数：1000
[2026-07-07 22:54:27] [INFO] 命令：datasets download genome accession --inputfile /data3/p252701008/refseq_genomes_runlogs/shards/refseq_RefSeq_include_all_refseq_shards_size_1000_268328763/refseq_shards_size_1000/refseq_000507.txt --dehydrated --include all --assembly-source RefSeq --filename /data3/p252701008/refseq_genomes/contexts/refseq_RefSeq_include_all_refseq_shards_size_1000_268328763/dehydrated_links/zips/refseq_000507.zip.partial.20260707T121233Z.4191587 --no-progressbar
[2026-07-07 22:54:27] [INFO] datasets download refseq_000507：第 1/3 次尝试。日志：/data3/p252701008/refseq_genomes_runlogs/logs/refseq_RefSeq_include_all_refseq_shards_size_1000_268328763/datasets_download_refseq_000507_20260707T121233Z.4191587.log.attempt1
[2026-07-07 22:54:45] [INFO] dehydrated 链接包下载完成：/data3/p252701008/refseq_genomes/contexts/refseq_RefSeq_include_all_refseq_shards_size_1000_268328763/dehydrated_links/zips/refseq_000507.zip
[2026-07-07 22:54:45] [INFO] 可用磁盘空间：5919 GB；阈值：2000 GB；路径：/data3/p252701008/refseq_genomes/contexts/refseq_RefSeq_include_all_refseq_shards_size_1000_268328763/dehydrated_links/zips
[2026-07-07 22:54:45] [INFO] 开始下载 dehydrated 链接包：refseq_000508；accession 数：1000
[2026-07-07 22:54:45] [INFO] 命令：datasets download genome accession --inputfile /data3/p252701008/refseq_genomes_runlogs/shards/refseq_RefSeq_include_all_refseq_shards_size_1000_268328763/refseq_shards_size_1000/refseq_000508.txt --dehydrated --include all --assembly-source RefSeq --filename /data3/p252701008/refseq_genomes/contexts/refseq_RefSeq_include_all_refseq_shards_size_1000_268328763/dehydrated_links/zips/refseq_000508.zip.partial.20260707T121233Z.4191587 --no-progressbar
[2026-07-07 22:54:45] [INFO] datasets download refseq_000508：第 1/3 次尝试。日志：/data3/p252701008/refseq_genomes_runlogs/logs/refseq_RefSeq_include_all_refseq_shards_size_1000_268328763/datasets_download_refseq_000508_20260707T121233Z.4191587.log.attempt1
[2026-07-07 22:55:03] [INFO] dehydrated 链接包下载完成：/data3/p252701008/refseq_genomes/contexts/refseq_RefSeq_include_all_refseq_shards_size_1000_268328763/dehydrated_links/zips/refseq_000508.zip
[2026-07-07 22:55:03] [INFO] 可用磁盘空间：5919 GB；阈值：2000 GB；路径：/data3/p252701008/refseq_genomes/contexts/refseq_RefSeq_include_all_refseq_shards_size_1000_268328763/dehydrated_links/zips
[2026-07-07 22:55:03] [INFO] 开始下载 dehydrated 链接包：refseq_000509；accession 数：1000
[2026-07-07 22:55:03] [INFO] 命令：datasets download genome accession --inputfile /data3/p252701008/refseq_genomes_runlogs/shards/refseq_RefSeq_include_all_refseq_shards_size_1000_268328763/refseq_shards_size_1000/refseq_000509.txt --dehydrated --include all --assembly-source RefSeq --filename /data3/p252701008/refseq_genomes/contexts/refseq_RefSeq_include_all_refseq_shards_size_1000_268328763/dehydrated_links/zips/refseq_000509.zip.partial.20260707T121233Z.4191587 --no-progressbar
[2026-07-07 22:55:03] [INFO] datasets download refseq_000509：第 1/3 次尝试。日志：/data3/p252701008/refseq_genomes_runlogs/logs/refseq_RefSeq_include_all_refseq_shards_size_1000_268328763/datasets_download_refseq_000509_20260707T121233Z.4191587.log.attempt1
[2026-07-07 22:55:23] [INFO] dehydrated 链接包下载完成：/data3/p252701008/refseq_genomes/contexts/refseq_RefSeq_include_all_refseq_shards_size_1000_268328763/dehydrated_links/zips/refseq_000509.zip
[2026-07-07 22:55:23] [INFO] 可用磁盘空间：5919 GB；阈值：2000 GB；路径：/data3/p252701008/refseq_genomes/contexts/refseq_RefSeq_include_all_refseq_shards_size_1000_268328763/dehydrated_links/zips
[2026-07-07 22:55:23] [INFO] 开始下载 dehydrated 链接包：refseq_000510；accession 数：1000
[2026-07-07 22:55:23] [INFO] 命令：datasets download genome accession --inputfile /data3/p252701008/refseq_genomes_runlogs/shards/refseq_RefSeq_include_all_refseq_shards_size_1000_268328763/refseq_shards_size_1000/refseq_000510.txt --dehydrated --include all --assembly-source RefSeq --filename /data3/p252701008/refseq_genomes/contexts/refseq_RefSeq_include_all_refseq_shards_size_1000_268328763/dehydrated_links/zips/refseq_000510.zip.partial.20260707T121233Z.4191587 --no-progressbar
[2026-07-07 22:55:23] [INFO] datasets download refseq_000510：第 1/3 次尝试。日志：/data3/p252701008/refseq_genomes_runlogs/logs/refseq_RefSeq_include_all_refseq_shards_size_1000_268328763/datasets_download_refseq_000510_20260707T121233Z.4191587.log.attempt1
[2026-07-07 22:55:43] [INFO] dehydrated 链接包下载完成：/data3/p252701008/refseq_genomes/contexts/refseq_RefSeq_include_all_refseq_shards_size_1000_268328763/dehydrated_links/zips/refseq_000510.zip
[2026-07-07 22:55:43] [INFO] 可用磁盘空间：5919 GB；阈值：2000 GB；路径：/data3/p252701008/refseq_genomes/contexts/refseq_RefSeq_include_all_refseq_shards_size_1000_268328763/dehydrated_links/zips
[2026-07-07 22:55:43] [INFO] 开始下载 dehydrated 链接包：refseq_000511；accession 数：1000
[2026-07-07 22:55:43] [INFO] 命令：datasets download genome accession --inputfile /data3/p252701008/refseq_genomes_runlogs/shards/refseq_RefSeq_include_all_refseq_shards_size_1000_268328763/refseq_shards_size_1000/refseq_000511.txt --dehydrated --include all --assembly-source RefSeq --filename /data3/p252701008/refseq_genomes/contexts/refseq_RefSeq_include_all_refseq_shards_size_1000_268328763/dehydrated_links/zips/refseq_000511.zip.partial.20260707T121233Z.4191587 --no-progressbar
[2026-07-07 22:55:43] [INFO] datasets download refseq_000511：第 1/3 次尝试。日志：/data3/p252701008/refseq_genomes_runlogs/logs/refseq_RefSeq_include_all_refseq_shards_size_1000_268328763/datasets_download_refseq_000511_20260707T121233Z.4191587.log.attempt1
[2026-07-07 22:56:03] [INFO] dehydrated 链接包下载完成：/data3/p252701008/refseq_genomes/contexts/refseq_RefSeq_include_all_refseq_shards_size_1000_268328763/dehydrated_links/zips/refseq_000511.zip
[2026-07-07 22:56:03] [INFO] 可用磁盘空间：5919 GB；阈值：2000 GB；路径：/data3/p252701008/refseq_genomes/contexts/refseq_RefSeq_include_all_refseq_shards_size_1000_268328763/dehydrated_links/zips
[2026-07-07 22:56:03] [INFO] 开始下载 dehydrated 链接包：refseq_000512；accession 数：1000
[2026-07-07 22:56:03] [INFO] 命令：datasets download genome accession --inputfile /data3/p252701008/refseq_genomes_runlogs/shards/refseq_RefSeq_include_all_refseq_shards_size_1000_268328763/refseq_shards_size_1000/refseq_000512.txt --dehydrated --include all --assembly-source RefSeq --filename /data3/p252701008/refseq_genomes/contexts/refseq_RefSeq_include_all_refseq_shards_size_1000_268328763/dehydrated_links/zips/refseq_000512.zip.partial.20260707T121233Z.4191587 --no-progressbar
[2026-07-07 22:56:03] [INFO] datasets download refseq_000512：第 1/3 次尝试。日志：/data3/p252701008/refseq_genomes_runlogs/logs/refseq_RefSeq_include_all_refseq_shards_size_1000_268328763/datasets_download_refseq_000512_20260707T121233Z.4191587.log.attempt1
[2026-07-07 22:56:22] [INFO] dehydrated 链接包下载完成：/data3/p252701008/refseq_genomes/contexts/refseq_RefSeq_include_all_refseq_shards_size_1000_268328763/dehydrated_links/zips/refseq_000512.zip
[2026-07-07 22:56:22] [INFO] 可用磁盘空间：5919 GB；阈值：2000 GB；路径：/data3/p252701008/refseq_genomes/contexts/refseq_RefSeq_include_all_refseq_shards_size_1000_268328763/dehydrated_links/zips
[2026-07-07 22:56:22] [INFO] 开始下载 dehydrated 链接包：refseq_000513；accession 数：1000
[2026-07-07 22:56:22] [INFO] 命令：datasets download genome accession --inputfile /data3/p252701008/refseq_genomes_runlogs/shards/refseq_RefSeq_include_all_refseq_shards_size_1000_268328763/refseq_shards_size_1000/refseq_000513.txt --dehydrated --include all --assembly-source RefSeq --filename /data3/p252701008/refseq_genomes/contexts/refseq_RefSeq_include_all_refseq_shards_size_1000_268328763/dehydrated_links/zips/refseq_000513.zip.partial.20260707T121233Z.4191587 --no-progressbar
[2026-07-07 22:56:22] [INFO] datasets download refseq_000513：第 1/3 次尝试。日志：/data3/p252701008/refseq_genomes_runlogs/logs/refseq_RefSeq_include_all_refseq_shards_size_1000_268328763/datasets_download_refseq_000513_20260707T121233Z.4191587.log.attempt1
[2026-07-07 22:56:42] [INFO] dehydrated 链接包下载完成：/data3/p252701008/refseq_genomes/contexts/refseq_RefSeq_include_all_refseq_shards_size_1000_268328763/dehydrated_links/zips/refseq_000513.zip
[2026-07-07 22:56:42] [INFO] 可用磁盘空间：5919 GB；阈值：2000 GB；路径：/data3/p252701008/refseq_genomes/contexts/refseq_RefSeq_include_all_refseq_shards_size_1000_268328763/dehydrated_links/zips
[2026-07-07 22:56:42] [INFO] 开始下载 dehydrated 链接包：refseq_000514；accession 数：1000
[2026-07-07 22:56:42] [INFO] 命令：datasets download genome accession --inputfile /data3/p252701008/refseq_genomes_runlogs/shards/refseq_RefSeq_include_all_refseq_shards_size_1000_268328763/refseq_shards_size_1000/refseq_000514.txt --dehydrated --include all --assembly-source RefSeq --filename /data3/p252701008/refseq_genomes/contexts/refseq_RefSeq_include_all_refseq_shards_size_1000_268328763/dehydrated_links/zips/refseq_000514.zip.partial.20260707T121233Z.4191587 --no-progressbar
[2026-07-07 22:56:42] [INFO] datasets download refseq_000514：第 1/3 次尝试。日志：/data3/p252701008/refseq_genomes_runlogs/logs/refseq_RefSeq_include_all_refseq_shards_size_1000_268328763/datasets_download_refseq_000514_20260707T121233Z.4191587.log.attempt1
[2026-07-07 22:57:00] [INFO] dehydrated 链接包下载完成：/data3/p252701008/refseq_genomes/contexts/refseq_RefSeq_include_all_refseq_shards_size_1000_268328763/dehydrated_links/zips/refseq_000514.zip
[2026-07-07 22:57:00] [INFO] 可用磁盘空间：5919 GB；阈值：2000 GB；路径：/data3/p252701008/refseq_genomes/contexts/refseq_RefSeq_include_all_refseq_shards_size_1000_268328763/dehydrated_links/zips
[2026-07-07 22:57:00] [INFO] 开始下载 dehydrated 链接包：refseq_000515；accession 数：1000
[2026-07-07 22:57:00] [INFO] 命令：datasets download genome accession --inputfile /data3/p252701008/refseq_genomes_runlogs/shards/refseq_RefSeq_include_all_refseq_shards_size_1000_268328763/refseq_shards_size_1000/refseq_000515.txt --dehydrated --include all --assembly-source RefSeq --filename /data3/p252701008/refseq_genomes/contexts/refseq_RefSeq_include_all_refseq_shards_size_1000_268328763/dehydrated_links/zips/refseq_000515.zip.partial.20260707T121233Z.4191587 --no-progressbar
[2026-07-07 22:57:00] [INFO] datasets download refseq_000515：第 1/3 次尝试。日志：/data3/p252701008/refseq_genomes_runlogs/logs/refseq_RefSeq_include_all_refseq_shards_size_1000_268328763/datasets_download_refseq_000515_20260707T121233Z.4191587.log.attempt1
[2026-07-07 22:57:17] [INFO] dehydrated 链接包下载完成：/data3/p252701008/refseq_genomes/contexts/refseq_RefSeq_include_all_refseq_shards_size_1000_268328763/dehydrated_links/zips/refseq_000515.zip
[2026-07-07 22:57:17] [INFO] 可用磁盘空间：5919 GB；阈值：2000 GB；路径：/data3/p252701008/refseq_genomes/contexts/refseq_RefSeq_include_all_refseq_shards_size_1000_268328763/dehydrated_links/zips
[2026-07-07 22:57:17] [INFO] 开始下载 dehydrated 链接包：refseq_000516；accession 数：1000
[2026-07-07 22:57:17] [INFO] 命令：datasets download genome accession --inputfile /data3/p252701008/refseq_genomes_runlogs/shards/refseq_RefSeq_include_all_refseq_shards_size_1000_268328763/refseq_shards_size_1000/refseq_000516.txt --dehydrated --include all --assembly-source RefSeq --filename /data3/p252701008/refseq_genomes/contexts/refseq_RefSeq_include_all_refseq_shards_size_1000_268328763/dehydrated_links/zips/refseq_000516.zip.partial.20260707T121233Z.4191587 --no-progressbar
[2026-07-07 22:57:17] [INFO] datasets download refseq_000516：第 1/3 次尝试。日志：/data3/p252701008/refseq_genomes_runlogs/logs/refseq_RefSeq_include_all_refseq_shards_size_1000_268328763/datasets_download_refseq_000516_20260707T121233Z.4191587.log.attempt1
[2026-07-07 22:57:46] [INFO] dehydrated 链接包下载完成：/data3/p252701008/refseq_genomes/contexts/refseq_RefSeq_include_all_refseq_shards_size_1000_268328763/dehydrated_links/zips/refseq_000516.zip
[2026-07-07 22:57:46] [INFO] 可用磁盘空间：5919 GB；阈值：2000 GB；路径：/data3/p252701008/refseq_genomes/contexts/refseq_RefSeq_include_all_refseq_shards_size_1000_268328763/dehydrated_links/zips
[2026-07-07 22:57:46] [INFO] 开始下载 dehydrated 链接包：refseq_000517；accession 数：1000
[2026-07-07 22:57:46] [INFO] 命令：datasets download genome accession --inputfile /data3/p252701008/refseq_genomes_runlogs/shards/refseq_RefSeq_include_all_refseq_shards_size_1000_268328763/refseq_shards_size_1000/refseq_000517.txt --dehydrated --include all --assembly-source RefSeq --filename /data3/p252701008/refseq_genomes/contexts/refseq_RefSeq_include_all_refseq_shards_size_1000_268328763/dehydrated_links/zips/refseq_000517.zip.partial.20260707T121233Z.4191587 --no-progressbar
[2026-07-07 22:57:46] [INFO] datasets download refseq_000517：第 1/3 次尝试。日志：/data3/p252701008/refseq_genomes_runlogs/logs/refseq_RefSeq_include_all_refseq_shards_size_1000_268328763/datasets_download_refseq_000517_20260707T121233Z.4191587.log.attempt1
[2026-07-07 22:58:06] [INFO] dehydrated 链接包下载完成：/data3/p252701008/refseq_genomes/contexts/refseq_RefSeq_include_all_refseq_shards_size_1000_268328763/dehydrated_links/zips/refseq_000517.zip
[2026-07-07 22:58:06] [INFO] 可用磁盘空间：5919 GB；阈值：2000 GB；路径：/data3/p252701008/refseq_genomes/contexts/refseq_RefSeq_include_all_refseq_shards_size_1000_268328763/dehydrated_links/zips
[2026-07-07 22:58:06] [INFO] 开始下载 dehydrated 链接包：refseq_000518；accession 数：1000
[2026-07-07 22:58:06] [INFO] 命令：datasets download genome accession --inputfile /data3/p252701008/refseq_genomes_runlogs/shards/refseq_RefSeq_include_all_refseq_shards_size_1000_268328763/refseq_shards_size_1000/refseq_000518.txt --dehydrated --include all --assembly-source RefSeq --filename /data3/p252701008/refseq_genomes/contexts/refseq_RefSeq_include_all_refseq_shards_size_1000_268328763/dehydrated_links/zips/refseq_000518.zip.partial.20260707T121233Z.4191587 --no-progressbar
[2026-07-07 22:58:06] [INFO] datasets download refseq_000518：第 1/3 次尝试。日志：/data3/p252701008/refseq_genomes_runlogs/logs/refseq_RefSeq_include_all_refseq_shards_size_1000_268328763/datasets_download_refseq_000518_20260707T121233Z.4191587.log.attempt1
[2026-07-07 22:58:25] [INFO] dehydrated 链接包下载完成：/data3/p252701008/refseq_genomes/contexts/refseq_RefSeq_include_all_refseq_shards_size_1000_268328763/dehydrated_links/zips/refseq_000518.zip
[2026-07-07 22:58:25] [INFO] 可用磁盘空间：5919 GB；阈值：2000 GB；路径：/data3/p252701008/refseq_genomes/contexts/refseq_RefSeq_include_all_refseq_shards_size_1000_268328763/dehydrated_links/zips
[2026-07-07 22:58:25] [INFO] 开始下载 dehydrated 链接包：refseq_000519；accession 数：1000
[2026-07-07 22:58:25] [INFO] 命令：datasets download genome accession --inputfile /data3/p252701008/refseq_genomes_runlogs/shards/refseq_RefSeq_include_all_refseq_shards_size_1000_268328763/refseq_shards_size_1000/refseq_000519.txt --dehydrated --include all --assembly-source RefSeq --filename /data3/p252701008/refseq_genomes/contexts/refseq_RefSeq_include_all_refseq_shards_size_1000_268328763/dehydrated_links/zips/refseq_000519.zip.partial.20260707T121233Z.4191587 --no-progressbar
[2026-07-07 22:58:25] [INFO] datasets download refseq_000519：第 1/3 次尝试。日志：/data3/p252701008/refseq_genomes_runlogs/logs/refseq_RefSeq_include_all_refseq_shards_size_1000_268328763/datasets_download_refseq_000519_20260707T121233Z.4191587.log.attempt1
[2026-07-07 22:58:43] [INFO] dehydrated 链接包下载完成：/data3/p252701008/refseq_genomes/contexts/refseq_RefSeq_include_all_refseq_shards_size_1000_268328763/dehydrated_links/zips/refseq_000519.zip
[2026-07-07 22:58:43] [INFO] 可用磁盘空间：5919 GB；阈值：2000 GB；路径：/data3/p252701008/refseq_genomes/contexts/refseq_RefSeq_include_all_refseq_shards_size_1000_268328763/dehydrated_links/zips
[2026-07-07 22:58:43] [INFO] 开始下载 dehydrated 链接包：refseq_000520；accession 数：1000
[2026-07-07 22:58:43] [INFO] 命令：datasets download genome accession --inputfile /data3/p252701008/refseq_genomes_runlogs/shards/refseq_RefSeq_include_all_refseq_shards_size_1000_268328763/refseq_shards_size_1000/refseq_000520.txt --dehydrated --include all --assembly-source RefSeq --filename /data3/p252701008/refseq_genomes/contexts/refseq_RefSeq_include_all_refseq_shards_size_1000_268328763/dehydrated_links/zips/refseq_000520.zip.partial.20260707T121233Z.4191587 --no-progressbar
[2026-07-07 22:58:43] [INFO] datasets download refseq_000520：第 1/3 次尝试。日志：/data3/p252701008/refseq_genomes_runlogs/logs/refseq_RefSeq_include_all_refseq_shards_size_1000_268328763/datasets_download_refseq_000520_20260707T121233Z.4191587.log.attempt1
[2026-07-07 22:59:01] [INFO] dehydrated 链接包下载完成：/data3/p252701008/refseq_genomes/contexts/refseq_RefSeq_include_all_refseq_shards_size_1000_268328763/dehydrated_links/zips/refseq_000520.zip
[2026-07-07 22:59:01] [INFO] 可用磁盘空间：5919 GB；阈值：2000 GB；路径：/data3/p252701008/refseq_genomes/contexts/refseq_RefSeq_include_all_refseq_shards_size_1000_268328763/dehydrated_links/zips
[2026-07-07 22:59:01] [INFO] 开始下载 dehydrated 链接包：refseq_000521；accession 数：1000
[2026-07-07 22:59:01] [INFO] 命令：datasets download genome accession --inputfile /data3/p252701008/refseq_genomes_runlogs/shards/refseq_RefSeq_include_all_refseq_shards_size_1000_268328763/refseq_shards_size_1000/refseq_000521.txt --dehydrated --include all --assembly-source RefSeq --filename /data3/p252701008/refseq_genomes/contexts/refseq_RefSeq_include_all_refseq_shards_size_1000_268328763/dehydrated_links/zips/refseq_000521.zip.partial.20260707T121233Z.4191587 --no-progressbar
[2026-07-07 22:59:01] [INFO] datasets download refseq_000521：第 1/3 次尝试。日志：/data3/p252701008/refseq_genomes_runlogs/logs/refseq_RefSeq_include_all_refseq_shards_size_1000_268328763/datasets_download_refseq_000521_20260707T121233Z.4191587.log.attempt1
[2026-07-07 22:59:21] [INFO] dehydrated 链接包下载完成：/data3/p252701008/refseq_genomes/contexts/refseq_RefSeq_include_all_refseq_shards_size_1000_268328763/dehydrated_links/zips/refseq_000521.zip
[2026-07-07 22:59:21] [INFO] 可用磁盘空间：5919 GB；阈值：2000 GB；路径：/data3/p252701008/refseq_genomes/contexts/refseq_RefSeq_include_all_refseq_shards_size_1000_268328763/dehydrated_links/zips
[2026-07-07 22:59:21] [INFO] 开始下载 dehydrated 链接包：refseq_000522；accession 数：1000
[2026-07-07 22:59:21] [INFO] 命令：datasets download genome accession --inputfile /data3/p252701008/refseq_genomes_runlogs/shards/refseq_RefSeq_include_all_refseq_shards_size_1000_268328763/refseq_shards_size_1000/refseq_000522.txt --dehydrated --include all --assembly-source RefSeq --filename /data3/p252701008/refseq_genomes/contexts/refseq_RefSeq_include_all_refseq_shards_size_1000_268328763/dehydrated_links/zips/refseq_000522.zip.partial.20260707T121233Z.4191587 --no-progressbar
[2026-07-07 22:59:21] [INFO] datasets download refseq_000522：第 1/3 次尝试。日志：/data3/p252701008/refseq_genomes_runlogs/logs/refseq_RefSeq_include_all_refseq_shards_size_1000_268328763/datasets_download_refseq_000522_20260707T121233Z.4191587.log.attempt1
[2026-07-07 22:59:37] [INFO] dehydrated 链接包下载完成：/data3/p252701008/refseq_genomes/contexts/refseq_RefSeq_include_all_refseq_shards_size_1000_268328763/dehydrated_links/zips/refseq_000522.zip
[2026-07-07 22:59:37] [INFO] 可用磁盘空间：5919 GB；阈值：2000 GB；路径：/data3/p252701008/refseq_genomes/contexts/refseq_RefSeq_include_all_refseq_shards_size_1000_268328763/dehydrated_links/zips
[2026-07-07 22:59:37] [INFO] 开始下载 dehydrated 链接包：refseq_000523；accession 数：1000
[2026-07-07 22:59:37] [INFO] 命令：datasets download genome accession --inputfile /data3/p252701008/refseq_genomes_runlogs/shards/refseq_RefSeq_include_all_refseq_shards_size_1000_268328763/refseq_shards_size_1000/refseq_000523.txt --dehydrated --include all --assembly-source RefSeq --filename /data3/p252701008/refseq_genomes/contexts/refseq_RefSeq_include_all_refseq_shards_size_1000_268328763/dehydrated_links/zips/refseq_000523.zip.partial.20260707T121233Z.4191587 --no-progressbar
[2026-07-07 22:59:37] [INFO] datasets download refseq_000523：第 1/3 次尝试。日志：/data3/p252701008/refseq_genomes_runlogs/logs/refseq_RefSeq_include_all_refseq_shards_size_1000_268328763/datasets_download_refseq_000523_20260707T121233Z.4191587.log.attempt1
[2026-07-07 22:59:56] [INFO] dehydrated 链接包下载完成：/data3/p252701008/refseq_genomes/contexts/refseq_RefSeq_include_all_refseq_shards_size_1000_268328763/dehydrated_links/zips/refseq_000523.zip
[2026-07-07 22:59:56] [INFO] 可用磁盘空间：5919 GB；阈值：2000 GB；路径：/data3/p252701008/refseq_genomes/contexts/refseq_RefSeq_include_all_refseq_shards_size_1000_268328763/dehydrated_links/zips
[2026-07-07 22:59:56] [INFO] 开始下载 dehydrated 链接包：refseq_000524；accession 数：1000
[2026-07-07 22:59:56] [INFO] 命令：datasets download genome accession --inputfile /data3/p252701008/refseq_genomes_runlogs/shards/refseq_RefSeq_include_all_refseq_shards_size_1000_268328763/refseq_shards_size_1000/refseq_000524.txt --dehydrated --include all --assembly-source RefSeq --filename /data3/p252701008/refseq_genomes/contexts/refseq_RefSeq_include_all_refseq_shards_size_1000_268328763/dehydrated_links/zips/refseq_000524.zip.partial.20260707T121233Z.4191587 --no-progressbar
[2026-07-07 22:59:56] [INFO] datasets download refseq_000524：第 1/3 次尝试。日志：/data3/p252701008/refseq_genomes_runlogs/logs/refseq_RefSeq_include_all_refseq_shards_size_1000_268328763/datasets_download_refseq_000524_20260707T121233Z.4191587.log.attempt1
[2026-07-07 23:00:13] [INFO] dehydrated 链接包下载完成：/data3/p252701008/refseq_genomes/contexts/refseq_RefSeq_include_all_refseq_shards_size_1000_268328763/dehydrated_links/zips/refseq_000524.zip
[2026-07-07 23:00:13] [INFO] 可用磁盘空间：5919 GB；阈值：2000 GB；路径：/data3/p252701008/refseq_genomes/contexts/refseq_RefSeq_include_all_refseq_shards_size_1000_268328763/dehydrated_links/zips
[2026-07-07 23:00:13] [INFO] 开始下载 dehydrated 链接包：refseq_000525；accession 数：1000
[2026-07-07 23:00:13] [INFO] 命令：datasets download genome accession --inputfile /data3/p252701008/refseq_genomes_runlogs/shards/refseq_RefSeq_include_all_refseq_shards_size_1000_268328763/refseq_shards_size_1000/refseq_000525.txt --dehydrated --include all --assembly-source RefSeq --filename /data3/p252701008/refseq_genomes/contexts/refseq_RefSeq_include_all_refseq_shards_size_1000_268328763/dehydrated_links/zips/refseq_000525.zip.partial.20260707T121233Z.4191587 --no-progressbar
[2026-07-07 23:00:13] [INFO] datasets download refseq_000525：第 1/3 次尝试。日志：/data3/p252701008/refseq_genomes_runlogs/logs/refseq_RefSeq_include_all_refseq_shards_size_1000_268328763/datasets_download_refseq_000525_20260707T121233Z.4191587.log.attempt1
[2026-07-07 23:00:33] [INFO] dehydrated 链接包下载完成：/data3/p252701008/refseq_genomes/contexts/refseq_RefSeq_include_all_refseq_shards_size_1000_268328763/dehydrated_links/zips/refseq_000525.zip
[2026-07-07 23:00:33] [INFO] 可用磁盘空间：5919 GB；阈值：2000 GB；路径：/data3/p252701008/refseq_genomes/contexts/refseq_RefSeq_include_all_refseq_shards_size_1000_268328763/dehydrated_links/zips
[2026-07-07 23:00:33] [INFO] 开始下载 dehydrated 链接包：refseq_000526；accession 数：1000
[2026-07-07 23:00:33] [INFO] 命令：datasets download genome accession --inputfile /data3/p252701008/refseq_genomes_runlogs/shards/refseq_RefSeq_include_all_refseq_shards_size_1000_268328763/refseq_shards_size_1000/refseq_000526.txt --dehydrated --include all --assembly-source RefSeq --filename /data3/p252701008/refseq_genomes/contexts/refseq_RefSeq_include_all_refseq_shards_size_1000_268328763/dehydrated_links/zips/refseq_000526.zip.partial.20260707T121233Z.4191587 --no-progressbar
[2026-07-07 23:00:33] [INFO] datasets download refseq_000526：第 1/3 次尝试。日志：/data3/p252701008/refseq_genomes_runlogs/logs/refseq_RefSeq_include_all_refseq_shards_size_1000_268328763/datasets_download_refseq_000526_20260707T121233Z.4191587.log.attempt1
[2026-07-07 23:00:52] [INFO] dehydrated 链接包下载完成：/data3/p252701008/refseq_genomes/contexts/refseq_RefSeq_include_all_refseq_shards_size_1000_268328763/dehydrated_links/zips/refseq_000526.zip
[2026-07-07 23:00:52] [INFO] 可用磁盘空间：5919 GB；阈值：2000 GB；路径：/data3/p252701008/refseq_genomes/contexts/refseq_RefSeq_include_all_refseq_shards_size_1000_268328763/dehydrated_links/zips
[2026-07-07 23:00:52] [INFO] 开始下载 dehydrated 链接包：refseq_000527；accession 数：1000
[2026-07-07 23:00:52] [INFO] 命令：datasets download genome accession --inputfile /data3/p252701008/refseq_genomes_runlogs/shards/refseq_RefSeq_include_all_refseq_shards_size_1000_268328763/refseq_shards_size_1000/refseq_000527.txt --dehydrated --include all --assembly-source RefSeq --filename /data3/p252701008/refseq_genomes/contexts/refseq_RefSeq_include_all_refseq_shards_size_1000_268328763/dehydrated_links/zips/refseq_000527.zip.partial.20260707T121233Z.4191587 --no-progressbar
[2026-07-07 23:00:52] [INFO] datasets download refseq_000527：第 1/3 次尝试。日志：/data3/p252701008/refseq_genomes_runlogs/logs/refseq_RefSeq_include_all_refseq_shards_size_1000_268328763/datasets_download_refseq_000527_20260707T121233Z.4191587.log.attempt1
[2026-07-07 23:01:10] [INFO] dehydrated 链接包下载完成：/data3/p252701008/refseq_genomes/contexts/refseq_RefSeq_include_all_refseq_shards_size_1000_268328763/dehydrated_links/zips/refseq_000527.zip
[2026-07-07 23:01:10] [INFO] 可用磁盘空间：5919 GB；阈值：2000 GB；路径：/data3/p252701008/refseq_genomes/contexts/refseq_RefSeq_include_all_refseq_shards_size_1000_268328763/dehydrated_links/zips
[2026-07-07 23:01:10] [INFO] 开始下载 dehydrated 链接包：refseq_000528；accession 数：1000
[2026-07-07 23:01:10] [INFO] 命令：datasets download genome accession --inputfile /data3/p252701008/refseq_genomes_runlogs/shards/refseq_RefSeq_include_all_refseq_shards_size_1000_268328763/refseq_shards_size_1000/refseq_000528.txt --dehydrated --include all --assembly-source RefSeq --filename /data3/p252701008/refseq_genomes/contexts/refseq_RefSeq_include_all_refseq_shards_size_1000_268328763/dehydrated_links/zips/refseq_000528.zip.partial.20260707T121233Z.4191587 --no-progressbar
[2026-07-07 23:01:10] [INFO] datasets download refseq_000528：第 1/3 次尝试。日志：/data3/p252701008/refseq_genomes_runlogs/logs/refseq_RefSeq_include_all_refseq_shards_size_1000_268328763/datasets_download_refseq_000528_20260707T121233Z.4191587.log.attempt1
[2026-07-07 23:01:31] [INFO] dehydrated 链接包下载完成：/data3/p252701008/refseq_genomes/contexts/refseq_RefSeq_include_all_refseq_shards_size_1000_268328763/dehydrated_links/zips/refseq_000528.zip
[2026-07-07 23:01:31] [INFO] 可用磁盘空间：5919 GB；阈值：2000 GB；路径：/data3/p252701008/refseq_genomes/contexts/refseq_RefSeq_include_all_refseq_shards_size_1000_268328763/dehydrated_links/zips
[2026-07-07 23:01:31] [INFO] 开始下载 dehydrated 链接包：refseq_000529；accession 数：108
[2026-07-07 23:01:31] [INFO] 命令：datasets download genome accession --inputfile /data3/p252701008/refseq_genomes_runlogs/shards/refseq_RefSeq_include_all_refseq_shards_size_1000_268328763/refseq_shards_size_1000/refseq_000529.txt --dehydrated --include all --assembly-source RefSeq --filename /data3/p252701008/refseq_genomes/contexts/refseq_RefSeq_include_all_refseq_shards_size_1000_268328763/dehydrated_links/zips/refseq_000529.zip.partial.20260707T121233Z.4191587 --no-progressbar
[2026-07-07 23:01:31] [INFO] datasets download refseq_000529：第 1/3 次尝试。日志：/data3/p252701008/refseq_genomes_runlogs/logs/refseq_RefSeq_include_all_refseq_shards_size_1000_268328763/datasets_download_refseq_000529_20260707T121233Z.4191587.log.attempt1
[2026-07-07 23:01:35] [INFO] dehydrated 链接包下载完成：/data3/p252701008/refseq_genomes/contexts/refseq_RefSeq_include_all_refseq_shards_size_1000_268328763/dehydrated_links/zips/refseq_000529.zip
[2026-07-07 23:01:35] [INFO] 所有 dehydrated 链接包下载完成。状态表：/data3/p252701008/refseq_genomes_runlogs/status/refseq_RefSeq_include_all_refseq_shards_size_1000_268328763/package_status.tsv
[2026-07-07 23:01:35] [INFO] 开始解包 dehydrated 链接包：/data3/p252701008/refseq_genomes/contexts/refseq_RefSeq_include_all_refseq_shards_size_1000_268328763/dehydrated_links/zips/refseq_000000.zip -> /data3/p252701008/refseq_genomes/contexts/refseq_RefSeq_include_all_refseq_shards_size_1000_268328763/dehydrated_links/unzipped/refseq_000000
[2026-07-07 23:01:35] [INFO] 开始解包 dehydrated 链接包：/data3/p252701008/refseq_genomes/contexts/refseq_RefSeq_include_all_refseq_shards_size_1000_268328763/dehydrated_links/zips/refseq_000001.zip -> /data3/p252701008/refseq_genomes/contexts/refseq_RefSeq_include_all_refseq_shards_size_1000_268328763/dehydrated_links/unzipped/refseq_000001
[2026-07-07 23:01:35] [INFO] 开始解包 dehydrated 链接包：/data3/p252701008/refseq_genomes/contexts/refseq_RefSeq_include_all_refseq_shards_size_1000_268328763/dehydrated_links/zips/refseq_000002.zip -> /data3/p252701008/refseq_genomes/contexts/refseq_RefSeq_include_all_refseq_shards_size_1000_268328763/dehydrated_links/unzipped/refseq_000002
[2026-07-07 23:01:35] [INFO] 开始解包 dehydrated 链接包：/data3/p252701008/refseq_genomes/contexts/refseq_RefSeq_include_all_refseq_shards_size_1000_268328763/dehydrated_links/zips/refseq_000003.zip -> /data3/p252701008/refseq_genomes/contexts/refseq_RefSeq_include_all_refseq_shards_size_1000_268328763/dehydrated_links/unzipped/refseq_000003
[2026-07-07 23:01:36] [INFO] 开始解包 dehydrated 链接包：/data3/p252701008/refseq_genomes/contexts/refseq_RefSeq_include_all_refseq_shards_size_1000_268328763/dehydrated_links/zips/refseq_000004.zip -> /data3/p252701008/refseq_genomes/contexts/refseq_RefSeq_include_all_refseq_shards_size_1000_268328763/dehydrated_links/unzipped/refseq_000004
[2026-07-07 23:01:36] [INFO] 开始解包 dehydrated 链接包：/data3/p252701008/refseq_genomes/contexts/refseq_RefSeq_include_all_refseq_shards_size_1000_268328763/dehydrated_links/zips/refseq_000005.zip -> /data3/p252701008/refseq_genomes/contexts/refseq_RefSeq_include_all_refseq_shards_size_1000_268328763/dehydrated_links/unzipped/refseq_000005
[2026-07-07 23:01:36] [INFO] 开始解包 dehydrated 链接包：/data3/p252701008/refseq_genomes/contexts/refseq_RefSeq_include_all_refseq_shards_size_1000_268328763/dehydrated_links/zips/refseq_000006.zip -> /data3/p252701008/refseq_genomes/contexts/refseq_RefSeq_include_all_refseq_shards_size_1000_268328763/dehydrated_links/unzipped/refseq_000006
[2026-07-07 23:01:36] [INFO] 开始解包 dehydrated 链接包：/data3/p252701008/refseq_genomes/contexts/refseq_RefSeq_include_all_refseq_shards_size_1000_268328763/dehydrated_links/zips/refseq_000007.zip -> /data3/p252701008/refseq_genomes/contexts/refseq_RefSeq_include_all_refseq_shards_size_1000_268328763/dehydrated_links/unzipped/refseq_000007
[2026-07-07 23:01:36] [INFO] 开始解包 dehydrated 链接包：/data3/p252701008/refseq_genomes/contexts/refseq_RefSeq_include_all_refseq_shards_size_1000_268328763/dehydrated_links/zips/refseq_000008.zip -> /data3/p252701008/refseq_genomes/contexts/refseq_RefSeq_include_all_refseq_shards_size_1000_268328763/dehydrated_links/unzipped/refseq_000008
[2026-07-07 23:01:36] [INFO] 开始解包 dehydrated 链接包：/data3/p252701008/refseq_genomes/contexts/refseq_RefSeq_include_all_refseq_shards_size_1000_268328763/dehydrated_links/zips/refseq_000009.zip -> /data3/p252701008/refseq_genomes/contexts/refseq_RefSeq_include_all_refseq_shards_size_1000_268328763/dehydrated_links/unzipped/refseq_000009
[2026-07-07 23:01:36] [INFO] 开始解包 dehydrated 链接包：/data3/p252701008/refseq_genomes/contexts/refseq_RefSeq_include_all_refseq_shards_size_1000_268328763/dehydrated_links/zips/refseq_000010.zip -> /data3/p252701008/refseq_genomes/contexts/refseq_RefSeq_include_all_refseq_shards_size_1000_268328763/dehydrated_links/unzipped/refseq_000010
[2026-07-07 23:01:36] [INFO] 开始解包 dehydrated 链接包：/data3/p252701008/refseq_genomes/contexts/refseq_RefSeq_include_all_refseq_shards_size_1000_268328763/dehydrated_links/zips/refseq_000011.zip -> /data3/p252701008/refseq_genomes/contexts/refseq_RefSeq_include_all_refseq_shards_size_1000_268328763/dehydrated_links/unzipped/refseq_000011
[2026-07-07 23:01:36] [INFO] 开始解包 dehydrated 链接包：/data3/p252701008/refseq_genomes/contexts/refseq_RefSeq_include_all_refseq_shards_size_1000_268328763/dehydrated_links/zips/refseq_000012.zip -> /data3/p252701008/refseq_genomes/contexts/refseq_RefSeq_include_all_refseq_shards_size_1000_268328763/dehydrated_links/unzipped/refseq_000012
[2026-07-07 23:01:36] [INFO] 开始解包 dehydrated 链接包：/data3/p252701008/refseq_genomes/contexts/refseq_RefSeq_include_all_refseq_shards_size_1000_268328763/dehydrated_links/zips/refseq_000013.zip -> /data3/p252701008/refseq_genomes/contexts/refseq_RefSeq_include_all_refseq_shards_size_1000_268328763/dehydrated_links/unzipped/refseq_000013
[2026-07-07 23:01:36] [INFO] 开始解包 dehydrated 链接包：/data3/p252701008/refseq_genomes/contexts/refseq_RefSeq_include_all_refseq_shards_size_1000_268328763/dehydrated_links/zips/refseq_000014.zip -> /data3/p252701008/refseq_genomes/contexts/refseq_RefSeq_include_all_refseq_shards_size_1000_268328763/dehydrated_links/unzipped/refseq_000014
[2026-07-07 23:01:36] [INFO] 开始解包 dehydrated 链接包：/data3/p252701008/refseq_genomes/contexts/refseq_RefSeq_include_all_refseq_shards_size_1000_268328763/dehydrated_links/zips/refseq_000015.zip -> /data3/p252701008/refseq_genomes/contexts/refseq_RefSeq_include_all_refseq_shards_size_1000_268328763/dehydrated_links/unzipped/refseq_000015
[2026-07-07 23:01:36] [INFO] 开始解包 dehydrated 链接包：/data3/p252701008/refseq_genomes/contexts/refseq_RefSeq_include_all_refseq_shards_size_1000_268328763/dehydrated_links/zips/refseq_000016.zip -> /data3/p252701008/refseq_genomes/contexts/refseq_RefSeq_include_all_refseq_shards_size_1000_268328763/dehydrated_links/unzipped/refseq_000016
[2026-07-07 23:01:36] [INFO] 开始解包 dehydrated 链接包：/data3/p252701008/refseq_genomes/contexts/refseq_RefSeq_include_all_refseq_shards_size_1000_268328763/dehydrated_links/zips/refseq_000017.zip -> /data3/p252701008/refseq_genomes/contexts/refseq_RefSeq_include_all_refseq_shards_size_1000_268328763/dehydrated_links/unzipped/refseq_000017
[2026-07-07 23:01:36] [INFO] 开始解包 dehydrated 链接包：/data3/p252701008/refseq_genomes/contexts/refseq_RefSeq_include_all_refseq_shards_size_1000_268328763/dehydrated_links/zips/refseq_000018.zip -> /data3/p252701008/refseq_genomes/contexts/refseq_RefSeq_include_all_refseq_shards_size_1000_268328763/dehydrated_links/unzipped/refseq_000018
[2026-07-07 23:01:37] [INFO] 开始解包 dehydrated 链接包：/data3/p252701008/refseq_genomes/contexts/refseq_RefSeq_include_all_refseq_shards_size_1000_268328763/dehydrated_links/zips/refseq_000019.zip -> /data3/p252701008/refseq_genomes/contexts/refseq_RefSeq_include_all_refseq_shards_size_1000_268328763/dehydrated_links/unzipped/refseq_000019
[2026-07-07 23:01:37] [INFO] 开始解包 dehydrated 链接包：/data3/p252701008/refseq_genomes/contexts/refseq_RefSeq_include_all_refseq_shards_size_1000_268328763/dehydrated_links/zips/refseq_000020.zip -> /data3/p252701008/refseq_genomes/contexts/refseq_RefSeq_include_all_refseq_shards_size_1000_268328763/dehydrated_links/unzipped/refseq_000020
[2026-07-07 23:01:37] [INFO] 开始解包 dehydrated 链接包：/data3/p252701008/refseq_genomes/contexts/refseq_RefSeq_include_all_refseq_shards_size_1000_268328763/dehydrated_links/zips/refseq_000021.zip -> /data3/p252701008/refseq_genomes/contexts/refseq_RefSeq_include_all_refseq_shards_size_1000_268328763/dehydrated_links/unzipped/refseq_000021
[2026-07-07 23:01:37] [INFO] 开始解包 dehydrated 链接包：/data3/p252701008/refseq_genomes/contexts/refseq_RefSeq_include_all_refseq_shards_size_1000_268328763/dehydrated_links/zips/refseq_000022.zip -> /data3/p252701008/refseq_genomes/contexts/refseq_RefSeq_include_all_refseq_shards_size_1000_268328763/dehydrated_links/unzipped/refseq_000022
[2026-07-07 23:01:37] [INFO] 开始解包 dehydrated 链接包：/data3/p252701008/refseq_genomes/contexts/refseq_RefSeq_include_all_refseq_shards_size_1000_268328763/dehydrated_links/zips/refseq_000023.zip -> /data3/p252701008/refseq_genomes/contexts/refseq_RefSeq_include_all_refseq_shards_size_1000_268328763/dehydrated_links/unzipped/refseq_000023
[2026-07-07 23:01:37] [INFO] 开始解包 dehydrated 链接包：/data3/p252701008/refseq_genomes/contexts/refseq_RefSeq_include_all_refseq_shards_size_1000_268328763/dehydrated_links/zips/refseq_000024.zip -> /data3/p252701008/refseq_genomes/contexts/refseq_RefSeq_include_all_refseq_shards_size_1000_268328763/dehydrated_links/unzipped/refseq_000024
[2026-07-07 23:01:37] [INFO] 开始解包 dehydrated 链接包：/data3/p252701008/refseq_genomes/contexts/refseq_RefSeq_include_all_refseq_shards_size_1000_268328763/dehydrated_links/zips/refseq_000025.zip -> /data3/p252701008/refseq_genomes/contexts/refseq_RefSeq_include_all_refseq_shards_size_1000_268328763/dehydrated_links/unzipped/refseq_000025
[2026-07-07 23:01:37] [INFO] 开始解包 dehydrated 链接包：/data3/p252701008/refseq_genomes/contexts/refseq_RefSeq_include_all_refseq_shards_size_1000_268328763/dehydrated_links/zips/refseq_000026.zip -> /data3/p252701008/refseq_genomes/contexts/refseq_RefSeq_include_all_refseq_shards_size_1000_268328763/dehydrated_links/unzipped/refseq_000026
[2026-07-07 23:01:37] [INFO] 开始解包 dehydrated 链接包：/data3/p252701008/refseq_genomes/contexts/refseq_RefSeq_include_all_refseq_shards_size_1000_268328763/dehydrated_links/zips/refseq_000027.zip -> /data3/p252701008/refseq_genomes/contexts/refseq_RefSeq_include_all_refseq_shards_size_1000_268328763/dehydrated_links/unzipped/refseq_000027
[2026-07-07 23:01:37] [INFO] 开始解包 dehydrated 链接包：/data3/p252701008/refseq_genomes/contexts/refseq_RefSeq_include_all_refseq_shards_size_1000_268328763/dehydrated_links/zips/refseq_000028.zip -> /data3/p252701008/refseq_genomes/contexts/refseq_RefSeq_include_all_refseq_shards_size_1000_268328763/dehydrated_links/unzipped/refseq_000028
[2026-07-07 23:01:37] [INFO] 开始解包 dehydrated 链接包：/data3/p252701008/refseq_genomes/contexts/refseq_RefSeq_include_all_refseq_shards_size_1000_268328763/dehydrated_links/zips/refseq_000029.zip -> /data3/p252701008/refseq_genomes/contexts/refseq_RefSeq_include_all_refseq_shards_size_1000_268328763/dehydrated_links/unzipped/refseq_000029
[2026-07-07 23:01:37] [INFO] 开始解包 dehydrated 链接包：/data3/p252701008/refseq_genomes/contexts/refseq_RefSeq_include_all_refseq_shards_size_1000_268328763/dehydrated_links/zips/refseq_000030.zip -> /data3/p252701008/refseq_genomes/contexts/refseq_RefSeq_include_all_refseq_shards_size_1000_268328763/dehydrated_links/unzipped/refseq_000030
[2026-07-07 23:01:37] [INFO] 开始解包 dehydrated 链接包：/data3/p252701008/refseq_genomes/contexts/refseq_RefSeq_include_all_refseq_shards_size_1000_268328763/dehydrated_links/zips/refseq_000031.zip -> /data3/p252701008/refseq_genomes/contexts/refseq_RefSeq_include_all_refseq_shards_size_1000_268328763/dehydrated_links/unzipped/refseq_000031
[2026-07-07 23:01:37] [INFO] 开始解包 dehydrated 链接包：/data3/p252701008/refseq_genomes/contexts/refseq_RefSeq_include_all_refseq_shards_size_1000_268328763/dehydrated_links/zips/refseq_000032.zip -> /data3/p252701008/refseq_genomes/contexts/refseq_RefSeq_include_all_refseq_shards_size_1000_268328763/dehydrated_links/unzipped/refseq_000032
[2026-07-07 23:01:37] [INFO] 开始解包 dehydrated 链接包：/data3/p252701008/refseq_genomes/contexts/refseq_RefSeq_include_all_refseq_shards_size_1000_268328763/dehydrated_links/zips/refseq_000033.zip -> /data3/p252701008/refseq_genomes/contexts/refseq_RefSeq_include_all_refseq_shards_size_1000_268328763/dehydrated_links/unzipped/refseq_000033
[2026-07-07 23:01:37] [INFO] 开始解包 dehydrated 链接包：/data3/p252701008/refseq_genomes/contexts/refseq_RefSeq_include_all_refseq_shards_size_1000_268328763/dehydrated_links/zips/refseq_000034.zip -> /data3/p252701008/refseq_genomes/contexts/refseq_RefSeq_include_all_refseq_shards_size_1000_268328763/dehydrated_links/unzipped/refseq_000034
[2026-07-07 23:01:37] [INFO] 开始解包 dehydrated 链接包：/data3/p252701008/refseq_genomes/contexts/refseq_RefSeq_include_all_refseq_shards_size_1000_268328763/dehydrated_links/zips/refseq_000035.zip -> /data3/p252701008/refseq_genomes/contexts/refseq_RefSeq_include_all_refseq_shards_size_1000_268328763/dehydrated_links/unzipped/refseq_000035
[2026-07-07 23:01:38] [INFO] 开始解包 dehydrated 链接包：/data3/p252701008/refseq_genomes/contexts/refseq_RefSeq_include_all_refseq_shards_size_1000_268328763/dehydrated_links/zips/refseq_000036.zip -> /data3/p252701008/refseq_genomes/contexts/refseq_RefSeq_include_all_refseq_shards_size_1000_268328763/dehydrated_links/unzipped/refseq_000036
[2026-07-07 23:01:38] [INFO] 开始解包 dehydrated 链接包：/data3/p252701008/refseq_genomes/contexts/refseq_RefSeq_include_all_refseq_shards_size_1000_268328763/dehydrated_links/zips/refseq_000037.zip -> /data3/p252701008/refseq_genomes/contexts/refseq_RefSeq_include_all_refseq_shards_size_1000_268328763/dehydrated_links/unzipped/refseq_000037
[2026-07-07 23:01:38] [INFO] 开始解包 dehydrated 链接包：/data3/p252701008/refseq_genomes/contexts/refseq_RefSeq_include_all_refseq_shards_size_1000_268328763/dehydrated_links/zips/refseq_000038.zip -> /data3/p252701008/refseq_genomes/contexts/refseq_RefSeq_include_all_refseq_shards_size_1000_268328763/dehydrated_links/unzipped/refseq_000038
[2026-07-07 23:01:38] [INFO] 开始解包 dehydrated 链接包：/data3/p252701008/refseq_genomes/contexts/refseq_RefSeq_include_all_refseq_shards_size_1000_268328763/dehydrated_links/zips/refseq_000039.zip -> /data3/p252701008/refseq_genomes/contexts/refseq_RefSeq_include_all_refseq_shards_size_1000_268328763/dehydrated_links/unzipped/refseq_000039
[2026-07-07 23:01:38] [INFO] 开始解包 dehydrated 链接包：/data3/p252701008/refseq_genomes/contexts/refseq_RefSeq_include_all_refseq_shards_size_1000_268328763/dehydrated_links/zips/refseq_000040.zip -> /data3/p252701008/refseq_genomes/contexts/refseq_RefSeq_include_all_refseq_shards_size_1000_268328763/dehydrated_links/unzipped/refseq_000040
[2026-07-07 23:01:38] [INFO] 开始解包 dehydrated 链接包：/data3/p252701008/refseq_genomes/contexts/refseq_RefSeq_include_all_refseq_shards_size_1000_268328763/dehydrated_links/zips/refseq_000041.zip -> /data3/p252701008/refseq_genomes/contexts/refseq_RefSeq_include_all_refseq_shards_size_1000_268328763/dehydrated_links/unzipped/refseq_000041
[2026-07-07 23:01:38] [INFO] 开始解包 dehydrated 链接包：/data3/p252701008/refseq_genomes/contexts/refseq_RefSeq_include_all_refseq_shards_size_1000_268328763/dehydrated_links/zips/refseq_000042.zip -> /data3/p252701008/refseq_genomes/contexts/refseq_RefSeq_include_all_refseq_shards_size_1000_268328763/dehydrated_links/unzipped/refseq_000042
[2026-07-07 23:01:38] [INFO] 开始解包 dehydrated 链接包：/data3/p252701008/refseq_genomes/contexts/refseq_RefSeq_include_all_refseq_shards_size_1000_268328763/dehydrated_links/zips/refseq_000043.zip -> /data3/p252701008/refseq_genomes/contexts/refseq_RefSeq_include_all_refseq_shards_size_1000_268328763/dehydrated_links/unzipped/refseq_000043
[2026-07-07 23:01:38] [INFO] 开始解包 dehydrated 链接包：/data3/p252701008/refseq_genomes/contexts/refseq_RefSeq_include_all_refseq_shards_size_1000_268328763/dehydrated_links/zips/refseq_000044.zip -> /data3/p252701008/refseq_genomes/contexts/refseq_RefSeq_include_all_refseq_shards_size_1000_268328763/dehydrated_links/unzipped/refseq_000044
[2026-07-07 23:01:38] [INFO] 开始解包 dehydrated 链接包：/data3/p252701008/refseq_genomes/contexts/refseq_RefSeq_include_all_refseq_shards_size_1000_268328763/dehydrated_links/zips/refseq_000045.zip -> /data3/p252701008/refseq_genomes/contexts/refseq_RefSeq_include_all_refseq_shards_size_1000_268328763/dehydrated_links/unzipped/refseq_000045
[2026-07-07 23:01:38] [INFO] 开始解包 dehydrated 链接包：/data3/p252701008/refseq_genomes/contexts/refseq_RefSeq_include_all_refseq_shards_size_1000_268328763/dehydrated_links/zips/refseq_000046.zip -> /data3/p252701008/refseq_genomes/contexts/refseq_RefSeq_include_all_refseq_shards_size_1000_268328763/dehydrated_links/unzipped/refseq_000046
[2026-07-07 23:01:38] [INFO] 开始解包 dehydrated 链接包：/data3/p252701008/refseq_genomes/contexts/refseq_RefSeq_include_all_refseq_shards_size_1000_268328763/dehydrated_links/zips/refseq_000047.zip -> /data3/p252701008/refseq_genomes/contexts/refseq_RefSeq_include_all_refseq_shards_size_1000_268328763/dehydrated_links/unzipped/refseq_000047
[2026-07-07 23:01:38] [INFO] 开始解包 dehydrated 链接包：/data3/p252701008/refseq_genomes/contexts/refseq_RefSeq_include_all_refseq_shards_size_1000_268328763/dehydrated_links/zips/refseq_000048.zip -> /data3/p252701008/refseq_genomes/contexts/refseq_RefSeq_include_all_refseq_shards_size_1000_268328763/dehydrated_links/unzipped/refseq_000048
[2026-07-07 23:01:38] [INFO] 开始解包 dehydrated 链接包：/data3/p252701008/refseq_genomes/contexts/refseq_RefSeq_include_all_refseq_shards_size_1000_268328763/dehydrated_links/zips/refseq_000049.zip -> /data3/p252701008/refseq_genomes/contexts/refseq_RefSeq_include_all_refseq_shards_size_1000_268328763/dehydrated_links/unzipped/refseq_000049
[2026-07-07 23:01:38] [INFO] 开始解包 dehydrated 链接包：/data3/p252701008/refseq_genomes/contexts/refseq_RefSeq_include_all_refseq_shards_size_1000_268328763/dehydrated_links/zips/refseq_000050.zip -> /data3/p252701008/refseq_genomes/contexts/refseq_RefSeq_include_all_refseq_shards_size_1000_268328763/dehydrated_links/unzipped/refseq_000050
[2026-07-07 23:01:38] [INFO] 开始解包 dehydrated 链接包：/data3/p252701008/refseq_genomes/contexts/refseq_RefSeq_include_all_refseq_shards_size_1000_268328763/dehydrated_links/zips/refseq_000051.zip -> /data3/p252701008/refseq_genomes/contexts/refseq_RefSeq_include_all_refseq_shards_size_1000_268328763/dehydrated_links/unzipped/refseq_000051
[2026-07-07 23:01:39] [INFO] 开始解包 dehydrated 链接包：/data3/p252701008/refseq_genomes/contexts/refseq_RefSeq_include_all_refseq_shards_size_1000_268328763/dehydrated_links/zips/refseq_000052.zip -> /data3/p252701008/refseq_genomes/contexts/refseq_RefSeq_include_all_refseq_shards_size_1000_268328763/dehydrated_links/unzipped/refseq_000052
[2026-07-07 23:01:39] [INFO] 开始解包 dehydrated 链接包：/data3/p252701008/refseq_genomes/contexts/refseq_RefSeq_include_all_refseq_shards_size_1000_268328763/dehydrated_links/zips/refseq_000053.zip -> /data3/p252701008/refseq_genomes/contexts/refseq_RefSeq_include_all_refseq_shards_size_1000_268328763/dehydrated_links/unzipped/refseq_000053
[2026-07-07 23:01:39] [INFO] 开始解包 dehydrated 链接包：/data3/p252701008/refseq_genomes/contexts/refseq_RefSeq_include_all_refseq_shards_size_1000_268328763/dehydrated_links/zips/refseq_000054.zip -> /data3/p252701008/refseq_genomes/contexts/refseq_RefSeq_include_all_refseq_shards_size_1000_268328763/dehydrated_links/unzipped/refseq_000054
[2026-07-07 23:01:39] [INFO] 开始解包 dehydrated 链接包：/data3/p252701008/refseq_genomes/contexts/refseq_RefSeq_include_all_refseq_shards_size_1000_268328763/dehydrated_links/zips/refseq_000055.zip -> /data3/p252701008/refseq_genomes/contexts/refseq_RefSeq_include_all_refseq_shards_size_1000_268328763/dehydrated_links/unzipped/refseq_000055
[2026-07-07 23:01:39] [INFO] 开始解包 dehydrated 链接包：/data3/p252701008/refseq_genomes/contexts/refseq_RefSeq_include_all_refseq_shards_size_1000_268328763/dehydrated_links/zips/refseq_000056.zip -> /data3/p252701008/refseq_genomes/contexts/refseq_RefSeq_include_all_refseq_shards_size_1000_268328763/dehydrated_links/unzipped/refseq_000056
[2026-07-07 23:01:39] [INFO] 开始解包 dehydrated 链接包：/data3/p252701008/refseq_genomes/contexts/refseq_RefSeq_include_all_refseq_shards_size_1000_268328763/dehydrated_links/zips/refseq_000057.zip -> /data3/p252701008/refseq_genomes/contexts/refseq_RefSeq_include_all_refseq_shards_size_1000_268328763/dehydrated_links/unzipped/refseq_000057
[2026-07-07 23:01:39] [INFO] 开始解包 dehydrated 链接包：/data3/p252701008/refseq_genomes/contexts/refseq_RefSeq_include_all_refseq_shards_size_1000_268328763/dehydrated_links/zips/refseq_000058.zip -> /data3/p252701008/refseq_genomes/contexts/refseq_RefSeq_include_all_refseq_shards_size_1000_268328763/dehydrated_links/unzipped/refseq_000058
[2026-07-07 23:01:39] [INFO] 开始解包 dehydrated 链接包：/data3/p252701008/refseq_genomes/contexts/refseq_RefSeq_include_all_refseq_shards_size_1000_268328763/dehydrated_links/zips/refseq_000059.zip -> /data3/p252701008/refseq_genomes/contexts/refseq_RefSeq_include_all_refseq_shards_size_1000_268328763/dehydrated_links/unzipped/refseq_000059
[2026-07-07 23:01:39] [INFO] 开始解包 dehydrated 链接包：/data3/p252701008/refseq_genomes/contexts/refseq_RefSeq_include_all_refseq_shards_size_1000_268328763/dehydrated_links/zips/refseq_000060.zip -> /data3/p252701008/refseq_genomes/contexts/refseq_RefSeq_include_all_refseq_shards_size_1000_268328763/dehydrated_links/unzipped/refseq_000060
[2026-07-07 23:01:39] [INFO] 开始解包 dehydrated 链接包：/data3/p252701008/refseq_genomes/contexts/refseq_RefSeq_include_all_refseq_shards_size_1000_268328763/dehydrated_links/zips/refseq_000061.zip -> /data3/p252701008/refseq_genomes/contexts/refseq_RefSeq_include_all_refseq_shards_size_1000_268328763/dehydrated_links/unzipped/refseq_000061
[2026-07-07 23:01:39] [INFO] 开始解包 dehydrated 链接包：/data3/p252701008/refseq_genomes/contexts/refseq_RefSeq_include_all_refseq_shards_size_1000_268328763/dehydrated_links/zips/refseq_000062.zip -> /data3/p252701008/refseq_genomes/contexts/refseq_RefSeq_include_all_refseq_shards_size_1000_268328763/dehydrated_links/unzipped/refseq_000062
[2026-07-07 23:01:39] [INFO] 开始解包 dehydrated 链接包：/data3/p252701008/refseq_genomes/contexts/refseq_RefSeq_include_all_refseq_shards_size_1000_268328763/dehydrated_links/zips/refseq_000063.zip -> /data3/p252701008/refseq_genomes/contexts/refseq_RefSeq_include_all_refseq_shards_size_1000_268328763/dehydrated_links/unzipped/refseq_000063
[2026-07-07 23:01:39] [INFO] 开始解包 dehydrated 链接包：/data3/p252701008/refseq_genomes/contexts/refseq_RefSeq_include_all_refseq_shards_size_1000_268328763/dehydrated_links/zips/refseq_000064.zip -> /data3/p252701008/refseq_genomes/contexts/refseq_RefSeq_include_all_refseq_shards_size_1000_268328763/dehydrated_links/unzipped/refseq_000064
[2026-07-07 23:01:39] [INFO] 开始解包 dehydrated 链接包：/data3/p252701008/refseq_genomes/contexts/refseq_RefSeq_include_all_refseq_shards_size_1000_268328763/dehydrated_links/zips/refseq_000065.zip -> /data3/p252701008/refseq_genomes/contexts/refseq_RefSeq_include_all_refseq_shards_size_1000_268328763/dehydrated_links/unzipped/refseq_000065
[2026-07-07 23:01:39] [INFO] 开始解包 dehydrated 链接包：/data3/p252701008/refseq_genomes/contexts/refseq_RefSeq_include_all_refseq_shards_size_1000_268328763/dehydrated_links/zips/refseq_000066.zip -> /data3/p252701008/refseq_genomes/contexts/refseq_RefSeq_include_all_refseq_shards_size_1000_268328763/dehydrated_links/unzipped/refseq_000066
[2026-07-07 23:01:40] [INFO] 开始解包 dehydrated 链接包：/data3/p252701008/refseq_genomes/contexts/refseq_RefSeq_include_all_refseq_shards_size_1000_268328763/dehydrated_links/zips/refseq_000067.zip -> /data3/p252701008/refseq_genomes/contexts/refseq_RefSeq_include_all_refseq_shards_size_1000_268328763/dehydrated_links/unzipped/refseq_000067
[2026-07-07 23:01:40] [INFO] 开始解包 dehydrated 链接包：/data3/p252701008/refseq_genomes/contexts/refseq_RefSeq_include_all_refseq_shards_size_1000_268328763/dehydrated_links/zips/refseq_000068.zip -> /data3/p252701008/refseq_genomes/contexts/refseq_RefSeq_include_all_refseq_shards_size_1000_268328763/dehydrated_links/unzipped/refseq_000068
[2026-07-07 23:01:40] [INFO] 开始解包 dehydrated 链接包：/data3/p252701008/refseq_genomes/contexts/refseq_RefSeq_include_all_refseq_shards_size_1000_268328763/dehydrated_links/zips/refseq_000069.zip -> /data3/p252701008/refseq_genomes/contexts/refseq_RefSeq_include_all_refseq_shards_size_1000_268328763/dehydrated_links/unzipped/refseq_000069
[2026-07-07 23:01:40] [INFO] 开始解包 dehydrated 链接包：/data3/p252701008/refseq_genomes/contexts/refseq_RefSeq_include_all_refseq_shards_size_1000_268328763/dehydrated_links/zips/refseq_000070.zip -> /data3/p252701008/refseq_genomes/contexts/refseq_RefSeq_include_all_refseq_shards_size_1000_268328763/dehydrated_links/unzipped/refseq_000070
[2026-07-07 23:01:40] [INFO] 开始解包 dehydrated 链接包：/data3/p252701008/refseq_genomes/contexts/refseq_RefSeq_include_all_refseq_shards_size_1000_268328763/dehydrated_links/zips/refseq_000071.zip -> /data3/p252701008/refseq_genomes/contexts/refseq_RefSeq_include_all_refseq_shards_size_1000_268328763/dehydrated_links/unzipped/refseq_000071
[2026-07-07 23:01:40] [INFO] 开始解包 dehydrated 链接包：/data3/p252701008/refseq_genomes/contexts/refseq_RefSeq_include_all_refseq_shards_size_1000_268328763/dehydrated_links/zips/refseq_000072.zip -> /data3/p252701008/refseq_genomes/contexts/refseq_RefSeq_include_all_refseq_shards_size_1000_268328763/dehydrated_links/unzipped/refseq_000072
[2026-07-07 23:01:40] [INFO] 开始解包 dehydrated 链接包：/data3/p252701008/refseq_genomes/contexts/refseq_RefSeq_include_all_refseq_shards_size_1000_268328763/dehydrated_links/zips/refseq_000073.zip -> /data3/p252701008/refseq_genomes/contexts/refseq_RefSeq_include_all_refseq_shards_size_1000_268328763/dehydrated_links/unzipped/refseq_000073
[2026-07-07 23:01:40] [INFO] 开始解包 dehydrated 链接包：/data3/p252701008/refseq_genomes/contexts/refseq_RefSeq_include_all_refseq_shards_size_1000_268328763/dehydrated_links/zips/refseq_000074.zip -> /data3/p252701008/refseq_genomes/contexts/refseq_RefSeq_include_all_refseq_shards_size_1000_268328763/dehydrated_links/unzipped/refseq_000074
[2026-07-07 23:01:40] [INFO] 开始解包 dehydrated 链接包：/data3/p252701008/refseq_genomes/contexts/refseq_RefSeq_include_all_refseq_shards_size_1000_268328763/dehydrated_links/zips/refseq_000075.zip -> /data3/p252701008/refseq_genomes/contexts/refseq_RefSeq_include_all_refseq_shards_size_1000_268328763/dehydrated_links/unzipped/refseq_000075
[2026-07-07 23:01:40] [INFO] 开始解包 dehydrated 链接包：/data3/p252701008/refseq_genomes/contexts/refseq_RefSeq_include_all_refseq_shards_size_1000_268328763/dehydrated_links/zips/refseq_000076.zip -> /data3/p252701008/refseq_genomes/contexts/refseq_RefSeq_include_all_refseq_shards_size_1000_268328763/dehydrated_links/unzipped/refseq_000076
[2026-07-07 23:01:40] [INFO] 开始解包 dehydrated 链接包：/data3/p252701008/refseq_genomes/contexts/refseq_RefSeq_include_all_refseq_shards_size_1000_268328763/dehydrated_links/zips/refseq_000077.zip -> /data3/p252701008/refseq_genomes/contexts/refseq_RefSeq_include_all_refseq_shards_size_1000_268328763/dehydrated_links/unzipped/refseq_000077
[2026-07-07 23:01:40] [INFO] 开始解包 dehydrated 链接包：/data3/p252701008/refseq_genomes/contexts/refseq_RefSeq_include_all_refseq_shards_size_1000_268328763/dehydrated_links/zips/refseq_000078.zip -> /data3/p252701008/refseq_genomes/contexts/refseq_RefSeq_include_all_refseq_shards_size_1000_268328763/dehydrated_links/unzipped/refseq_000078
[2026-07-07 23:01:40] [INFO] 开始解包 dehydrated 链接包：/data3/p252701008/refseq_genomes/contexts/refseq_RefSeq_include_all_refseq_shards_size_1000_268328763/dehydrated_links/zips/refseq_000079.zip -> /data3/p252701008/refseq_genomes/contexts/refseq_RefSeq_include_all_refseq_shards_size_1000_268328763/dehydrated_links/unzipped/refseq_000079
[2026-07-07 23:01:40] [INFO] 开始解包 dehydrated 链接包：/data3/p252701008/refseq_genomes/contexts/refseq_RefSeq_include_all_refseq_shards_size_1000_268328763/dehydrated_links/zips/refseq_000080.zip -> /data3/p252701008/refseq_genomes/contexts/refseq_RefSeq_include_all_refseq_shards_size_1000_268328763/dehydrated_links/unzipped/refseq_000080
[2026-07-07 23:01:40] [INFO] 开始解包 dehydrated 链接包：/data3/p252701008/refseq_genomes/contexts/refseq_RefSeq_include_all_refseq_shards_size_1000_268328763/dehydrated_links/zips/refseq_000081.zip -> /data3/p252701008/refseq_genomes/contexts/refseq_RefSeq_include_all_refseq_shards_size_1000_268328763/dehydrated_links/unzipped/refseq_000081
[2026-07-07 23:01:40] [INFO] 开始解包 dehydrated 链接包：/data3/p252701008/refseq_genomes/contexts/refseq_RefSeq_include_all_refseq_shards_size_1000_268328763/dehydrated_links/zips/refseq_000082.zip -> /data3/p252701008/refseq_genomes/contexts/refseq_RefSeq_include_all_refseq_shards_size_1000_268328763/dehydrated_links/unzipped/refseq_000082
[2026-07-07 23:01:41] [INFO] 开始解包 dehydrated 链接包：/data3/p252701008/refseq_genomes/contexts/refseq_RefSeq_include_all_refseq_shards_size_1000_268328763/dehydrated_links/zips/refseq_000083.zip -> /data3/p252701008/refseq_genomes/contexts/refseq_RefSeq_include_all_refseq_shards_size_1000_268328763/dehydrated_links/unzipped/refseq_000083
[2026-07-07 23:01:41] [INFO] 开始解包 dehydrated 链接包：/data3/p252701008/refseq_genomes/contexts/refseq_RefSeq_include_all_refseq_shards_size_1000_268328763/dehydrated_links/zips/refseq_000084.zip -> /data3/p252701008/refseq_genomes/contexts/refseq_RefSeq_include_all_refseq_shards_size_1000_268328763/dehydrated_links/unzipped/refseq_000084
[2026-07-07 23:01:41] [INFO] 开始解包 dehydrated 链接包：/data3/p252701008/refseq_genomes/contexts/refseq_RefSeq_include_all_refseq_shards_size_1000_268328763/dehydrated_links/zips/refseq_000085.zip -> /data3/p252701008/refseq_genomes/contexts/refseq_RefSeq_include_all_refseq_shards_size_1000_268328763/dehydrated_links/unzipped/refseq_000085
[2026-07-07 23:01:41] [INFO] 开始解包 dehydrated 链接包：/data3/p252701008/refseq_genomes/contexts/refseq_RefSeq_include_all_refseq_shards_size_1000_268328763/dehydrated_links/zips/refseq_000086.zip -> /data3/p252701008/refseq_genomes/contexts/refseq_RefSeq_include_all_refseq_shards_size_1000_268328763/dehydrated_links/unzipped/refseq_000086
[2026-07-07 23:01:41] [INFO] 开始解包 dehydrated 链接包：/data3/p252701008/refseq_genomes/contexts/refseq_RefSeq_include_all_refseq_shards_size_1000_268328763/dehydrated_links/zips/refseq_000087.zip -> /data3/p252701008/refseq_genomes/contexts/refseq_RefSeq_include_all_refseq_shards_size_1000_268328763/dehydrated_links/unzipped/refseq_000087
[2026-07-07 23:01:41] [INFO] 开始解包 dehydrated 链接包：/data3/p252701008/refseq_genomes/contexts/refseq_RefSeq_include_all_refseq_shards_size_1000_268328763/dehydrated_links/zips/refseq_000088.zip -> /data3/p252701008/refseq_genomes/contexts/refseq_RefSeq_include_all_refseq_shards_size_1000_268328763/dehydrated_links/unzipped/refseq_000088
[2026-07-07 23:01:41] [INFO] 开始解包 dehydrated 链接包：/data3/p252701008/refseq_genomes/contexts/refseq_RefSeq_include_all_refseq_shards_size_1000_268328763/dehydrated_links/zips/refseq_000089.zip -> /data3/p252701008/refseq_genomes/contexts/refseq_RefSeq_include_all_refseq_shards_size_1000_268328763/dehydrated_links/unzipped/refseq_000089
[2026-07-07 23:01:41] [INFO] 开始解包 dehydrated 链接包：/data3/p252701008/refseq_genomes/contexts/refseq_RefSeq_include_all_refseq_shards_size_1000_268328763/dehydrated_links/zips/refseq_000090.zip -> /data3/p252701008/refseq_genomes/contexts/refseq_RefSeq_include_all_refseq_shards_size_1000_268328763/dehydrated_links/unzipped/refseq_000090
[2026-07-07 23:01:41] [INFO] 开始解包 dehydrated 链接包：/data3/p252701008/refseq_genomes/contexts/refseq_RefSeq_include_all_refseq_shards_size_1000_268328763/dehydrated_links/zips/refseq_000091.zip -> /data3/p252701008/refseq_genomes/contexts/refseq_RefSeq_include_all_refseq_shards_size_1000_268328763/dehydrated_links/unzipped/refseq_000091
[2026-07-07 23:01:41] [INFO] 开始解包 dehydrated 链接包：/data3/p252701008/refseq_genomes/contexts/refseq_RefSeq_include_all_refseq_shards_size_1000_268328763/dehydrated_links/zips/refseq_000092.zip -> /data3/p252701008/refseq_genomes/contexts/refseq_RefSeq_include_all_refseq_shards_size_1000_268328763/dehydrated_links/unzipped/refseq_000092
[2026-07-07 23:01:41] [INFO] 开始解包 dehydrated 链接包：/data3/p252701008/refseq_genomes/contexts/refseq_RefSeq_include_all_refseq_shards_size_1000_268328763/dehydrated_links/zips/refseq_000093.zip -> /data3/p252701008/refseq_genomes/contexts/refseq_RefSeq_include_all_refseq_shards_size_1000_268328763/dehydrated_links/unzipped/refseq_000093
[2026-07-07 23:01:41] [INFO] 开始解包 dehydrated 链接包：/data3/p252701008/refseq_genomes/contexts/refseq_RefSeq_include_all_refseq_shards_size_1000_268328763/dehydrated_links/zips/refseq_000094.zip -> /data3/p252701008/refseq_genomes/contexts/refseq_RefSeq_include_all_refseq_shards_size_1000_268328763/dehydrated_links/unzipped/refseq_000094
[2026-07-07 23:01:41] [INFO] 开始解包 dehydrated 链接包：/data3/p252701008/refseq_genomes/contexts/refseq_RefSeq_include_all_refseq_shards_size_1000_268328763/dehydrated_links/zips/refseq_000095.zip -> /data3/p252701008/refseq_genomes/contexts/refseq_RefSeq_include_all_refseq_shards_size_1000_268328763/dehydrated_links/unzipped/refseq_000095
[2026-07-07 23:01:41] [INFO] 开始解包 dehydrated 链接包：/data3/p252701008/refseq_genomes/contexts/refseq_RefSeq_include_all_refseq_shards_size_1000_268328763/dehydrated_links/zips/refseq_000096.zip -> /data3/p252701008/refseq_genomes/contexts/refseq_RefSeq_include_all_refseq_shards_size_1000_268328763/dehydrated_links/unzipped/refseq_000096
[2026-07-07 23:01:41] [INFO] 开始解包 dehydrated 链接包：/data3/p252701008/refseq_genomes/contexts/refseq_RefSeq_include_all_refseq_shards_size_1000_268328763/dehydrated_links/zips/refseq_000097.zip -> /data3/p252701008/refseq_genomes/contexts/refseq_RefSeq_include_all_refseq_shards_size_1000_268328763/dehydrated_links/unzipped/refseq_000097
[2026-07-07 23:01:41] [INFO] 开始解包 dehydrated 链接包：/data3/p252701008/refseq_genomes/contexts/refseq_RefSeq_include_all_refseq_shards_size_1000_268328763/dehydrated_links/zips/refseq_000098.zip -> /data3/p252701008/refseq_genomes/contexts/refseq_RefSeq_include_all_refseq_shards_size_1000_268328763/dehydrated_links/unzipped/refseq_000098
[2026-07-07 23:01:42] [INFO] 开始解包 dehydrated 链接包：/data3/p252701008/refseq_genomes/contexts/refseq_RefSeq_include_all_refseq_shards_size_1000_268328763/dehydrated_links/zips/refseq_000099.zip -> /data3/p252701008/refseq_genomes/contexts/refseq_RefSeq_include_all_refseq_shards_size_1000_268328763/dehydrated_links/unzipped/refseq_000099
[2026-07-07 23:01:42] [INFO] 开始解包 dehydrated 链接包：/data3/p252701008/refseq_genomes/contexts/refseq_RefSeq_include_all_refseq_shards_size_1000_268328763/dehydrated_links/zips/refseq_000100.zip -> /data3/p252701008/refseq_genomes/contexts/refseq_RefSeq_include_all_refseq_shards_size_1000_268328763/dehydrated_links/unzipped/refseq_000100
[2026-07-07 23:01:42] [INFO] 开始解包 dehydrated 链接包：/data3/p252701008/refseq_genomes/contexts/refseq_RefSeq_include_all_refseq_shards_size_1000_268328763/dehydrated_links/zips/refseq_000101.zip -> /data3/p252701008/refseq_genomes/contexts/refseq_RefSeq_include_all_refseq_shards_size_1000_268328763/dehydrated_links/unzipped/refseq_000101
[2026-07-07 23:01:42] [INFO] 开始解包 dehydrated 链接包：/data3/p252701008/refseq_genomes/contexts/refseq_RefSeq_include_all_refseq_shards_size_1000_268328763/dehydrated_links/zips/refseq_000102.zip -> /data3/p252701008/refseq_genomes/contexts/refseq_RefSeq_include_all_refseq_shards_size_1000_268328763/dehydrated_links/unzipped/refseq_000102
[2026-07-07 23:01:42] [INFO] 开始解包 dehydrated 链接包：/data3/p252701008/refseq_genomes/contexts/refseq_RefSeq_include_all_refseq_shards_size_1000_268328763/dehydrated_links/zips/refseq_000103.zip -> /data3/p252701008/refseq_genomes/contexts/refseq_RefSeq_include_all_refseq_shards_size_1000_268328763/dehydrated_links/unzipped/refseq_000103
[2026-07-07 23:01:42] [INFO] 开始解包 dehydrated 链接包：/data3/p252701008/refseq_genomes/contexts/refseq_RefSeq_include_all_refseq_shards_size_1000_268328763/dehydrated_links/zips/refseq_000104.zip -> /data3/p252701008/refseq_genomes/contexts/refseq_RefSeq_include_all_refseq_shards_size_1000_268328763/dehydrated_links/unzipped/refseq_000104
[2026-07-07 23:01:42] [INFO] 开始解包 dehydrated 链接包：/data3/p252701008/refseq_genomes/contexts/refseq_RefSeq_include_all_refseq_shards_size_1000_268328763/dehydrated_links/zips/refseq_000105.zip -> /data3/p252701008/refseq_genomes/contexts/refseq_RefSeq_include_all_refseq_shards_size_1000_268328763/dehydrated_links/unzipped/refseq_000105
[2026-07-07 23:01:42] [INFO] 开始解包 dehydrated 链接包：/data3/p252701008/refseq_genomes/contexts/refseq_RefSeq_include_all_refseq_shards_size_1000_268328763/dehydrated_links/zips/refseq_000106.zip -> /data3/p252701008/refseq_genomes/contexts/refseq_RefSeq_include_all_refseq_shards_size_1000_268328763/dehydrated_links/unzipped/refseq_000106
[2026-07-07 23:01:42] [INFO] 开始解包 dehydrated 链接包：/data3/p252701008/refseq_genomes/contexts/refseq_RefSeq_include_all_refseq_shards_size_1000_268328763/dehydrated_links/zips/refseq_000107.zip -> /data3/p252701008/refseq_genomes/contexts/refseq_RefSeq_include_all_refseq_shards_size_1000_268328763/dehydrated_links/unzipped/refseq_000107
[2026-07-07 23:01:42] [INFO] 开始解包 dehydrated 链接包：/data3/p252701008/refseq_genomes/contexts/refseq_RefSeq_include_all_refseq_shards_size_1000_268328763/dehydrated_links/zips/refseq_000108.zip -> /data3/p252701008/refseq_genomes/contexts/refseq_RefSeq_include_all_refseq_shards_size_1000_268328763/dehydrated_links/unzipped/refseq_000108
[2026-07-07 23:01:42] [INFO] 开始解包 dehydrated 链接包：/data3/p252701008/refseq_genomes/contexts/refseq_RefSeq_include_all_refseq_shards_size_1000_268328763/dehydrated_links/zips/refseq_000109.zip -> /data3/p252701008/refseq_genomes/contexts/refseq_RefSeq_include_all_refseq_shards_size_1000_268328763/dehydrated_links/unzipped/refseq_000109
[2026-07-07 23:01:42] [INFO] 开始解包 dehydrated 链接包：/data3/p252701008/refseq_genomes/contexts/refseq_RefSeq_include_all_refseq_shards_size_1000_268328763/dehydrated_links/zips/refseq_000110.zip -> /data3/p252701008/refseq_genomes/contexts/refseq_RefSeq_include_all_refseq_shards_size_1000_268328763/dehydrated_links/unzipped/refseq_000110
[2026-07-07 23:01:42] [INFO] 开始解包 dehydrated 链接包：/data3/p252701008/refseq_genomes/contexts/refseq_RefSeq_include_all_refseq_shards_size_1000_268328763/dehydrated_links/zips/refseq_000111.zip -> /data3/p252701008/refseq_genomes/contexts/refseq_RefSeq_include_all_refseq_shards_size_1000_268328763/dehydrated_links/unzipped/refseq_000111
[2026-07-07 23:01:42] [INFO] 开始解包 dehydrated 链接包：/data3/p252701008/refseq_genomes/contexts/refseq_RefSeq_include_all_refseq_shards_size_1000_268328763/dehydrated_links/zips/refseq_000112.zip -> /data3/p252701008/refseq_genomes/contexts/refseq_RefSeq_include_all_refseq_shards_size_1000_268328763/dehydrated_links/unzipped/refseq_000112
[2026-07-07 23:01:42] [INFO] 开始解包 dehydrated 链接包：/data3/p252701008/refseq_genomes/contexts/refseq_RefSeq_include_all_refseq_shards_size_1000_268328763/dehydrated_links/zips/refseq_000113.zip -> /data3/p252701008/refseq_genomes/contexts/refseq_RefSeq_include_all_refseq_shards_size_1000_268328763/dehydrated_links/unzipped/refseq_000113
[2026-07-07 23:01:42] [INFO] 开始解包 dehydrated 链接包：/data3/p252701008/refseq_genomes/contexts/refseq_RefSeq_include_all_refseq_shards_size_1000_268328763/dehydrated_links/zips/refseq_000114.zip -> /data3/p252701008/refseq_genomes/contexts/refseq_RefSeq_include_all_refseq_shards_size_1000_268328763/dehydrated_links/unzipped/refseq_000114
[2026-07-07 23:01:43] [INFO] 开始解包 dehydrated 链接包：/data3/p252701008/refseq_genomes/contexts/refseq_RefSeq_include_all_refseq_shards_size_1000_268328763/dehydrated_links/zips/refseq_000115.zip -> /data3/p252701008/refseq_genomes/contexts/refseq_RefSeq_include_all_refseq_shards_size_1000_268328763/dehydrated_links/unzipped/refseq_000115
[2026-07-07 23:01:43] [INFO] 开始解包 dehydrated 链接包：/data3/p252701008/refseq_genomes/contexts/refseq_RefSeq_include_all_refseq_shards_size_1000_268328763/dehydrated_links/zips/refseq_000116.zip -> /data3/p252701008/refseq_genomes/contexts/refseq_RefSeq_include_all_refseq_shards_size_1000_268328763/dehydrated_links/unzipped/refseq_000116
[2026-07-07 23:01:43] [INFO] 开始解包 dehydrated 链接包：/data3/p252701008/refseq_genomes/contexts/refseq_RefSeq_include_all_refseq_shards_size_1000_268328763/dehydrated_links/zips/refseq_000117.zip -> /data3/p252701008/refseq_genomes/contexts/refseq_RefSeq_include_all_refseq_shards_size_1000_268328763/dehydrated_links/unzipped/refseq_000117
[2026-07-07 23:01:43] [INFO] 开始解包 dehydrated 链接包：/data3/p252701008/refseq_genomes/contexts/refseq_RefSeq_include_all_refseq_shards_size_1000_268328763/dehydrated_links/zips/refseq_000118.zip -> /data3/p252701008/refseq_genomes/contexts/refseq_RefSeq_include_all_refseq_shards_size_1000_268328763/dehydrated_links/unzipped/refseq_000118
[2026-07-07 23:01:43] [INFO] 开始解包 dehydrated 链接包：/data3/p252701008/refseq_genomes/contexts/refseq_RefSeq_include_all_refseq_shards_size_1000_268328763/dehydrated_links/zips/refseq_000119.zip -> /data3/p252701008/refseq_genomes/contexts/refseq_RefSeq_include_all_refseq_shards_size_1000_268328763/dehydrated_links/unzipped/refseq_000119
[2026-07-07 23:01:43] [INFO] 开始解包 dehydrated 链接包：/data3/p252701008/refseq_genomes/contexts/refseq_RefSeq_include_all_refseq_shards_size_1000_268328763/dehydrated_links/zips/refseq_000120.zip -> /data3/p252701008/refseq_genomes/contexts/refseq_RefSeq_include_all_refseq_shards_size_1000_268328763/dehydrated_links/unzipped/refseq_000120
[2026-07-07 23:01:43] [INFO] 开始解包 dehydrated 链接包：/data3/p252701008/refseq_genomes/contexts/refseq_RefSeq_include_all_refseq_shards_size_1000_268328763/dehydrated_links/zips/refseq_000121.zip -> /data3/p252701008/refseq_genomes/contexts/refseq_RefSeq_include_all_refseq_shards_size_1000_268328763/dehydrated_links/unzipped/refseq_000121
[2026-07-07 23:01:43] [INFO] 开始解包 dehydrated 链接包：/data3/p252701008/refseq_genomes/contexts/refseq_RefSeq_include_all_refseq_shards_size_1000_268328763/dehydrated_links/zips/refseq_000122.zip -> /data3/p252701008/refseq_genomes/contexts/refseq_RefSeq_include_all_refseq_shards_size_1000_268328763/dehydrated_links/unzipped/refseq_000122
[2026-07-07 23:01:43] [INFO] 开始解包 dehydrated 链接包：/data3/p252701008/refseq_genomes/contexts/refseq_RefSeq_include_all_refseq_shards_size_1000_268328763/dehydrated_links/zips/refseq_000123.zip -> /data3/p252701008/refseq_genomes/contexts/refseq_RefSeq_include_all_refseq_shards_size_1000_268328763/dehydrated_links/unzipped/refseq_000123
[2026-07-07 23:01:43] [INFO] 开始解包 dehydrated 链接包：/data3/p252701008/refseq_genomes/contexts/refseq_RefSeq_include_all_refseq_shards_size_1000_268328763/dehydrated_links/zips/refseq_000124.zip -> /data3/p252701008/refseq_genomes/contexts/refseq_RefSeq_include_all_refseq_shards_size_1000_268328763/dehydrated_links/unzipped/refseq_000124
[2026-07-07 23:01:43] [INFO] 开始解包 dehydrated 链接包：/data3/p252701008/refseq_genomes/contexts/refseq_RefSeq_include_all_refseq_shards_size_1000_268328763/dehydrated_links/zips/refseq_000125.zip -> /data3/p252701008/refseq_genomes/contexts/refseq_RefSeq_include_all_refseq_shards_size_1000_268328763/dehydrated_links/unzipped/refseq_000125
[2026-07-07 23:01:43] [INFO] 开始解包 dehydrated 链接包：/data3/p252701008/refseq_genomes/contexts/refseq_RefSeq_include_all_refseq_shards_size_1000_268328763/dehydrated_links/zips/refseq_000126.zip -> /data3/p252701008/refseq_genomes/contexts/refseq_RefSeq_include_all_refseq_shards_size_1000_268328763/dehydrated_links/unzipped/refseq_000126
[2026-07-07 23:01:43] [INFO] 开始解包 dehydrated 链接包：/data3/p252701008/refseq_genomes/contexts/refseq_RefSeq_include_all_refseq_shards_size_1000_268328763/dehydrated_links/zips/refseq_000127.zip -> /data3/p252701008/refseq_genomes/contexts/refseq_RefSeq_include_all_refseq_shards_size_1000_268328763/dehydrated_links/unzipped/refseq_000127
[2026-07-07 23:01:43] [INFO] 开始解包 dehydrated 链接包：/data3/p252701008/refseq_genomes/contexts/refseq_RefSeq_include_all_refseq_shards_size_1000_268328763/dehydrated_links/zips/refseq_000128.zip -> /data3/p252701008/refseq_genomes/contexts/refseq_RefSeq_include_all_refseq_shards_size_1000_268328763/dehydrated_links/unzipped/refseq_000128
[2026-07-07 23:01:43] [INFO] 开始解包 dehydrated 链接包：/data3/p252701008/refseq_genomes/contexts/refseq_RefSeq_include_all_refseq_shards_size_1000_268328763/dehydrated_links/zips/refseq_000129.zip -> /data3/p252701008/refseq_genomes/contexts/refseq_RefSeq_include_all_refseq_shards_size_1000_268328763/dehydrated_links/unzipped/refseq_000129
[2026-07-07 23:01:43] [INFO] 开始解包 dehydrated 链接包：/data3/p252701008/refseq_genomes/contexts/refseq_RefSeq_include_all_refseq_shards_size_1000_268328763/dehydrated_links/zips/refseq_000130.zip -> /data3/p252701008/refseq_genomes/contexts/refseq_RefSeq_include_all_refseq_shards_size_1000_268328763/dehydrated_links/unzipped/refseq_000130
[2026-07-07 23:01:44] [INFO] 开始解包 dehydrated 链接包：/data3/p252701008/refseq_genomes/contexts/refseq_RefSeq_include_all_refseq_shards_size_1000_268328763/dehydrated_links/zips/refseq_000131.zip -> /data3/p252701008/refseq_genomes/contexts/refseq_RefSeq_include_all_refseq_shards_size_1000_268328763/dehydrated_links/unzipped/refseq_000131
[2026-07-07 23:01:44] [INFO] 开始解包 dehydrated 链接包：/data3/p252701008/refseq_genomes/contexts/refseq_RefSeq_include_all_refseq_shards_size_1000_268328763/dehydrated_links/zips/refseq_000132.zip -> /data3/p252701008/refseq_genomes/contexts/refseq_RefSeq_include_all_refseq_shards_size_1000_268328763/dehydrated_links/unzipped/refseq_000132
[2026-07-07 23:01:44] [INFO] 开始解包 dehydrated 链接包：/data3/p252701008/refseq_genomes/contexts/refseq_RefSeq_include_all_refseq_shards_size_1000_268328763/dehydrated_links/zips/refseq_000133.zip -> /data3/p252701008/refseq_genomes/contexts/refseq_RefSeq_include_all_refseq_shards_size_1000_268328763/dehydrated_links/unzipped/refseq_000133
[2026-07-07 23:01:44] [INFO] 开始解包 dehydrated 链接包：/data3/p252701008/refseq_genomes/contexts/refseq_RefSeq_include_all_refseq_shards_size_1000_268328763/dehydrated_links/zips/refseq_000134.zip -> /data3/p252701008/refseq_genomes/contexts/refseq_RefSeq_include_all_refseq_shards_size_1000_268328763/dehydrated_links/unzipped/refseq_000134
[2026-07-07 23:01:44] [INFO] 开始解包 dehydrated 链接包：/data3/p252701008/refseq_genomes/contexts/refseq_RefSeq_include_all_refseq_shards_size_1000_268328763/dehydrated_links/zips/refseq_000135.zip -> /data3/p252701008/refseq_genomes/contexts/refseq_RefSeq_include_all_refseq_shards_size_1000_268328763/dehydrated_links/unzipped/refseq_000135
[2026-07-07 23:01:44] [INFO] 开始解包 dehydrated 链接包：/data3/p252701008/refseq_genomes/contexts/refseq_RefSeq_include_all_refseq_shards_size_1000_268328763/dehydrated_links/zips/refseq_000136.zip -> /data3/p252701008/refseq_genomes/contexts/refseq_RefSeq_include_all_refseq_shards_size_1000_268328763/dehydrated_links/unzipped/refseq_000136
[2026-07-07 23:01:44] [INFO] 开始解包 dehydrated 链接包：/data3/p252701008/refseq_genomes/contexts/refseq_RefSeq_include_all_refseq_shards_size_1000_268328763/dehydrated_links/zips/refseq_000137.zip -> /data3/p252701008/refseq_genomes/contexts/refseq_RefSeq_include_all_refseq_shards_size_1000_268328763/dehydrated_links/unzipped/refseq_000137
[2026-07-07 23:01:44] [INFO] 开始解包 dehydrated 链接包：/data3/p252701008/refseq_genomes/contexts/refseq_RefSeq_include_all_refseq_shards_size_1000_268328763/dehydrated_links/zips/refseq_000138.zip -> /data3/p252701008/refseq_genomes/contexts/refseq_RefSeq_include_all_refseq_shards_size_1000_268328763/dehydrated_links/unzipped/refseq_000138
[2026-07-07 23:01:44] [INFO] 开始解包 dehydrated 链接包：/data3/p252701008/refseq_genomes/contexts/refseq_RefSeq_include_all_refseq_shards_size_1000_268328763/dehydrated_links/zips/refseq_000139.zip -> /data3/p252701008/refseq_genomes/contexts/refseq_RefSeq_include_all_refseq_shards_size_1000_268328763/dehydrated_links/unzipped/refseq_000139
[2026-07-07 23:01:44] [INFO] 开始解包 dehydrated 链接包：/data3/p252701008/refseq_genomes/contexts/refseq_RefSeq_include_all_refseq_shards_size_1000_268328763/dehydrated_links/zips/refseq_000140.zip -> /data3/p252701008/refseq_genomes/contexts/refseq_RefSeq_include_all_refseq_shards_size_1000_268328763/dehydrated_links/unzipped/refseq_000140
[2026-07-07 23:01:44] [INFO] 开始解包 dehydrated 链接包：/data3/p252701008/refseq_genomes/contexts/refseq_RefSeq_include_all_refseq_shards_size_1000_268328763/dehydrated_links/zips/refseq_000141.zip -> /data3/p252701008/refseq_genomes/contexts/refseq_RefSeq_include_all_refseq_shards_size_1000_268328763/dehydrated_links/unzipped/refseq_000141
[2026-07-07 23:01:44] [INFO] 开始解包 dehydrated 链接包：/data3/p252701008/refseq_genomes/contexts/refseq_RefSeq_include_all_refseq_shards_size_1000_268328763/dehydrated_links/zips/refseq_000142.zip -> /data3/p252701008/refseq_genomes/contexts/refseq_RefSeq_include_all_refseq_shards_size_1000_268328763/dehydrated_links/unzipped/refseq_000142
[2026-07-07 23:01:44] [INFO] 开始解包 dehydrated 链接包：/data3/p252701008/refseq_genomes/contexts/refseq_RefSeq_include_all_refseq_shards_size_1000_268328763/dehydrated_links/zips/refseq_000143.zip -> /data3/p252701008/refseq_genomes/contexts/refseq_RefSeq_include_all_refseq_shards_size_1000_268328763/dehydrated_links/unzipped/refseq_000143
[2026-07-07 23:01:44] [INFO] 开始解包 dehydrated 链接包：/data3/p252701008/refseq_genomes/contexts/refseq_RefSeq_include_all_refseq_shards_size_1000_268328763/dehydrated_links/zips/refseq_000144.zip -> /data3/p252701008/refseq_genomes/contexts/refseq_RefSeq_include_all_refseq_shards_size_1000_268328763/dehydrated_links/unzipped/refseq_000144
[2026-07-07 23:01:44] [INFO] 开始解包 dehydrated 链接包：/data3/p252701008/refseq_genomes/contexts/refseq_RefSeq_include_all_refseq_shards_size_1000_268328763/dehydrated_links/zips/refseq_000145.zip -> /data3/p252701008/refseq_genomes/contexts/refseq_RefSeq_include_all_refseq_shards_size_1000_268328763/dehydrated_links/unzipped/refseq_000145
[2026-07-07 23:01:44] [INFO] 开始解包 dehydrated 链接包：/data3/p252701008/refseq_genomes/contexts/refseq_RefSeq_include_all_refseq_shards_size_1000_268328763/dehydrated_links/zips/refseq_000146.zip -> /data3/p252701008/refseq_genomes/contexts/refseq_RefSeq_include_all_refseq_shards_size_1000_268328763/dehydrated_links/unzipped/refseq_000146
[2026-07-07 23:01:45] [INFO] 开始解包 dehydrated 链接包：/data3/p252701008/refseq_genomes/contexts/refseq_RefSeq_include_all_refseq_shards_size_1000_268328763/dehydrated_links/zips/refseq_000147.zip -> /data3/p252701008/refseq_genomes/contexts/refseq_RefSeq_include_all_refseq_shards_size_1000_268328763/dehydrated_links/unzipped/refseq_000147
[2026-07-07 23:01:45] [INFO] 开始解包 dehydrated 链接包：/data3/p252701008/refseq_genomes/contexts/refseq_RefSeq_include_all_refseq_shards_size_1000_268328763/dehydrated_links/zips/refseq_000148.zip -> /data3/p252701008/refseq_genomes/contexts/refseq_RefSeq_include_all_refseq_shards_size_1000_268328763/dehydrated_links/unzipped/refseq_000148
[2026-07-07 23:01:45] [INFO] 开始解包 dehydrated 链接包：/data3/p252701008/refseq_genomes/contexts/refseq_RefSeq_include_all_refseq_shards_size_1000_268328763/dehydrated_links/zips/refseq_000149.zip -> /data3/p252701008/refseq_genomes/contexts/refseq_RefSeq_include_all_refseq_shards_size_1000_268328763/dehydrated_links/unzipped/refseq_000149
[2026-07-07 23:01:45] [INFO] 开始解包 dehydrated 链接包：/data3/p252701008/refseq_genomes/contexts/refseq_RefSeq_include_all_refseq_shards_size_1000_268328763/dehydrated_links/zips/refseq_000150.zip -> /data3/p252701008/refseq_genomes/contexts/refseq_RefSeq_include_all_refseq_shards_size_1000_268328763/dehydrated_links/unzipped/refseq_000150
[2026-07-07 23:01:45] [INFO] 开始解包 dehydrated 链接包：/data3/p252701008/refseq_genomes/contexts/refseq_RefSeq_include_all_refseq_shards_size_1000_268328763/dehydrated_links/zips/refseq_000151.zip -> /data3/p252701008/refseq_genomes/contexts/refseq_RefSeq_include_all_refseq_shards_size_1000_268328763/dehydrated_links/unzipped/refseq_000151
[2026-07-07 23:01:45] [INFO] 开始解包 dehydrated 链接包：/data3/p252701008/refseq_genomes/contexts/refseq_RefSeq_include_all_refseq_shards_size_1000_268328763/dehydrated_links/zips/refseq_000152.zip -> /data3/p252701008/refseq_genomes/contexts/refseq_RefSeq_include_all_refseq_shards_size_1000_268328763/dehydrated_links/unzipped/refseq_000152
[2026-07-07 23:01:45] [INFO] 开始解包 dehydrated 链接包：/data3/p252701008/refseq_genomes/contexts/refseq_RefSeq_include_all_refseq_shards_size_1000_268328763/dehydrated_links/zips/refseq_000153.zip -> /data3/p252701008/refseq_genomes/contexts/refseq_RefSeq_include_all_refseq_shards_size_1000_268328763/dehydrated_links/unzipped/refseq_000153
[2026-07-07 23:01:45] [INFO] 开始解包 dehydrated 链接包：/data3/p252701008/refseq_genomes/contexts/refseq_RefSeq_include_all_refseq_shards_size_1000_268328763/dehydrated_links/zips/refseq_000154.zip -> /data3/p252701008/refseq_genomes/contexts/refseq_RefSeq_include_all_refseq_shards_size_1000_268328763/dehydrated_links/unzipped/refseq_000154
[2026-07-07 23:01:45] [INFO] 开始解包 dehydrated 链接包：/data3/p252701008/refseq_genomes/contexts/refseq_RefSeq_include_all_refseq_shards_size_1000_268328763/dehydrated_links/zips/refseq_000155.zip -> /data3/p252701008/refseq_genomes/contexts/refseq_RefSeq_include_all_refseq_shards_size_1000_268328763/dehydrated_links/unzipped/refseq_000155
[2026-07-07 23:01:45] [INFO] 开始解包 dehydrated 链接包：/data3/p252701008/refseq_genomes/contexts/refseq_RefSeq_include_all_refseq_shards_size_1000_268328763/dehydrated_links/zips/refseq_000156.zip -> /data3/p252701008/refseq_genomes/contexts/refseq_RefSeq_include_all_refseq_shards_size_1000_268328763/dehydrated_links/unzipped/refseq_000156
[2026-07-07 23:01:45] [INFO] 开始解包 dehydrated 链接包：/data3/p252701008/refseq_genomes/contexts/refseq_RefSeq_include_all_refseq_shards_size_1000_268328763/dehydrated_links/zips/refseq_000157.zip -> /data3/p252701008/refseq_genomes/contexts/refseq_RefSeq_include_all_refseq_shards_size_1000_268328763/dehydrated_links/unzipped/refseq_000157
[2026-07-07 23:01:45] [INFO] 开始解包 dehydrated 链接包：/data3/p252701008/refseq_genomes/contexts/refseq_RefSeq_include_all_refseq_shards_size_1000_268328763/dehydrated_links/zips/refseq_000158.zip -> /data3/p252701008/refseq_genomes/contexts/refseq_RefSeq_include_all_refseq_shards_size_1000_268328763/dehydrated_links/unzipped/refseq_000158
[2026-07-07 23:01:45] [INFO] 开始解包 dehydrated 链接包：/data3/p252701008/refseq_genomes/contexts/refseq_RefSeq_include_all_refseq_shards_size_1000_268328763/dehydrated_links/zips/refseq_000159.zip -> /data3/p252701008/refseq_genomes/contexts/refseq_RefSeq_include_all_refseq_shards_size_1000_268328763/dehydrated_links/unzipped/refseq_000159
[2026-07-07 23:01:45] [INFO] 开始解包 dehydrated 链接包：/data3/p252701008/refseq_genomes/contexts/refseq_RefSeq_include_all_refseq_shards_size_1000_268328763/dehydrated_links/zips/refseq_000160.zip -> /data3/p252701008/refseq_genomes/contexts/refseq_RefSeq_include_all_refseq_shards_size_1000_268328763/dehydrated_links/unzipped/refseq_000160
[2026-07-07 23:01:45] [INFO] 开始解包 dehydrated 链接包：/data3/p252701008/refseq_genomes/contexts/refseq_RefSeq_include_all_refseq_shards_size_1000_268328763/dehydrated_links/zips/refseq_000161.zip -> /data3/p252701008/refseq_genomes/contexts/refseq_RefSeq_include_all_refseq_shards_size_1000_268328763/dehydrated_links/unzipped/refseq_000161
[2026-07-07 23:01:45] [INFO] 开始解包 dehydrated 链接包：/data3/p252701008/refseq_genomes/contexts/refseq_RefSeq_include_all_refseq_shards_size_1000_268328763/dehydrated_links/zips/refseq_000162.zip -> /data3/p252701008/refseq_genomes/contexts/refseq_RefSeq_include_all_refseq_shards_size_1000_268328763/dehydrated_links/unzipped/refseq_000162
[2026-07-07 23:01:46] [INFO] 开始解包 dehydrated 链接包：/data3/p252701008/refseq_genomes/contexts/refseq_RefSeq_include_all_refseq_shards_size_1000_268328763/dehydrated_links/zips/refseq_000163.zip -> /data3/p252701008/refseq_genomes/contexts/refseq_RefSeq_include_all_refseq_shards_size_1000_268328763/dehydrated_links/unzipped/refseq_000163
[2026-07-07 23:01:46] [INFO] 开始解包 dehydrated 链接包：/data3/p252701008/refseq_genomes/contexts/refseq_RefSeq_include_all_refseq_shards_size_1000_268328763/dehydrated_links/zips/refseq_000164.zip -> /data3/p252701008/refseq_genomes/contexts/refseq_RefSeq_include_all_refseq_shards_size_1000_268328763/dehydrated_links/unzipped/refseq_000164
[2026-07-07 23:01:46] [INFO] 开始解包 dehydrated 链接包：/data3/p252701008/refseq_genomes/contexts/refseq_RefSeq_include_all_refseq_shards_size_1000_268328763/dehydrated_links/zips/refseq_000165.zip -> /data3/p252701008/refseq_genomes/contexts/refseq_RefSeq_include_all_refseq_shards_size_1000_268328763/dehydrated_links/unzipped/refseq_000165
[2026-07-07 23:01:46] [INFO] 开始解包 dehydrated 链接包：/data3/p252701008/refseq_genomes/contexts/refseq_RefSeq_include_all_refseq_shards_size_1000_268328763/dehydrated_links/zips/refseq_000166.zip -> /data3/p252701008/refseq_genomes/contexts/refseq_RefSeq_include_all_refseq_shards_size_1000_268328763/dehydrated_links/unzipped/refseq_000166
[2026-07-07 23:01:46] [INFO] 开始解包 dehydrated 链接包：/data3/p252701008/refseq_genomes/contexts/refseq_RefSeq_include_all_refseq_shards_size_1000_268328763/dehydrated_links/zips/refseq_000167.zip -> /data3/p252701008/refseq_genomes/contexts/refseq_RefSeq_include_all_refseq_shards_size_1000_268328763/dehydrated_links/unzipped/refseq_000167
[2026-07-07 23:01:46] [INFO] 开始解包 dehydrated 链接包：/data3/p252701008/refseq_genomes/contexts/refseq_RefSeq_include_all_refseq_shards_size_1000_268328763/dehydrated_links/zips/refseq_000168.zip -> /data3/p252701008/refseq_genomes/contexts/refseq_RefSeq_include_all_refseq_shards_size_1000_268328763/dehydrated_links/unzipped/refseq_000168
[2026-07-07 23:01:46] [INFO] 开始解包 dehydrated 链接包：/data3/p252701008/refseq_genomes/contexts/refseq_RefSeq_include_all_refseq_shards_size_1000_268328763/dehydrated_links/zips/refseq_000169.zip -> /data3/p252701008/refseq_genomes/contexts/refseq_RefSeq_include_all_refseq_shards_size_1000_268328763/dehydrated_links/unzipped/refseq_000169
[2026-07-07 23:01:46] [INFO] 开始解包 dehydrated 链接包：/data3/p252701008/refseq_genomes/contexts/refseq_RefSeq_include_all_refseq_shards_size_1000_268328763/dehydrated_links/zips/refseq_000170.zip -> /data3/p252701008/refseq_genomes/contexts/refseq_RefSeq_include_all_refseq_shards_size_1000_268328763/dehydrated_links/unzipped/refseq_000170
[2026-07-07 23:01:46] [INFO] 开始解包 dehydrated 链接包：/data3/p252701008/refseq_genomes/contexts/refseq_RefSeq_include_all_refseq_shards_size_1000_268328763/dehydrated_links/zips/refseq_000171.zip -> /data3/p252701008/refseq_genomes/contexts/refseq_RefSeq_include_all_refseq_shards_size_1000_268328763/dehydrated_links/unzipped/refseq_000171
[2026-07-07 23:01:46] [INFO] 开始解包 dehydrated 链接包：/data3/p252701008/refseq_genomes/contexts/refseq_RefSeq_include_all_refseq_shards_size_1000_268328763/dehydrated_links/zips/refseq_000172.zip -> /data3/p252701008/refseq_genomes/contexts/refseq_RefSeq_include_all_refseq_shards_size_1000_268328763/dehydrated_links/unzipped/refseq_000172
[2026-07-07 23:01:46] [INFO] 开始解包 dehydrated 链接包：/data3/p252701008/refseq_genomes/contexts/refseq_RefSeq_include_all_refseq_shards_size_1000_268328763/dehydrated_links/zips/refseq_000173.zip -> /data3/p252701008/refseq_genomes/contexts/refseq_RefSeq_include_all_refseq_shards_size_1000_268328763/dehydrated_links/unzipped/refseq_000173
[2026-07-07 23:01:46] [INFO] 开始解包 dehydrated 链接包：/data3/p252701008/refseq_genomes/contexts/refseq_RefSeq_include_all_refseq_shards_size_1000_268328763/dehydrated_links/zips/refseq_000174.zip -> /data3/p252701008/refseq_genomes/contexts/refseq_RefSeq_include_all_refseq_shards_size_1000_268328763/dehydrated_links/unzipped/refseq_000174
[2026-07-07 23:01:46] [INFO] 开始解包 dehydrated 链接包：/data3/p252701008/refseq_genomes/contexts/refseq_RefSeq_include_all_refseq_shards_size_1000_268328763/dehydrated_links/zips/refseq_000175.zip -> /data3/p252701008/refseq_genomes/contexts/refseq_RefSeq_include_all_refseq_shards_size_1000_268328763/dehydrated_links/unzipped/refseq_000175
[2026-07-07 23:01:46] [INFO] 开始解包 dehydrated 链接包：/data3/p252701008/refseq_genomes/contexts/refseq_RefSeq_include_all_refseq_shards_size_1000_268328763/dehydrated_links/zips/refseq_000176.zip -> /data3/p252701008/refseq_genomes/contexts/refseq_RefSeq_include_all_refseq_shards_size_1000_268328763/dehydrated_links/unzipped/refseq_000176
[2026-07-07 23:01:46] [INFO] 开始解包 dehydrated 链接包：/data3/p252701008/refseq_genomes/contexts/refseq_RefSeq_include_all_refseq_shards_size_1000_268328763/dehydrated_links/zips/refseq_000177.zip -> /data3/p252701008/refseq_genomes/contexts/refseq_RefSeq_include_all_refseq_shards_size_1000_268328763/dehydrated_links/unzipped/refseq_000177
[2026-07-07 23:01:47] [INFO] 开始解包 dehydrated 链接包：/data3/p252701008/refseq_genomes/contexts/refseq_RefSeq_include_all_refseq_shards_size_1000_268328763/dehydrated_links/zips/refseq_000178.zip -> /data3/p252701008/refseq_genomes/contexts/refseq_RefSeq_include_all_refseq_shards_size_1000_268328763/dehydrated_links/unzipped/refseq_000178
[2026-07-07 23:01:47] [INFO] 开始解包 dehydrated 链接包：/data3/p252701008/refseq_genomes/contexts/refseq_RefSeq_include_all_refseq_shards_size_1000_268328763/dehydrated_links/zips/refseq_000179.zip -> /data3/p252701008/refseq_genomes/contexts/refseq_RefSeq_include_all_refseq_shards_size_1000_268328763/dehydrated_links/unzipped/refseq_000179
[2026-07-07 23:01:47] [INFO] 开始解包 dehydrated 链接包：/data3/p252701008/refseq_genomes/contexts/refseq_RefSeq_include_all_refseq_shards_size_1000_268328763/dehydrated_links/zips/refseq_000180.zip -> /data3/p252701008/refseq_genomes/contexts/refseq_RefSeq_include_all_refseq_shards_size_1000_268328763/dehydrated_links/unzipped/refseq_000180
[2026-07-07 23:01:47] [INFO] 开始解包 dehydrated 链接包：/data3/p252701008/refseq_genomes/contexts/refseq_RefSeq_include_all_refseq_shards_size_1000_268328763/dehydrated_links/zips/refseq_000181.zip -> /data3/p252701008/refseq_genomes/contexts/refseq_RefSeq_include_all_refseq_shards_size_1000_268328763/dehydrated_links/unzipped/refseq_000181
[2026-07-07 23:01:47] [INFO] 开始解包 dehydrated 链接包：/data3/p252701008/refseq_genomes/contexts/refseq_RefSeq_include_all_refseq_shards_size_1000_268328763/dehydrated_links/zips/refseq_000182.zip -> /data3/p252701008/refseq_genomes/contexts/refseq_RefSeq_include_all_refseq_shards_size_1000_268328763/dehydrated_links/unzipped/refseq_000182
[2026-07-07 23:01:47] [INFO] 开始解包 dehydrated 链接包：/data3/p252701008/refseq_genomes/contexts/refseq_RefSeq_include_all_refseq_shards_size_1000_268328763/dehydrated_links/zips/refseq_000183.zip -> /data3/p252701008/refseq_genomes/contexts/refseq_RefSeq_include_all_refseq_shards_size_1000_268328763/dehydrated_links/unzipped/refseq_000183
[2026-07-07 23:01:47] [INFO] 开始解包 dehydrated 链接包：/data3/p252701008/refseq_genomes/contexts/refseq_RefSeq_include_all_refseq_shards_size_1000_268328763/dehydrated_links/zips/refseq_000184.zip -> /data3/p252701008/refseq_genomes/contexts/refseq_RefSeq_include_all_refseq_shards_size_1000_268328763/dehydrated_links/unzipped/refseq_000184
[2026-07-07 23:01:47] [INFO] 开始解包 dehydrated 链接包：/data3/p252701008/refseq_genomes/contexts/refseq_RefSeq_include_all_refseq_shards_size_1000_268328763/dehydrated_links/zips/refseq_000185.zip -> /data3/p252701008/refseq_genomes/contexts/refseq_RefSeq_include_all_refseq_shards_size_1000_268328763/dehydrated_links/unzipped/refseq_000185
[2026-07-07 23:01:47] [INFO] 开始解包 dehydrated 链接包：/data3/p252701008/refseq_genomes/contexts/refseq_RefSeq_include_all_refseq_shards_size_1000_268328763/dehydrated_links/zips/refseq_000186.zip -> /data3/p252701008/refseq_genomes/contexts/refseq_RefSeq_include_all_refseq_shards_size_1000_268328763/dehydrated_links/unzipped/refseq_000186
[2026-07-07 23:01:47] [INFO] 开始解包 dehydrated 链接包：/data3/p252701008/refseq_genomes/contexts/refseq_RefSeq_include_all_refseq_shards_size_1000_268328763/dehydrated_links/zips/refseq_000187.zip -> /data3/p252701008/refseq_genomes/contexts/refseq_RefSeq_include_all_refseq_shards_size_1000_268328763/dehydrated_links/unzipped/refseq_000187
[2026-07-07 23:01:47] [INFO] 开始解包 dehydrated 链接包：/data3/p252701008/refseq_genomes/contexts/refseq_RefSeq_include_all_refseq_shards_size_1000_268328763/dehydrated_links/zips/refseq_000188.zip -> /data3/p252701008/refseq_genomes/contexts/refseq_RefSeq_include_all_refseq_shards_size_1000_268328763/dehydrated_links/unzipped/refseq_000188
[2026-07-07 23:01:47] [INFO] 开始解包 dehydrated 链接包：/data3/p252701008/refseq_genomes/contexts/refseq_RefSeq_include_all_refseq_shards_size_1000_268328763/dehydrated_links/zips/refseq_000189.zip -> /data3/p252701008/refseq_genomes/contexts/refseq_RefSeq_include_all_refseq_shards_size_1000_268328763/dehydrated_links/unzipped/refseq_000189
[2026-07-07 23:01:47] [INFO] 开始解包 dehydrated 链接包：/data3/p252701008/refseq_genomes/contexts/refseq_RefSeq_include_all_refseq_shards_size_1000_268328763/dehydrated_links/zips/refseq_000190.zip -> /data3/p252701008/refseq_genomes/contexts/refseq_RefSeq_include_all_refseq_shards_size_1000_268328763/dehydrated_links/unzipped/refseq_000190
[2026-07-07 23:01:47] [INFO] 开始解包 dehydrated 链接包：/data3/p252701008/refseq_genomes/contexts/refseq_RefSeq_include_all_refseq_shards_size_1000_268328763/dehydrated_links/zips/refseq_000191.zip -> /data3/p252701008/refseq_genomes/contexts/refseq_RefSeq_include_all_refseq_shards_size_1000_268328763/dehydrated_links/unzipped/refseq_000191
[2026-07-07 23:01:47] [INFO] 开始解包 dehydrated 链接包：/data3/p252701008/refseq_genomes/contexts/refseq_RefSeq_include_all_refseq_shards_size_1000_268328763/dehydrated_links/zips/refseq_000192.zip -> /data3/p252701008/refseq_genomes/contexts/refseq_RefSeq_include_all_refseq_shards_size_1000_268328763/dehydrated_links/unzipped/refseq_000192
[2026-07-07 23:01:47] [INFO] 开始解包 dehydrated 链接包：/data3/p252701008/refseq_genomes/contexts/refseq_RefSeq_include_all_refseq_shards_size_1000_268328763/dehydrated_links/zips/refseq_000193.zip -> /data3/p252701008/refseq_genomes/contexts/refseq_RefSeq_include_all_refseq_shards_size_1000_268328763/dehydrated_links/unzipped/refseq_000193
[2026-07-07 23:01:48] [INFO] 开始解包 dehydrated 链接包：/data3/p252701008/refseq_genomes/contexts/refseq_RefSeq_include_all_refseq_shards_size_1000_268328763/dehydrated_links/zips/refseq_000194.zip -> /data3/p252701008/refseq_genomes/contexts/refseq_RefSeq_include_all_refseq_shards_size_1000_268328763/dehydrated_links/unzipped/refseq_000194
[2026-07-07 23:01:48] [INFO] 开始解包 dehydrated 链接包：/data3/p252701008/refseq_genomes/contexts/refseq_RefSeq_include_all_refseq_shards_size_1000_268328763/dehydrated_links/zips/refseq_000195.zip -> /data3/p252701008/refseq_genomes/contexts/refseq_RefSeq_include_all_refseq_shards_size_1000_268328763/dehydrated_links/unzipped/refseq_000195
[2026-07-07 23:01:48] [INFO] 开始解包 dehydrated 链接包：/data3/p252701008/refseq_genomes/contexts/refseq_RefSeq_include_all_refseq_shards_size_1000_268328763/dehydrated_links/zips/refseq_000196.zip -> /data3/p252701008/refseq_genomes/contexts/refseq_RefSeq_include_all_refseq_shards_size_1000_268328763/dehydrated_links/unzipped/refseq_000196
[2026-07-07 23:01:48] [INFO] 开始解包 dehydrated 链接包：/data3/p252701008/refseq_genomes/contexts/refseq_RefSeq_include_all_refseq_shards_size_1000_268328763/dehydrated_links/zips/refseq_000197.zip -> /data3/p252701008/refseq_genomes/contexts/refseq_RefSeq_include_all_refseq_shards_size_1000_268328763/dehydrated_links/unzipped/refseq_000197
[2026-07-07 23:01:48] [INFO] 开始解包 dehydrated 链接包：/data3/p252701008/refseq_genomes/contexts/refseq_RefSeq_include_all_refseq_shards_size_1000_268328763/dehydrated_links/zips/refseq_000198.zip -> /data3/p252701008/refseq_genomes/contexts/refseq_RefSeq_include_all_refseq_shards_size_1000_268328763/dehydrated_links/unzipped/refseq_000198
[2026-07-07 23:01:48] [INFO] 开始解包 dehydrated 链接包：/data3/p252701008/refseq_genomes/contexts/refseq_RefSeq_include_all_refseq_shards_size_1000_268328763/dehydrated_links/zips/refseq_000199.zip -> /data3/p252701008/refseq_genomes/contexts/refseq_RefSeq_include_all_refseq_shards_size_1000_268328763/dehydrated_links/unzipped/refseq_000199
[2026-07-07 23:01:48] [INFO] 开始解包 dehydrated 链接包：/data3/p252701008/refseq_genomes/contexts/refseq_RefSeq_include_all_refseq_shards_size_1000_268328763/dehydrated_links/zips/refseq_000200.zip -> /data3/p252701008/refseq_genomes/contexts/refseq_RefSeq_include_all_refseq_shards_size_1000_268328763/dehydrated_links/unzipped/refseq_000200
[2026-07-07 23:01:48] [INFO] 开始解包 dehydrated 链接包：/data3/p252701008/refseq_genomes/contexts/refseq_RefSeq_include_all_refseq_shards_size_1000_268328763/dehydrated_links/zips/refseq_000201.zip -> /data3/p252701008/refseq_genomes/contexts/refseq_RefSeq_include_all_refseq_shards_size_1000_268328763/dehydrated_links/unzipped/refseq_000201
[2026-07-07 23:01:48] [INFO] 开始解包 dehydrated 链接包：/data3/p252701008/refseq_genomes/contexts/refseq_RefSeq_include_all_refseq_shards_size_1000_268328763/dehydrated_links/zips/refseq_000202.zip -> /data3/p252701008/refseq_genomes/contexts/refseq_RefSeq_include_all_refseq_shards_size_1000_268328763/dehydrated_links/unzipped/refseq_000202
[2026-07-07 23:01:48] [INFO] 开始解包 dehydrated 链接包：/data3/p252701008/refseq_genomes/contexts/refseq_RefSeq_include_all_refseq_shards_size_1000_268328763/dehydrated_links/zips/refseq_000203.zip -> /data3/p252701008/refseq_genomes/contexts/refseq_RefSeq_include_all_refseq_shards_size_1000_268328763/dehydrated_links/unzipped/refseq_000203
[2026-07-07 23:01:48] [INFO] 开始解包 dehydrated 链接包：/data3/p252701008/refseq_genomes/contexts/refseq_RefSeq_include_all_refseq_shards_size_1000_268328763/dehydrated_links/zips/refseq_000204.zip -> /data3/p252701008/refseq_genomes/contexts/refseq_RefSeq_include_all_refseq_shards_size_1000_268328763/dehydrated_links/unzipped/refseq_000204
[2026-07-07 23:01:48] [INFO] 开始解包 dehydrated 链接包：/data3/p252701008/refseq_genomes/contexts/refseq_RefSeq_include_all_refseq_shards_size_1000_268328763/dehydrated_links/zips/refseq_000205.zip -> /data3/p252701008/refseq_genomes/contexts/refseq_RefSeq_include_all_refseq_shards_size_1000_268328763/dehydrated_links/unzipped/refseq_000205
[2026-07-07 23:01:48] [INFO] 开始解包 dehydrated 链接包：/data3/p252701008/refseq_genomes/contexts/refseq_RefSeq_include_all_refseq_shards_size_1000_268328763/dehydrated_links/zips/refseq_000206.zip -> /data3/p252701008/refseq_genomes/contexts/refseq_RefSeq_include_all_refseq_shards_size_1000_268328763/dehydrated_links/unzipped/refseq_000206
[2026-07-07 23:01:48] [INFO] 开始解包 dehydrated 链接包：/data3/p252701008/refseq_genomes/contexts/refseq_RefSeq_include_all_refseq_shards_size_1000_268328763/dehydrated_links/zips/refseq_000207.zip -> /data3/p252701008/refseq_genomes/contexts/refseq_RefSeq_include_all_refseq_shards_size_1000_268328763/dehydrated_links/unzipped/refseq_000207
[2026-07-07 23:01:48] [INFO] 开始解包 dehydrated 链接包：/data3/p252701008/refseq_genomes/contexts/refseq_RefSeq_include_all_refseq_shards_size_1000_268328763/dehydrated_links/zips/refseq_000208.zip -> /data3/p252701008/refseq_genomes/contexts/refseq_RefSeq_include_all_refseq_shards_size_1000_268328763/dehydrated_links/unzipped/refseq_000208
[2026-07-07 23:01:48] [INFO] 开始解包 dehydrated 链接包：/data3/p252701008/refseq_genomes/contexts/refseq_RefSeq_include_all_refseq_shards_size_1000_268328763/dehydrated_links/zips/refseq_000209.zip -> /data3/p252701008/refseq_genomes/contexts/refseq_RefSeq_include_all_refseq_shards_size_1000_268328763/dehydrated_links/unzipped/refseq_000209
[2026-07-07 23:01:49] [INFO] 开始解包 dehydrated 链接包：/data3/p252701008/refseq_genomes/contexts/refseq_RefSeq_include_all_refseq_shards_size_1000_268328763/dehydrated_links/zips/refseq_000210.zip -> /data3/p252701008/refseq_genomes/contexts/refseq_RefSeq_include_all_refseq_shards_size_1000_268328763/dehydrated_links/unzipped/refseq_000210
[2026-07-07 23:01:49] [INFO] 开始解包 dehydrated 链接包：/data3/p252701008/refseq_genomes/contexts/refseq_RefSeq_include_all_refseq_shards_size_1000_268328763/dehydrated_links/zips/refseq_000211.zip -> /data3/p252701008/refseq_genomes/contexts/refseq_RefSeq_include_all_refseq_shards_size_1000_268328763/dehydrated_links/unzipped/refseq_000211
[2026-07-07 23:01:49] [INFO] 开始解包 dehydrated 链接包：/data3/p252701008/refseq_genomes/contexts/refseq_RefSeq_include_all_refseq_shards_size_1000_268328763/dehydrated_links/zips/refseq_000212.zip -> /data3/p252701008/refseq_genomes/contexts/refseq_RefSeq_include_all_refseq_shards_size_1000_268328763/dehydrated_links/unzipped/refseq_000212
[2026-07-07 23:01:49] [INFO] 开始解包 dehydrated 链接包：/data3/p252701008/refseq_genomes/contexts/refseq_RefSeq_include_all_refseq_shards_size_1000_268328763/dehydrated_links/zips/refseq_000213.zip -> /data3/p252701008/refseq_genomes/contexts/refseq_RefSeq_include_all_refseq_shards_size_1000_268328763/dehydrated_links/unzipped/refseq_000213
[2026-07-07 23:01:49] [INFO] 开始解包 dehydrated 链接包：/data3/p252701008/refseq_genomes/contexts/refseq_RefSeq_include_all_refseq_shards_size_1000_268328763/dehydrated_links/zips/refseq_000214.zip -> /data3/p252701008/refseq_genomes/contexts/refseq_RefSeq_include_all_refseq_shards_size_1000_268328763/dehydrated_links/unzipped/refseq_000214
[2026-07-07 23:01:49] [INFO] 开始解包 dehydrated 链接包：/data3/p252701008/refseq_genomes/contexts/refseq_RefSeq_include_all_refseq_shards_size_1000_268328763/dehydrated_links/zips/refseq_000215.zip -> /data3/p252701008/refseq_genomes/contexts/refseq_RefSeq_include_all_refseq_shards_size_1000_268328763/dehydrated_links/unzipped/refseq_000215
[2026-07-07 23:01:49] [INFO] 开始解包 dehydrated 链接包：/data3/p252701008/refseq_genomes/contexts/refseq_RefSeq_include_all_refseq_shards_size_1000_268328763/dehydrated_links/zips/refseq_000216.zip -> /data3/p252701008/refseq_genomes/contexts/refseq_RefSeq_include_all_refseq_shards_size_1000_268328763/dehydrated_links/unzipped/refseq_000216
[2026-07-07 23:01:49] [INFO] 开始解包 dehydrated 链接包：/data3/p252701008/refseq_genomes/contexts/refseq_RefSeq_include_all_refseq_shards_size_1000_268328763/dehydrated_links/zips/refseq_000217.zip -> /data3/p252701008/refseq_genomes/contexts/refseq_RefSeq_include_all_refseq_shards_size_1000_268328763/dehydrated_links/unzipped/refseq_000217
[2026-07-07 23:01:49] [INFO] 开始解包 dehydrated 链接包：/data3/p252701008/refseq_genomes/contexts/refseq_RefSeq_include_all_refseq_shards_size_1000_268328763/dehydrated_links/zips/refseq_000218.zip -> /data3/p252701008/refseq_genomes/contexts/refseq_RefSeq_include_all_refseq_shards_size_1000_268328763/dehydrated_links/unzipped/refseq_000218
[2026-07-07 23:01:49] [INFO] 开始解包 dehydrated 链接包：/data3/p252701008/refseq_genomes/contexts/refseq_RefSeq_include_all_refseq_shards_size_1000_268328763/dehydrated_links/zips/refseq_000219.zip -> /data3/p252701008/refseq_genomes/contexts/refseq_RefSeq_include_all_refseq_shards_size_1000_268328763/dehydrated_links/unzipped/refseq_000219
[2026-07-07 23:01:49] [INFO] 开始解包 dehydrated 链接包：/data3/p252701008/refseq_genomes/contexts/refseq_RefSeq_include_all_refseq_shards_size_1000_268328763/dehydrated_links/zips/refseq_000220.zip -> /data3/p252701008/refseq_genomes/contexts/refseq_RefSeq_include_all_refseq_shards_size_1000_268328763/dehydrated_links/unzipped/refseq_000220
[2026-07-07 23:01:49] [INFO] 开始解包 dehydrated 链接包：/data3/p252701008/refseq_genomes/contexts/refseq_RefSeq_include_all_refseq_shards_size_1000_268328763/dehydrated_links/zips/refseq_000221.zip -> /data3/p252701008/refseq_genomes/contexts/refseq_RefSeq_include_all_refseq_shards_size_1000_268328763/dehydrated_links/unzipped/refseq_000221
[2026-07-07 23:01:49] [INFO] 开始解包 dehydrated 链接包：/data3/p252701008/refseq_genomes/contexts/refseq_RefSeq_include_all_refseq_shards_size_1000_268328763/dehydrated_links/zips/refseq_000222.zip -> /data3/p252701008/refseq_genomes/contexts/refseq_RefSeq_include_all_refseq_shards_size_1000_268328763/dehydrated_links/unzipped/refseq_000222
[2026-07-07 23:01:49] [INFO] 开始解包 dehydrated 链接包：/data3/p252701008/refseq_genomes/contexts/refseq_RefSeq_include_all_refseq_shards_size_1000_268328763/dehydrated_links/zips/refseq_000223.zip -> /data3/p252701008/refseq_genomes/contexts/refseq_RefSeq_include_all_refseq_shards_size_1000_268328763/dehydrated_links/unzipped/refseq_000223
[2026-07-07 23:01:49] [INFO] 开始解包 dehydrated 链接包：/data3/p252701008/refseq_genomes/contexts/refseq_RefSeq_include_all_refseq_shards_size_1000_268328763/dehydrated_links/zips/refseq_000224.zip -> /data3/p252701008/refseq_genomes/contexts/refseq_RefSeq_include_all_refseq_shards_size_1000_268328763/dehydrated_links/unzipped/refseq_000224
[2026-07-07 23:01:49] [INFO] 开始解包 dehydrated 链接包：/data3/p252701008/refseq_genomes/contexts/refseq_RefSeq_include_all_refseq_shards_size_1000_268328763/dehydrated_links/zips/refseq_000225.zip -> /data3/p252701008/refseq_genomes/contexts/refseq_RefSeq_include_all_refseq_shards_size_1000_268328763/dehydrated_links/unzipped/refseq_000225
[2026-07-07 23:01:50] [INFO] 开始解包 dehydrated 链接包：/data3/p252701008/refseq_genomes/contexts/refseq_RefSeq_include_all_refseq_shards_size_1000_268328763/dehydrated_links/zips/refseq_000226.zip -> /data3/p252701008/refseq_genomes/contexts/refseq_RefSeq_include_all_refseq_shards_size_1000_268328763/dehydrated_links/unzipped/refseq_000226
[2026-07-07 23:01:50] [INFO] 开始解包 dehydrated 链接包：/data3/p252701008/refseq_genomes/contexts/refseq_RefSeq_include_all_refseq_shards_size_1000_268328763/dehydrated_links/zips/refseq_000227.zip -> /data3/p252701008/refseq_genomes/contexts/refseq_RefSeq_include_all_refseq_shards_size_1000_268328763/dehydrated_links/unzipped/refseq_000227
[2026-07-07 23:01:50] [INFO] 开始解包 dehydrated 链接包：/data3/p252701008/refseq_genomes/contexts/refseq_RefSeq_include_all_refseq_shards_size_1000_268328763/dehydrated_links/zips/refseq_000228.zip -> /data3/p252701008/refseq_genomes/contexts/refseq_RefSeq_include_all_refseq_shards_size_1000_268328763/dehydrated_links/unzipped/refseq_000228
[2026-07-07 23:01:50] [INFO] 开始解包 dehydrated 链接包：/data3/p252701008/refseq_genomes/contexts/refseq_RefSeq_include_all_refseq_shards_size_1000_268328763/dehydrated_links/zips/refseq_000229.zip -> /data3/p252701008/refseq_genomes/contexts/refseq_RefSeq_include_all_refseq_shards_size_1000_268328763/dehydrated_links/unzipped/refseq_000229
[2026-07-07 23:01:50] [INFO] 开始解包 dehydrated 链接包：/data3/p252701008/refseq_genomes/contexts/refseq_RefSeq_include_all_refseq_shards_size_1000_268328763/dehydrated_links/zips/refseq_000230.zip -> /data3/p252701008/refseq_genomes/contexts/refseq_RefSeq_include_all_refseq_shards_size_1000_268328763/dehydrated_links/unzipped/refseq_000230
[2026-07-07 23:01:50] [INFO] 开始解包 dehydrated 链接包：/data3/p252701008/refseq_genomes/contexts/refseq_RefSeq_include_all_refseq_shards_size_1000_268328763/dehydrated_links/zips/refseq_000231.zip -> /data3/p252701008/refseq_genomes/contexts/refseq_RefSeq_include_all_refseq_shards_size_1000_268328763/dehydrated_links/unzipped/refseq_000231
[2026-07-07 23:01:50] [INFO] 开始解包 dehydrated 链接包：/data3/p252701008/refseq_genomes/contexts/refseq_RefSeq_include_all_refseq_shards_size_1000_268328763/dehydrated_links/zips/refseq_000232.zip -> /data3/p252701008/refseq_genomes/contexts/refseq_RefSeq_include_all_refseq_shards_size_1000_268328763/dehydrated_links/unzipped/refseq_000232
[2026-07-07 23:01:50] [INFO] 开始解包 dehydrated 链接包：/data3/p252701008/refseq_genomes/contexts/refseq_RefSeq_include_all_refseq_shards_size_1000_268328763/dehydrated_links/zips/refseq_000233.zip -> /data3/p252701008/refseq_genomes/contexts/refseq_RefSeq_include_all_refseq_shards_size_1000_268328763/dehydrated_links/unzipped/refseq_000233
[2026-07-07 23:01:50] [INFO] 开始解包 dehydrated 链接包：/data3/p252701008/refseq_genomes/contexts/refseq_RefSeq_include_all_refseq_shards_size_1000_268328763/dehydrated_links/zips/refseq_000234.zip -> /data3/p252701008/refseq_genomes/contexts/refseq_RefSeq_include_all_refseq_shards_size_1000_268328763/dehydrated_links/unzipped/refseq_000234
[2026-07-07 23:01:50] [INFO] 开始解包 dehydrated 链接包：/data3/p252701008/refseq_genomes/contexts/refseq_RefSeq_include_all_refseq_shards_size_1000_268328763/dehydrated_links/zips/refseq_000235.zip -> /data3/p252701008/refseq_genomes/contexts/refseq_RefSeq_include_all_refseq_shards_size_1000_268328763/dehydrated_links/unzipped/refseq_000235
[2026-07-07 23:01:50] [INFO] 开始解包 dehydrated 链接包：/data3/p252701008/refseq_genomes/contexts/refseq_RefSeq_include_all_refseq_shards_size_1000_268328763/dehydrated_links/zips/refseq_000236.zip -> /data3/p252701008/refseq_genomes/contexts/refseq_RefSeq_include_all_refseq_shards_size_1000_268328763/dehydrated_links/unzipped/refseq_000236
[2026-07-07 23:01:50] [INFO] 开始解包 dehydrated 链接包：/data3/p252701008/refseq_genomes/contexts/refseq_RefSeq_include_all_refseq_shards_size_1000_268328763/dehydrated_links/zips/refseq_000237.zip -> /data3/p252701008/refseq_genomes/contexts/refseq_RefSeq_include_all_refseq_shards_size_1000_268328763/dehydrated_links/unzipped/refseq_000237
[2026-07-07 23:01:50] [INFO] 开始解包 dehydrated 链接包：/data3/p252701008/refseq_genomes/contexts/refseq_RefSeq_include_all_refseq_shards_size_1000_268328763/dehydrated_links/zips/refseq_000238.zip -> /data3/p252701008/refseq_genomes/contexts/refseq_RefSeq_include_all_refseq_shards_size_1000_268328763/dehydrated_links/unzipped/refseq_000238
[2026-07-07 23:01:50] [INFO] 开始解包 dehydrated 链接包：/data3/p252701008/refseq_genomes/contexts/refseq_RefSeq_include_all_refseq_shards_size_1000_268328763/dehydrated_links/zips/refseq_000239.zip -> /data3/p252701008/refseq_genomes/contexts/refseq_RefSeq_include_all_refseq_shards_size_1000_268328763/dehydrated_links/unzipped/refseq_000239
[2026-07-07 23:01:50] [INFO] 开始解包 dehydrated 链接包：/data3/p252701008/refseq_genomes/contexts/refseq_RefSeq_include_all_refseq_shards_size_1000_268328763/dehydrated_links/zips/refseq_000240.zip -> /data3/p252701008/refseq_genomes/contexts/refseq_RefSeq_include_all_refseq_shards_size_1000_268328763/dehydrated_links/unzipped/refseq_000240
[2026-07-07 23:01:50] [INFO] 开始解包 dehydrated 链接包：/data3/p252701008/refseq_genomes/contexts/refseq_RefSeq_include_all_refseq_shards_size_1000_268328763/dehydrated_links/zips/refseq_000241.zip -> /data3/p252701008/refseq_genomes/contexts/refseq_RefSeq_include_all_refseq_shards_size_1000_268328763/dehydrated_links/unzipped/refseq_000241
[2026-07-07 23:01:51] [INFO] 开始解包 dehydrated 链接包：/data3/p252701008/refseq_genomes/contexts/refseq_RefSeq_include_all_refseq_shards_size_1000_268328763/dehydrated_links/zips/refseq_000242.zip -> /data3/p252701008/refseq_genomes/contexts/refseq_RefSeq_include_all_refseq_shards_size_1000_268328763/dehydrated_links/unzipped/refseq_000242
[2026-07-07 23:01:51] [INFO] 开始解包 dehydrated 链接包：/data3/p252701008/refseq_genomes/contexts/refseq_RefSeq_include_all_refseq_shards_size_1000_268328763/dehydrated_links/zips/refseq_000243.zip -> /data3/p252701008/refseq_genomes/contexts/refseq_RefSeq_include_all_refseq_shards_size_1000_268328763/dehydrated_links/unzipped/refseq_000243
[2026-07-07 23:01:51] [INFO] 开始解包 dehydrated 链接包：/data3/p252701008/refseq_genomes/contexts/refseq_RefSeq_include_all_refseq_shards_size_1000_268328763/dehydrated_links/zips/refseq_000244.zip -> /data3/p252701008/refseq_genomes/contexts/refseq_RefSeq_include_all_refseq_shards_size_1000_268328763/dehydrated_links/unzipped/refseq_000244
[2026-07-07 23:01:51] [INFO] 开始解包 dehydrated 链接包：/data3/p252701008/refseq_genomes/contexts/refseq_RefSeq_include_all_refseq_shards_size_1000_268328763/dehydrated_links/zips/refseq_000245.zip -> /data3/p252701008/refseq_genomes/contexts/refseq_RefSeq_include_all_refseq_shards_size_1000_268328763/dehydrated_links/unzipped/refseq_000245
[2026-07-07 23:01:51] [INFO] 开始解包 dehydrated 链接包：/data3/p252701008/refseq_genomes/contexts/refseq_RefSeq_include_all_refseq_shards_size_1000_268328763/dehydrated_links/zips/refseq_000246.zip -> /data3/p252701008/refseq_genomes/contexts/refseq_RefSeq_include_all_refseq_shards_size_1000_268328763/dehydrated_links/unzipped/refseq_000246
[2026-07-07 23:01:51] [INFO] 开始解包 dehydrated 链接包：/data3/p252701008/refseq_genomes/contexts/refseq_RefSeq_include_all_refseq_shards_size_1000_268328763/dehydrated_links/zips/refseq_000247.zip -> /data3/p252701008/refseq_genomes/contexts/refseq_RefSeq_include_all_refseq_shards_size_1000_268328763/dehydrated_links/unzipped/refseq_000247
[2026-07-07 23:01:51] [INFO] 开始解包 dehydrated 链接包：/data3/p252701008/refseq_genomes/contexts/refseq_RefSeq_include_all_refseq_shards_size_1000_268328763/dehydrated_links/zips/refseq_000248.zip -> /data3/p252701008/refseq_genomes/contexts/refseq_RefSeq_include_all_refseq_shards_size_1000_268328763/dehydrated_links/unzipped/refseq_000248
[2026-07-07 23:01:51] [INFO] 开始解包 dehydrated 链接包：/data3/p252701008/refseq_genomes/contexts/refseq_RefSeq_include_all_refseq_shards_size_1000_268328763/dehydrated_links/zips/refseq_000249.zip -> /data3/p252701008/refseq_genomes/contexts/refseq_RefSeq_include_all_refseq_shards_size_1000_268328763/dehydrated_links/unzipped/refseq_000249
[2026-07-07 23:01:51] [INFO] 开始解包 dehydrated 链接包：/data3/p252701008/refseq_genomes/contexts/refseq_RefSeq_include_all_refseq_shards_size_1000_268328763/dehydrated_links/zips/refseq_000250.zip -> /data3/p252701008/refseq_genomes/contexts/refseq_RefSeq_include_all_refseq_shards_size_1000_268328763/dehydrated_links/unzipped/refseq_000250
[2026-07-07 23:01:51] [INFO] 开始解包 dehydrated 链接包：/data3/p252701008/refseq_genomes/contexts/refseq_RefSeq_include_all_refseq_shards_size_1000_268328763/dehydrated_links/zips/refseq_000251.zip -> /data3/p252701008/refseq_genomes/contexts/refseq_RefSeq_include_all_refseq_shards_size_1000_268328763/dehydrated_links/unzipped/refseq_000251
[2026-07-07 23:01:51] [INFO] 开始解包 dehydrated 链接包：/data3/p252701008/refseq_genomes/contexts/refseq_RefSeq_include_all_refseq_shards_size_1000_268328763/dehydrated_links/zips/refseq_000252.zip -> /data3/p252701008/refseq_genomes/contexts/refseq_RefSeq_include_all_refseq_shards_size_1000_268328763/dehydrated_links/unzipped/refseq_000252
[2026-07-07 23:01:51] [INFO] 开始解包 dehydrated 链接包：/data3/p252701008/refseq_genomes/contexts/refseq_RefSeq_include_all_refseq_shards_size_1000_268328763/dehydrated_links/zips/refseq_000253.zip -> /data3/p252701008/refseq_genomes/contexts/refseq_RefSeq_include_all_refseq_shards_size_1000_268328763/dehydrated_links/unzipped/refseq_000253
[2026-07-07 23:01:51] [INFO] 开始解包 dehydrated 链接包：/data3/p252701008/refseq_genomes/contexts/refseq_RefSeq_include_all_refseq_shards_size_1000_268328763/dehydrated_links/zips/refseq_000254.zip -> /data3/p252701008/refseq_genomes/contexts/refseq_RefSeq_include_all_refseq_shards_size_1000_268328763/dehydrated_links/unzipped/refseq_000254
[2026-07-07 23:01:51] [INFO] 开始解包 dehydrated 链接包：/data3/p252701008/refseq_genomes/contexts/refseq_RefSeq_include_all_refseq_shards_size_1000_268328763/dehydrated_links/zips/refseq_000255.zip -> /data3/p252701008/refseq_genomes/contexts/refseq_RefSeq_include_all_refseq_shards_size_1000_268328763/dehydrated_links/unzipped/refseq_000255
[2026-07-07 23:01:51] [INFO] 开始解包 dehydrated 链接包：/data3/p252701008/refseq_genomes/contexts/refseq_RefSeq_include_all_refseq_shards_size_1000_268328763/dehydrated_links/zips/refseq_000256.zip -> /data3/p252701008/refseq_genomes/contexts/refseq_RefSeq_include_all_refseq_shards_size_1000_268328763/dehydrated_links/unzipped/refseq_000256
[2026-07-07 23:01:51] [INFO] 开始解包 dehydrated 链接包：/data3/p252701008/refseq_genomes/contexts/refseq_RefSeq_include_all_refseq_shards_size_1000_268328763/dehydrated_links/zips/refseq_000257.zip -> /data3/p252701008/refseq_genomes/contexts/refseq_RefSeq_include_all_refseq_shards_size_1000_268328763/dehydrated_links/unzipped/refseq_000257
[2026-07-07 23:01:52] [INFO] 开始解包 dehydrated 链接包：/data3/p252701008/refseq_genomes/contexts/refseq_RefSeq_include_all_refseq_shards_size_1000_268328763/dehydrated_links/zips/refseq_000258.zip -> /data3/p252701008/refseq_genomes/contexts/refseq_RefSeq_include_all_refseq_shards_size_1000_268328763/dehydrated_links/unzipped/refseq_000258
[2026-07-07 23:01:52] [INFO] 开始解包 dehydrated 链接包：/data3/p252701008/refseq_genomes/contexts/refseq_RefSeq_include_all_refseq_shards_size_1000_268328763/dehydrated_links/zips/refseq_000259.zip -> /data3/p252701008/refseq_genomes/contexts/refseq_RefSeq_include_all_refseq_shards_size_1000_268328763/dehydrated_links/unzipped/refseq_000259
[2026-07-07 23:01:52] [INFO] 开始解包 dehydrated 链接包：/data3/p252701008/refseq_genomes/contexts/refseq_RefSeq_include_all_refseq_shards_size_1000_268328763/dehydrated_links/zips/refseq_000260.zip -> /data3/p252701008/refseq_genomes/contexts/refseq_RefSeq_include_all_refseq_shards_size_1000_268328763/dehydrated_links/unzipped/refseq_000260
[2026-07-07 23:01:52] [INFO] 开始解包 dehydrated 链接包：/data3/p252701008/refseq_genomes/contexts/refseq_RefSeq_include_all_refseq_shards_size_1000_268328763/dehydrated_links/zips/refseq_000261.zip -> /data3/p252701008/refseq_genomes/contexts/refseq_RefSeq_include_all_refseq_shards_size_1000_268328763/dehydrated_links/unzipped/refseq_000261
[2026-07-07 23:01:52] [INFO] 开始解包 dehydrated 链接包：/data3/p252701008/refseq_genomes/contexts/refseq_RefSeq_include_all_refseq_shards_size_1000_268328763/dehydrated_links/zips/refseq_000262.zip -> /data3/p252701008/refseq_genomes/contexts/refseq_RefSeq_include_all_refseq_shards_size_1000_268328763/dehydrated_links/unzipped/refseq_000262
[2026-07-07 23:01:52] [INFO] 开始解包 dehydrated 链接包：/data3/p252701008/refseq_genomes/contexts/refseq_RefSeq_include_all_refseq_shards_size_1000_268328763/dehydrated_links/zips/refseq_000263.zip -> /data3/p252701008/refseq_genomes/contexts/refseq_RefSeq_include_all_refseq_shards_size_1000_268328763/dehydrated_links/unzipped/refseq_000263
[2026-07-07 23:01:52] [INFO] 开始解包 dehydrated 链接包：/data3/p252701008/refseq_genomes/contexts/refseq_RefSeq_include_all_refseq_shards_size_1000_268328763/dehydrated_links/zips/refseq_000264.zip -> /data3/p252701008/refseq_genomes/contexts/refseq_RefSeq_include_all_refseq_shards_size_1000_268328763/dehydrated_links/unzipped/refseq_000264
[2026-07-07 23:01:52] [INFO] 开始解包 dehydrated 链接包：/data3/p252701008/refseq_genomes/contexts/refseq_RefSeq_include_all_refseq_shards_size_1000_268328763/dehydrated_links/zips/refseq_000265.zip -> /data3/p252701008/refseq_genomes/contexts/refseq_RefSeq_include_all_refseq_shards_size_1000_268328763/dehydrated_links/unzipped/refseq_000265
[2026-07-07 23:01:52] [INFO] 开始解包 dehydrated 链接包：/data3/p252701008/refseq_genomes/contexts/refseq_RefSeq_include_all_refseq_shards_size_1000_268328763/dehydrated_links/zips/refseq_000266.zip -> /data3/p252701008/refseq_genomes/contexts/refseq_RefSeq_include_all_refseq_shards_size_1000_268328763/dehydrated_links/unzipped/refseq_000266
[2026-07-07 23:01:52] [INFO] 开始解包 dehydrated 链接包：/data3/p252701008/refseq_genomes/contexts/refseq_RefSeq_include_all_refseq_shards_size_1000_268328763/dehydrated_links/zips/refseq_000267.zip -> /data3/p252701008/refseq_genomes/contexts/refseq_RefSeq_include_all_refseq_shards_size_1000_268328763/dehydrated_links/unzipped/refseq_000267
[2026-07-07 23:01:52] [INFO] 开始解包 dehydrated 链接包：/data3/p252701008/refseq_genomes/contexts/refseq_RefSeq_include_all_refseq_shards_size_1000_268328763/dehydrated_links/zips/refseq_000268.zip -> /data3/p252701008/refseq_genomes/contexts/refseq_RefSeq_include_all_refseq_shards_size_1000_268328763/dehydrated_links/unzipped/refseq_000268
[2026-07-07 23:01:52] [INFO] 开始解包 dehydrated 链接包：/data3/p252701008/refseq_genomes/contexts/refseq_RefSeq_include_all_refseq_shards_size_1000_268328763/dehydrated_links/zips/refseq_000269.zip -> /data3/p252701008/refseq_genomes/contexts/refseq_RefSeq_include_all_refseq_shards_size_1000_268328763/dehydrated_links/unzipped/refseq_000269
[2026-07-07 23:01:52] [INFO] 开始解包 dehydrated 链接包：/data3/p252701008/refseq_genomes/contexts/refseq_RefSeq_include_all_refseq_shards_size_1000_268328763/dehydrated_links/zips/refseq_000270.zip -> /data3/p252701008/refseq_genomes/contexts/refseq_RefSeq_include_all_refseq_shards_size_1000_268328763/dehydrated_links/unzipped/refseq_000270
[2026-07-07 23:01:52] [INFO] 开始解包 dehydrated 链接包：/data3/p252701008/refseq_genomes/contexts/refseq_RefSeq_include_all_refseq_shards_size_1000_268328763/dehydrated_links/zips/refseq_000271.zip -> /data3/p252701008/refseq_genomes/contexts/refseq_RefSeq_include_all_refseq_shards_size_1000_268328763/dehydrated_links/unzipped/refseq_000271
[2026-07-07 23:01:52] [INFO] 开始解包 dehydrated 链接包：/data3/p252701008/refseq_genomes/contexts/refseq_RefSeq_include_all_refseq_shards_size_1000_268328763/dehydrated_links/zips/refseq_000272.zip -> /data3/p252701008/refseq_genomes/contexts/refseq_RefSeq_include_all_refseq_shards_size_1000_268328763/dehydrated_links/unzipped/refseq_000272
[2026-07-07 23:01:52] [INFO] 开始解包 dehydrated 链接包：/data3/p252701008/refseq_genomes/contexts/refseq_RefSeq_include_all_refseq_shards_size_1000_268328763/dehydrated_links/zips/refseq_000273.zip -> /data3/p252701008/refseq_genomes/contexts/refseq_RefSeq_include_all_refseq_shards_size_1000_268328763/dehydrated_links/unzipped/refseq_000273
[2026-07-07 23:01:53] [INFO] 开始解包 dehydrated 链接包：/data3/p252701008/refseq_genomes/contexts/refseq_RefSeq_include_all_refseq_shards_size_1000_268328763/dehydrated_links/zips/refseq_000274.zip -> /data3/p252701008/refseq_genomes/contexts/refseq_RefSeq_include_all_refseq_shards_size_1000_268328763/dehydrated_links/unzipped/refseq_000274
[2026-07-07 23:01:53] [INFO] 开始解包 dehydrated 链接包：/data3/p252701008/refseq_genomes/contexts/refseq_RefSeq_include_all_refseq_shards_size_1000_268328763/dehydrated_links/zips/refseq_000275.zip -> /data3/p252701008/refseq_genomes/contexts/refseq_RefSeq_include_all_refseq_shards_size_1000_268328763/dehydrated_links/unzipped/refseq_000275
[2026-07-07 23:01:53] [INFO] 开始解包 dehydrated 链接包：/data3/p252701008/refseq_genomes/contexts/refseq_RefSeq_include_all_refseq_shards_size_1000_268328763/dehydrated_links/zips/refseq_000276.zip -> /data3/p252701008/refseq_genomes/contexts/refseq_RefSeq_include_all_refseq_shards_size_1000_268328763/dehydrated_links/unzipped/refseq_000276
[2026-07-07 23:01:53] [INFO] 开始解包 dehydrated 链接包：/data3/p252701008/refseq_genomes/contexts/refseq_RefSeq_include_all_refseq_shards_size_1000_268328763/dehydrated_links/zips/refseq_000277.zip -> /data3/p252701008/refseq_genomes/contexts/refseq_RefSeq_include_all_refseq_shards_size_1000_268328763/dehydrated_links/unzipped/refseq_000277
[2026-07-07 23:01:53] [INFO] 开始解包 dehydrated 链接包：/data3/p252701008/refseq_genomes/contexts/refseq_RefSeq_include_all_refseq_shards_size_1000_268328763/dehydrated_links/zips/refseq_000278.zip -> /data3/p252701008/refseq_genomes/contexts/refseq_RefSeq_include_all_refseq_shards_size_1000_268328763/dehydrated_links/unzipped/refseq_000278
[2026-07-07 23:01:53] [INFO] 开始解包 dehydrated 链接包：/data3/p252701008/refseq_genomes/contexts/refseq_RefSeq_include_all_refseq_shards_size_1000_268328763/dehydrated_links/zips/refseq_000279.zip -> /data3/p252701008/refseq_genomes/contexts/refseq_RefSeq_include_all_refseq_shards_size_1000_268328763/dehydrated_links/unzipped/refseq_000279
[2026-07-07 23:01:53] [INFO] 开始解包 dehydrated 链接包：/data3/p252701008/refseq_genomes/contexts/refseq_RefSeq_include_all_refseq_shards_size_1000_268328763/dehydrated_links/zips/refseq_000280.zip -> /data3/p252701008/refseq_genomes/contexts/refseq_RefSeq_include_all_refseq_shards_size_1000_268328763/dehydrated_links/unzipped/refseq_000280
[2026-07-07 23:01:53] [INFO] 开始解包 dehydrated 链接包：/data3/p252701008/refseq_genomes/contexts/refseq_RefSeq_include_all_refseq_shards_size_1000_268328763/dehydrated_links/zips/refseq_000281.zip -> /data3/p252701008/refseq_genomes/contexts/refseq_RefSeq_include_all_refseq_shards_size_1000_268328763/dehydrated_links/unzipped/refseq_000281
[2026-07-07 23:01:53] [INFO] 开始解包 dehydrated 链接包：/data3/p252701008/refseq_genomes/contexts/refseq_RefSeq_include_all_refseq_shards_size_1000_268328763/dehydrated_links/zips/refseq_000282.zip -> /data3/p252701008/refseq_genomes/contexts/refseq_RefSeq_include_all_refseq_shards_size_1000_268328763/dehydrated_links/unzipped/refseq_000282
[2026-07-07 23:01:53] [INFO] 开始解包 dehydrated 链接包：/data3/p252701008/refseq_genomes/contexts/refseq_RefSeq_include_all_refseq_shards_size_1000_268328763/dehydrated_links/zips/refseq_000283.zip -> /data3/p252701008/refseq_genomes/contexts/refseq_RefSeq_include_all_refseq_shards_size_1000_268328763/dehydrated_links/unzipped/refseq_000283
[2026-07-07 23:01:53] [INFO] 开始解包 dehydrated 链接包：/data3/p252701008/refseq_genomes/contexts/refseq_RefSeq_include_all_refseq_shards_size_1000_268328763/dehydrated_links/zips/refseq_000284.zip -> /data3/p252701008/refseq_genomes/contexts/refseq_RefSeq_include_all_refseq_shards_size_1000_268328763/dehydrated_links/unzipped/refseq_000284
[2026-07-07 23:01:53] [INFO] 开始解包 dehydrated 链接包：/data3/p252701008/refseq_genomes/contexts/refseq_RefSeq_include_all_refseq_shards_size_1000_268328763/dehydrated_links/zips/refseq_000285.zip -> /data3/p252701008/refseq_genomes/contexts/refseq_RefSeq_include_all_refseq_shards_size_1000_268328763/dehydrated_links/unzipped/refseq_000285
[2026-07-07 23:01:53] [INFO] 开始解包 dehydrated 链接包：/data3/p252701008/refseq_genomes/contexts/refseq_RefSeq_include_all_refseq_shards_size_1000_268328763/dehydrated_links/zips/refseq_000286.zip -> /data3/p252701008/refseq_genomes/contexts/refseq_RefSeq_include_all_refseq_shards_size_1000_268328763/dehydrated_links/unzipped/refseq_000286
[2026-07-07 23:01:53] [INFO] 开始解包 dehydrated 链接包：/data3/p252701008/refseq_genomes/contexts/refseq_RefSeq_include_all_refseq_shards_size_1000_268328763/dehydrated_links/zips/refseq_000287.zip -> /data3/p252701008/refseq_genomes/contexts/refseq_RefSeq_include_all_refseq_shards_size_1000_268328763/dehydrated_links/unzipped/refseq_000287
[2026-07-07 23:01:53] [INFO] 开始解包 dehydrated 链接包：/data3/p252701008/refseq_genomes/contexts/refseq_RefSeq_include_all_refseq_shards_size_1000_268328763/dehydrated_links/zips/refseq_000288.zip -> /data3/p252701008/refseq_genomes/contexts/refseq_RefSeq_include_all_refseq_shards_size_1000_268328763/dehydrated_links/unzipped/refseq_000288
[2026-07-07 23:01:53] [INFO] 开始解包 dehydrated 链接包：/data3/p252701008/refseq_genomes/contexts/refseq_RefSeq_include_all_refseq_shards_size_1000_268328763/dehydrated_links/zips/refseq_000289.zip -> /data3/p252701008/refseq_genomes/contexts/refseq_RefSeq_include_all_refseq_shards_size_1000_268328763/dehydrated_links/unzipped/refseq_000289
[2026-07-07 23:01:54] [INFO] 开始解包 dehydrated 链接包：/data3/p252701008/refseq_genomes/contexts/refseq_RefSeq_include_all_refseq_shards_size_1000_268328763/dehydrated_links/zips/refseq_000290.zip -> /data3/p252701008/refseq_genomes/contexts/refseq_RefSeq_include_all_refseq_shards_size_1000_268328763/dehydrated_links/unzipped/refseq_000290
[2026-07-07 23:01:54] [INFO] 开始解包 dehydrated 链接包：/data3/p252701008/refseq_genomes/contexts/refseq_RefSeq_include_all_refseq_shards_size_1000_268328763/dehydrated_links/zips/refseq_000291.zip -> /data3/p252701008/refseq_genomes/contexts/refseq_RefSeq_include_all_refseq_shards_size_1000_268328763/dehydrated_links/unzipped/refseq_000291
[2026-07-07 23:01:54] [INFO] 开始解包 dehydrated 链接包：/data3/p252701008/refseq_genomes/contexts/refseq_RefSeq_include_all_refseq_shards_size_1000_268328763/dehydrated_links/zips/refseq_000292.zip -> /data3/p252701008/refseq_genomes/contexts/refseq_RefSeq_include_all_refseq_shards_size_1000_268328763/dehydrated_links/unzipped/refseq_000292
[2026-07-07 23:01:54] [INFO] 开始解包 dehydrated 链接包：/data3/p252701008/refseq_genomes/contexts/refseq_RefSeq_include_all_refseq_shards_size_1000_268328763/dehydrated_links/zips/refseq_000293.zip -> /data3/p252701008/refseq_genomes/contexts/refseq_RefSeq_include_all_refseq_shards_size_1000_268328763/dehydrated_links/unzipped/refseq_000293
[2026-07-07 23:01:54] [INFO] 开始解包 dehydrated 链接包：/data3/p252701008/refseq_genomes/contexts/refseq_RefSeq_include_all_refseq_shards_size_1000_268328763/dehydrated_links/zips/refseq_000294.zip -> /data3/p252701008/refseq_genomes/contexts/refseq_RefSeq_include_all_refseq_shards_size_1000_268328763/dehydrated_links/unzipped/refseq_000294
[2026-07-07 23:01:54] [INFO] 开始解包 dehydrated 链接包：/data3/p252701008/refseq_genomes/contexts/refseq_RefSeq_include_all_refseq_shards_size_1000_268328763/dehydrated_links/zips/refseq_000295.zip -> /data3/p252701008/refseq_genomes/contexts/refseq_RefSeq_include_all_refseq_shards_size_1000_268328763/dehydrated_links/unzipped/refseq_000295
[2026-07-07 23:01:54] [INFO] 开始解包 dehydrated 链接包：/data3/p252701008/refseq_genomes/contexts/refseq_RefSeq_include_all_refseq_shards_size_1000_268328763/dehydrated_links/zips/refseq_000296.zip -> /data3/p252701008/refseq_genomes/contexts/refseq_RefSeq_include_all_refseq_shards_size_1000_268328763/dehydrated_links/unzipped/refseq_000296
[2026-07-07 23:01:54] [INFO] 开始解包 dehydrated 链接包：/data3/p252701008/refseq_genomes/contexts/refseq_RefSeq_include_all_refseq_shards_size_1000_268328763/dehydrated_links/zips/refseq_000297.zip -> /data3/p252701008/refseq_genomes/contexts/refseq_RefSeq_include_all_refseq_shards_size_1000_268328763/dehydrated_links/unzipped/refseq_000297
[2026-07-07 23:01:54] [INFO] 开始解包 dehydrated 链接包：/data3/p252701008/refseq_genomes/contexts/refseq_RefSeq_include_all_refseq_shards_size_1000_268328763/dehydrated_links/zips/refseq_000298.zip -> /data3/p252701008/refseq_genomes/contexts/refseq_RefSeq_include_all_refseq_shards_size_1000_268328763/dehydrated_links/unzipped/refseq_000298
[2026-07-07 23:01:54] [INFO] 开始解包 dehydrated 链接包：/data3/p252701008/refseq_genomes/contexts/refseq_RefSeq_include_all_refseq_shards_size_1000_268328763/dehydrated_links/zips/refseq_000299.zip -> /data3/p252701008/refseq_genomes/contexts/refseq_RefSeq_include_all_refseq_shards_size_1000_268328763/dehydrated_links/unzipped/refseq_000299
[2026-07-07 23:01:54] [INFO] 开始解包 dehydrated 链接包：/data3/p252701008/refseq_genomes/contexts/refseq_RefSeq_include_all_refseq_shards_size_1000_268328763/dehydrated_links/zips/refseq_000300.zip -> /data3/p252701008/refseq_genomes/contexts/refseq_RefSeq_include_all_refseq_shards_size_1000_268328763/dehydrated_links/unzipped/refseq_000300
[2026-07-07 23:01:54] [INFO] 开始解包 dehydrated 链接包：/data3/p252701008/refseq_genomes/contexts/refseq_RefSeq_include_all_refseq_shards_size_1000_268328763/dehydrated_links/zips/refseq_000301.zip -> /data3/p252701008/refseq_genomes/contexts/refseq_RefSeq_include_all_refseq_shards_size_1000_268328763/dehydrated_links/unzipped/refseq_000301
[2026-07-07 23:01:54] [INFO] 开始解包 dehydrated 链接包：/data3/p252701008/refseq_genomes/contexts/refseq_RefSeq_include_all_refseq_shards_size_1000_268328763/dehydrated_links/zips/refseq_000302.zip -> /data3/p252701008/refseq_genomes/contexts/refseq_RefSeq_include_all_refseq_shards_size_1000_268328763/dehydrated_links/unzipped/refseq_000302
[2026-07-07 23:01:54] [INFO] 开始解包 dehydrated 链接包：/data3/p252701008/refseq_genomes/contexts/refseq_RefSeq_include_all_refseq_shards_size_1000_268328763/dehydrated_links/zips/refseq_000303.zip -> /data3/p252701008/refseq_genomes/contexts/refseq_RefSeq_include_all_refseq_shards_size_1000_268328763/dehydrated_links/unzipped/refseq_000303
[2026-07-07 23:01:54] [INFO] 开始解包 dehydrated 链接包：/data3/p252701008/refseq_genomes/contexts/refseq_RefSeq_include_all_refseq_shards_size_1000_268328763/dehydrated_links/zips/refseq_000304.zip -> /data3/p252701008/refseq_genomes/contexts/refseq_RefSeq_include_all_refseq_shards_size_1000_268328763/dehydrated_links/unzipped/refseq_000304
[2026-07-07 23:01:55] [INFO] 开始解包 dehydrated 链接包：/data3/p252701008/refseq_genomes/contexts/refseq_RefSeq_include_all_refseq_shards_size_1000_268328763/dehydrated_links/zips/refseq_000305.zip -> /data3/p252701008/refseq_genomes/contexts/refseq_RefSeq_include_all_refseq_shards_size_1000_268328763/dehydrated_links/unzipped/refseq_000305
[2026-07-07 23:01:55] [INFO] 开始解包 dehydrated 链接包：/data3/p252701008/refseq_genomes/contexts/refseq_RefSeq_include_all_refseq_shards_size_1000_268328763/dehydrated_links/zips/refseq_000306.zip -> /data3/p252701008/refseq_genomes/contexts/refseq_RefSeq_include_all_refseq_shards_size_1000_268328763/dehydrated_links/unzipped/refseq_000306
[2026-07-07 23:01:55] [INFO] 开始解包 dehydrated 链接包：/data3/p252701008/refseq_genomes/contexts/refseq_RefSeq_include_all_refseq_shards_size_1000_268328763/dehydrated_links/zips/refseq_000307.zip -> /data3/p252701008/refseq_genomes/contexts/refseq_RefSeq_include_all_refseq_shards_size_1000_268328763/dehydrated_links/unzipped/refseq_000307
[2026-07-07 23:01:55] [INFO] 开始解包 dehydrated 链接包：/data3/p252701008/refseq_genomes/contexts/refseq_RefSeq_include_all_refseq_shards_size_1000_268328763/dehydrated_links/zips/refseq_000308.zip -> /data3/p252701008/refseq_genomes/contexts/refseq_RefSeq_include_all_refseq_shards_size_1000_268328763/dehydrated_links/unzipped/refseq_000308
[2026-07-07 23:01:55] [INFO] 开始解包 dehydrated 链接包：/data3/p252701008/refseq_genomes/contexts/refseq_RefSeq_include_all_refseq_shards_size_1000_268328763/dehydrated_links/zips/refseq_000309.zip -> /data3/p252701008/refseq_genomes/contexts/refseq_RefSeq_include_all_refseq_shards_size_1000_268328763/dehydrated_links/unzipped/refseq_000309
[2026-07-07 23:01:55] [INFO] 开始解包 dehydrated 链接包：/data3/p252701008/refseq_genomes/contexts/refseq_RefSeq_include_all_refseq_shards_size_1000_268328763/dehydrated_links/zips/refseq_000310.zip -> /data3/p252701008/refseq_genomes/contexts/refseq_RefSeq_include_all_refseq_shards_size_1000_268328763/dehydrated_links/unzipped/refseq_000310
[2026-07-07 23:01:55] [INFO] 开始解包 dehydrated 链接包：/data3/p252701008/refseq_genomes/contexts/refseq_RefSeq_include_all_refseq_shards_size_1000_268328763/dehydrated_links/zips/refseq_000311.zip -> /data3/p252701008/refseq_genomes/contexts/refseq_RefSeq_include_all_refseq_shards_size_1000_268328763/dehydrated_links/unzipped/refseq_000311
[2026-07-07 23:01:55] [INFO] 开始解包 dehydrated 链接包：/data3/p252701008/refseq_genomes/contexts/refseq_RefSeq_include_all_refseq_shards_size_1000_268328763/dehydrated_links/zips/refseq_000312.zip -> /data3/p252701008/refseq_genomes/contexts/refseq_RefSeq_include_all_refseq_shards_size_1000_268328763/dehydrated_links/unzipped/refseq_000312
[2026-07-07 23:01:55] [INFO] 开始解包 dehydrated 链接包：/data3/p252701008/refseq_genomes/contexts/refseq_RefSeq_include_all_refseq_shards_size_1000_268328763/dehydrated_links/zips/refseq_000313.zip -> /data3/p252701008/refseq_genomes/contexts/refseq_RefSeq_include_all_refseq_shards_size_1000_268328763/dehydrated_links/unzipped/refseq_000313
[2026-07-07 23:01:55] [INFO] 开始解包 dehydrated 链接包：/data3/p252701008/refseq_genomes/contexts/refseq_RefSeq_include_all_refseq_shards_size_1000_268328763/dehydrated_links/zips/refseq_000314.zip -> /data3/p252701008/refseq_genomes/contexts/refseq_RefSeq_include_all_refseq_shards_size_1000_268328763/dehydrated_links/unzipped/refseq_000314
[2026-07-07 23:01:55] [INFO] 开始解包 dehydrated 链接包：/data3/p252701008/refseq_genomes/contexts/refseq_RefSeq_include_all_refseq_shards_size_1000_268328763/dehydrated_links/zips/refseq_000315.zip -> /data3/p252701008/refseq_genomes/contexts/refseq_RefSeq_include_all_refseq_shards_size_1000_268328763/dehydrated_links/unzipped/refseq_000315
[2026-07-07 23:01:55] [INFO] 开始解包 dehydrated 链接包：/data3/p252701008/refseq_genomes/contexts/refseq_RefSeq_include_all_refseq_shards_size_1000_268328763/dehydrated_links/zips/refseq_000316.zip -> /data3/p252701008/refseq_genomes/contexts/refseq_RefSeq_include_all_refseq_shards_size_1000_268328763/dehydrated_links/unzipped/refseq_000316
[2026-07-07 23:01:55] [INFO] 开始解包 dehydrated 链接包：/data3/p252701008/refseq_genomes/contexts/refseq_RefSeq_include_all_refseq_shards_size_1000_268328763/dehydrated_links/zips/refseq_000317.zip -> /data3/p252701008/refseq_genomes/contexts/refseq_RefSeq_include_all_refseq_shards_size_1000_268328763/dehydrated_links/unzipped/refseq_000317
[2026-07-07 23:01:55] [INFO] 开始解包 dehydrated 链接包：/data3/p252701008/refseq_genomes/contexts/refseq_RefSeq_include_all_refseq_shards_size_1000_268328763/dehydrated_links/zips/refseq_000318.zip -> /data3/p252701008/refseq_genomes/contexts/refseq_RefSeq_include_all_refseq_shards_size_1000_268328763/dehydrated_links/unzipped/refseq_000318
[2026-07-07 23:01:55] [INFO] 开始解包 dehydrated 链接包：/data3/p252701008/refseq_genomes/contexts/refseq_RefSeq_include_all_refseq_shards_size_1000_268328763/dehydrated_links/zips/refseq_000319.zip -> /data3/p252701008/refseq_genomes/contexts/refseq_RefSeq_include_all_refseq_shards_size_1000_268328763/dehydrated_links/unzipped/refseq_000319
[2026-07-07 23:01:55] [INFO] 开始解包 dehydrated 链接包：/data3/p252701008/refseq_genomes/contexts/refseq_RefSeq_include_all_refseq_shards_size_1000_268328763/dehydrated_links/zips/refseq_000320.zip -> /data3/p252701008/refseq_genomes/contexts/refseq_RefSeq_include_all_refseq_shards_size_1000_268328763/dehydrated_links/unzipped/refseq_000320
[2026-07-07 23:01:56] [INFO] 开始解包 dehydrated 链接包：/data3/p252701008/refseq_genomes/contexts/refseq_RefSeq_include_all_refseq_shards_size_1000_268328763/dehydrated_links/zips/refseq_000321.zip -> /data3/p252701008/refseq_genomes/contexts/refseq_RefSeq_include_all_refseq_shards_size_1000_268328763/dehydrated_links/unzipped/refseq_000321
[2026-07-07 23:01:56] [INFO] 开始解包 dehydrated 链接包：/data3/p252701008/refseq_genomes/contexts/refseq_RefSeq_include_all_refseq_shards_size_1000_268328763/dehydrated_links/zips/refseq_000322.zip -> /data3/p252701008/refseq_genomes/contexts/refseq_RefSeq_include_all_refseq_shards_size_1000_268328763/dehydrated_links/unzipped/refseq_000322
[2026-07-07 23:01:56] [INFO] 开始解包 dehydrated 链接包：/data3/p252701008/refseq_genomes/contexts/refseq_RefSeq_include_all_refseq_shards_size_1000_268328763/dehydrated_links/zips/refseq_000323.zip -> /data3/p252701008/refseq_genomes/contexts/refseq_RefSeq_include_all_refseq_shards_size_1000_268328763/dehydrated_links/unzipped/refseq_000323
[2026-07-07 23:01:56] [INFO] 开始解包 dehydrated 链接包：/data3/p252701008/refseq_genomes/contexts/refseq_RefSeq_include_all_refseq_shards_size_1000_268328763/dehydrated_links/zips/refseq_000324.zip -> /data3/p252701008/refseq_genomes/contexts/refseq_RefSeq_include_all_refseq_shards_size_1000_268328763/dehydrated_links/unzipped/refseq_000324
[2026-07-07 23:01:56] [INFO] 开始解包 dehydrated 链接包：/data3/p252701008/refseq_genomes/contexts/refseq_RefSeq_include_all_refseq_shards_size_1000_268328763/dehydrated_links/zips/refseq_000325.zip -> /data3/p252701008/refseq_genomes/contexts/refseq_RefSeq_include_all_refseq_shards_size_1000_268328763/dehydrated_links/unzipped/refseq_000325
[2026-07-07 23:01:56] [INFO] 开始解包 dehydrated 链接包：/data3/p252701008/refseq_genomes/contexts/refseq_RefSeq_include_all_refseq_shards_size_1000_268328763/dehydrated_links/zips/refseq_000326.zip -> /data3/p252701008/refseq_genomes/contexts/refseq_RefSeq_include_all_refseq_shards_size_1000_268328763/dehydrated_links/unzipped/refseq_000326
[2026-07-07 23:01:56] [INFO] 开始解包 dehydrated 链接包：/data3/p252701008/refseq_genomes/contexts/refseq_RefSeq_include_all_refseq_shards_size_1000_268328763/dehydrated_links/zips/refseq_000327.zip -> /data3/p252701008/refseq_genomes/contexts/refseq_RefSeq_include_all_refseq_shards_size_1000_268328763/dehydrated_links/unzipped/refseq_000327
[2026-07-07 23:01:56] [INFO] 开始解包 dehydrated 链接包：/data3/p252701008/refseq_genomes/contexts/refseq_RefSeq_include_all_refseq_shards_size_1000_268328763/dehydrated_links/zips/refseq_000328.zip -> /data3/p252701008/refseq_genomes/contexts/refseq_RefSeq_include_all_refseq_shards_size_1000_268328763/dehydrated_links/unzipped/refseq_000328
[2026-07-07 23:01:56] [INFO] 开始解包 dehydrated 链接包：/data3/p252701008/refseq_genomes/contexts/refseq_RefSeq_include_all_refseq_shards_size_1000_268328763/dehydrated_links/zips/refseq_000329.zip -> /data3/p252701008/refseq_genomes/contexts/refseq_RefSeq_include_all_refseq_shards_size_1000_268328763/dehydrated_links/unzipped/refseq_000329
[2026-07-07 23:01:56] [INFO] 开始解包 dehydrated 链接包：/data3/p252701008/refseq_genomes/contexts/refseq_RefSeq_include_all_refseq_shards_size_1000_268328763/dehydrated_links/zips/refseq_000330.zip -> /data3/p252701008/refseq_genomes/contexts/refseq_RefSeq_include_all_refseq_shards_size_1000_268328763/dehydrated_links/unzipped/refseq_000330
[2026-07-07 23:01:56] [INFO] 开始解包 dehydrated 链接包：/data3/p252701008/refseq_genomes/contexts/refseq_RefSeq_include_all_refseq_shards_size_1000_268328763/dehydrated_links/zips/refseq_000331.zip -> /data3/p252701008/refseq_genomes/contexts/refseq_RefSeq_include_all_refseq_shards_size_1000_268328763/dehydrated_links/unzipped/refseq_000331
[2026-07-07 23:01:56] [INFO] 开始解包 dehydrated 链接包：/data3/p252701008/refseq_genomes/contexts/refseq_RefSeq_include_all_refseq_shards_size_1000_268328763/dehydrated_links/zips/refseq_000332.zip -> /data3/p252701008/refseq_genomes/contexts/refseq_RefSeq_include_all_refseq_shards_size_1000_268328763/dehydrated_links/unzipped/refseq_000332
[2026-07-07 23:01:56] [INFO] 开始解包 dehydrated 链接包：/data3/p252701008/refseq_genomes/contexts/refseq_RefSeq_include_all_refseq_shards_size_1000_268328763/dehydrated_links/zips/refseq_000333.zip -> /data3/p252701008/refseq_genomes/contexts/refseq_RefSeq_include_all_refseq_shards_size_1000_268328763/dehydrated_links/unzipped/refseq_000333
[2026-07-07 23:01:56] [INFO] 开始解包 dehydrated 链接包：/data3/p252701008/refseq_genomes/contexts/refseq_RefSeq_include_all_refseq_shards_size_1000_268328763/dehydrated_links/zips/refseq_000334.zip -> /data3/p252701008/refseq_genomes/contexts/refseq_RefSeq_include_all_refseq_shards_size_1000_268328763/dehydrated_links/unzipped/refseq_000334
[2026-07-07 23:01:56] [INFO] 开始解包 dehydrated 链接包：/data3/p252701008/refseq_genomes/contexts/refseq_RefSeq_include_all_refseq_shards_size_1000_268328763/dehydrated_links/zips/refseq_000335.zip -> /data3/p252701008/refseq_genomes/contexts/refseq_RefSeq_include_all_refseq_shards_size_1000_268328763/dehydrated_links/unzipped/refseq_000335
[2026-07-07 23:01:56] [INFO] 开始解包 dehydrated 链接包：/data3/p252701008/refseq_genomes/contexts/refseq_RefSeq_include_all_refseq_shards_size_1000_268328763/dehydrated_links/zips/refseq_000336.zip -> /data3/p252701008/refseq_genomes/contexts/refseq_RefSeq_include_all_refseq_shards_size_1000_268328763/dehydrated_links/unzipped/refseq_000336
[2026-07-07 23:01:57] [INFO] 开始解包 dehydrated 链接包：/data3/p252701008/refseq_genomes/contexts/refseq_RefSeq_include_all_refseq_shards_size_1000_268328763/dehydrated_links/zips/refseq_000337.zip -> /data3/p252701008/refseq_genomes/contexts/refseq_RefSeq_include_all_refseq_shards_size_1000_268328763/dehydrated_links/unzipped/refseq_000337
[2026-07-07 23:01:57] [INFO] 开始解包 dehydrated 链接包：/data3/p252701008/refseq_genomes/contexts/refseq_RefSeq_include_all_refseq_shards_size_1000_268328763/dehydrated_links/zips/refseq_000338.zip -> /data3/p252701008/refseq_genomes/contexts/refseq_RefSeq_include_all_refseq_shards_size_1000_268328763/dehydrated_links/unzipped/refseq_000338
[2026-07-07 23:01:57] [INFO] 开始解包 dehydrated 链接包：/data3/p252701008/refseq_genomes/contexts/refseq_RefSeq_include_all_refseq_shards_size_1000_268328763/dehydrated_links/zips/refseq_000339.zip -> /data3/p252701008/refseq_genomes/contexts/refseq_RefSeq_include_all_refseq_shards_size_1000_268328763/dehydrated_links/unzipped/refseq_000339
[2026-07-07 23:01:57] [INFO] 开始解包 dehydrated 链接包：/data3/p252701008/refseq_genomes/contexts/refseq_RefSeq_include_all_refseq_shards_size_1000_268328763/dehydrated_links/zips/refseq_000340.zip -> /data3/p252701008/refseq_genomes/contexts/refseq_RefSeq_include_all_refseq_shards_size_1000_268328763/dehydrated_links/unzipped/refseq_000340
[2026-07-07 23:01:57] [INFO] 开始解包 dehydrated 链接包：/data3/p252701008/refseq_genomes/contexts/refseq_RefSeq_include_all_refseq_shards_size_1000_268328763/dehydrated_links/zips/refseq_000341.zip -> /data3/p252701008/refseq_genomes/contexts/refseq_RefSeq_include_all_refseq_shards_size_1000_268328763/dehydrated_links/unzipped/refseq_000341
[2026-07-07 23:01:57] [INFO] 开始解包 dehydrated 链接包：/data3/p252701008/refseq_genomes/contexts/refseq_RefSeq_include_all_refseq_shards_size_1000_268328763/dehydrated_links/zips/refseq_000342.zip -> /data3/p252701008/refseq_genomes/contexts/refseq_RefSeq_include_all_refseq_shards_size_1000_268328763/dehydrated_links/unzipped/refseq_000342
[2026-07-07 23:01:57] [INFO] 开始解包 dehydrated 链接包：/data3/p252701008/refseq_genomes/contexts/refseq_RefSeq_include_all_refseq_shards_size_1000_268328763/dehydrated_links/zips/refseq_000343.zip -> /data3/p252701008/refseq_genomes/contexts/refseq_RefSeq_include_all_refseq_shards_size_1000_268328763/dehydrated_links/unzipped/refseq_000343
[2026-07-07 23:01:57] [INFO] 开始解包 dehydrated 链接包：/data3/p252701008/refseq_genomes/contexts/refseq_RefSeq_include_all_refseq_shards_size_1000_268328763/dehydrated_links/zips/refseq_000344.zip -> /data3/p252701008/refseq_genomes/contexts/refseq_RefSeq_include_all_refseq_shards_size_1000_268328763/dehydrated_links/unzipped/refseq_000344
[2026-07-07 23:01:57] [INFO] 开始解包 dehydrated 链接包：/data3/p252701008/refseq_genomes/contexts/refseq_RefSeq_include_all_refseq_shards_size_1000_268328763/dehydrated_links/zips/refseq_000345.zip -> /data3/p252701008/refseq_genomes/contexts/refseq_RefSeq_include_all_refseq_shards_size_1000_268328763/dehydrated_links/unzipped/refseq_000345
[2026-07-07 23:01:57] [INFO] 开始解包 dehydrated 链接包：/data3/p252701008/refseq_genomes/contexts/refseq_RefSeq_include_all_refseq_shards_size_1000_268328763/dehydrated_links/zips/refseq_000346.zip -> /data3/p252701008/refseq_genomes/contexts/refseq_RefSeq_include_all_refseq_shards_size_1000_268328763/dehydrated_links/unzipped/refseq_000346
[2026-07-07 23:01:57] [INFO] 开始解包 dehydrated 链接包：/data3/p252701008/refseq_genomes/contexts/refseq_RefSeq_include_all_refseq_shards_size_1000_268328763/dehydrated_links/zips/refseq_000347.zip -> /data3/p252701008/refseq_genomes/contexts/refseq_RefSeq_include_all_refseq_shards_size_1000_268328763/dehydrated_links/unzipped/refseq_000347
[2026-07-07 23:01:57] [INFO] 开始解包 dehydrated 链接包：/data3/p252701008/refseq_genomes/contexts/refseq_RefSeq_include_all_refseq_shards_size_1000_268328763/dehydrated_links/zips/refseq_000348.zip -> /data3/p252701008/refseq_genomes/contexts/refseq_RefSeq_include_all_refseq_shards_size_1000_268328763/dehydrated_links/unzipped/refseq_000348
[2026-07-07 23:01:57] [INFO] 开始解包 dehydrated 链接包：/data3/p252701008/refseq_genomes/contexts/refseq_RefSeq_include_all_refseq_shards_size_1000_268328763/dehydrated_links/zips/refseq_000349.zip -> /data3/p252701008/refseq_genomes/contexts/refseq_RefSeq_include_all_refseq_shards_size_1000_268328763/dehydrated_links/unzipped/refseq_000349
[2026-07-07 23:01:57] [INFO] 开始解包 dehydrated 链接包：/data3/p252701008/refseq_genomes/contexts/refseq_RefSeq_include_all_refseq_shards_size_1000_268328763/dehydrated_links/zips/refseq_000350.zip -> /data3/p252701008/refseq_genomes/contexts/refseq_RefSeq_include_all_refseq_shards_size_1000_268328763/dehydrated_links/unzipped/refseq_000350
[2026-07-07 23:01:57] [INFO] 开始解包 dehydrated 链接包：/data3/p252701008/refseq_genomes/contexts/refseq_RefSeq_include_all_refseq_shards_size_1000_268328763/dehydrated_links/zips/refseq_000351.zip -> /data3/p252701008/refseq_genomes/contexts/refseq_RefSeq_include_all_refseq_shards_size_1000_268328763/dehydrated_links/unzipped/refseq_000351
[2026-07-07 23:01:57] [INFO] 开始解包 dehydrated 链接包：/data3/p252701008/refseq_genomes/contexts/refseq_RefSeq_include_all_refseq_shards_size_1000_268328763/dehydrated_links/zips/refseq_000352.zip -> /data3/p252701008/refseq_genomes/contexts/refseq_RefSeq_include_all_refseq_shards_size_1000_268328763/dehydrated_links/unzipped/refseq_000352
[2026-07-07 23:01:58] [INFO] 开始解包 dehydrated 链接包：/data3/p252701008/refseq_genomes/contexts/refseq_RefSeq_include_all_refseq_shards_size_1000_268328763/dehydrated_links/zips/refseq_000353.zip -> /data3/p252701008/refseq_genomes/contexts/refseq_RefSeq_include_all_refseq_shards_size_1000_268328763/dehydrated_links/unzipped/refseq_000353
[2026-07-07 23:01:58] [INFO] 开始解包 dehydrated 链接包：/data3/p252701008/refseq_genomes/contexts/refseq_RefSeq_include_all_refseq_shards_size_1000_268328763/dehydrated_links/zips/refseq_000354.zip -> /data3/p252701008/refseq_genomes/contexts/refseq_RefSeq_include_all_refseq_shards_size_1000_268328763/dehydrated_links/unzipped/refseq_000354
[2026-07-07 23:01:58] [INFO] 开始解包 dehydrated 链接包：/data3/p252701008/refseq_genomes/contexts/refseq_RefSeq_include_all_refseq_shards_size_1000_268328763/dehydrated_links/zips/refseq_000355.zip -> /data3/p252701008/refseq_genomes/contexts/refseq_RefSeq_include_all_refseq_shards_size_1000_268328763/dehydrated_links/unzipped/refseq_000355
[2026-07-07 23:01:58] [INFO] 开始解包 dehydrated 链接包：/data3/p252701008/refseq_genomes/contexts/refseq_RefSeq_include_all_refseq_shards_size_1000_268328763/dehydrated_links/zips/refseq_000356.zip -> /data3/p252701008/refseq_genomes/contexts/refseq_RefSeq_include_all_refseq_shards_size_1000_268328763/dehydrated_links/unzipped/refseq_000356
[2026-07-07 23:01:58] [INFO] 开始解包 dehydrated 链接包：/data3/p252701008/refseq_genomes/contexts/refseq_RefSeq_include_all_refseq_shards_size_1000_268328763/dehydrated_links/zips/refseq_000357.zip -> /data3/p252701008/refseq_genomes/contexts/refseq_RefSeq_include_all_refseq_shards_size_1000_268328763/dehydrated_links/unzipped/refseq_000357
[2026-07-07 23:01:58] [INFO] 开始解包 dehydrated 链接包：/data3/p252701008/refseq_genomes/contexts/refseq_RefSeq_include_all_refseq_shards_size_1000_268328763/dehydrated_links/zips/refseq_000358.zip -> /data3/p252701008/refseq_genomes/contexts/refseq_RefSeq_include_all_refseq_shards_size_1000_268328763/dehydrated_links/unzipped/refseq_000358
[2026-07-07 23:01:58] [INFO] 开始解包 dehydrated 链接包：/data3/p252701008/refseq_genomes/contexts/refseq_RefSeq_include_all_refseq_shards_size_1000_268328763/dehydrated_links/zips/refseq_000359.zip -> /data3/p252701008/refseq_genomes/contexts/refseq_RefSeq_include_all_refseq_shards_size_1000_268328763/dehydrated_links/unzipped/refseq_000359
[2026-07-07 23:01:58] [INFO] 开始解包 dehydrated 链接包：/data3/p252701008/refseq_genomes/contexts/refseq_RefSeq_include_all_refseq_shards_size_1000_268328763/dehydrated_links/zips/refseq_000360.zip -> /data3/p252701008/refseq_genomes/contexts/refseq_RefSeq_include_all_refseq_shards_size_1000_268328763/dehydrated_links/unzipped/refseq_000360
[2026-07-07 23:01:58] [INFO] 开始解包 dehydrated 链接包：/data3/p252701008/refseq_genomes/contexts/refseq_RefSeq_include_all_refseq_shards_size_1000_268328763/dehydrated_links/zips/refseq_000361.zip -> /data3/p252701008/refseq_genomes/contexts/refseq_RefSeq_include_all_refseq_shards_size_1000_268328763/dehydrated_links/unzipped/refseq_000361
[2026-07-07 23:01:58] [INFO] 开始解包 dehydrated 链接包：/data3/p252701008/refseq_genomes/contexts/refseq_RefSeq_include_all_refseq_shards_size_1000_268328763/dehydrated_links/zips/refseq_000362.zip -> /data3/p252701008/refseq_genomes/contexts/refseq_RefSeq_include_all_refseq_shards_size_1000_268328763/dehydrated_links/unzipped/refseq_000362
[2026-07-07 23:01:58] [INFO] 开始解包 dehydrated 链接包：/data3/p252701008/refseq_genomes/contexts/refseq_RefSeq_include_all_refseq_shards_size_1000_268328763/dehydrated_links/zips/refseq_000363.zip -> /data3/p252701008/refseq_genomes/contexts/refseq_RefSeq_include_all_refseq_shards_size_1000_268328763/dehydrated_links/unzipped/refseq_000363
[2026-07-07 23:01:58] [INFO] 开始解包 dehydrated 链接包：/data3/p252701008/refseq_genomes/contexts/refseq_RefSeq_include_all_refseq_shards_size_1000_268328763/dehydrated_links/zips/refseq_000364.zip -> /data3/p252701008/refseq_genomes/contexts/refseq_RefSeq_include_all_refseq_shards_size_1000_268328763/dehydrated_links/unzipped/refseq_000364
[2026-07-07 23:01:58] [INFO] 开始解包 dehydrated 链接包：/data3/p252701008/refseq_genomes/contexts/refseq_RefSeq_include_all_refseq_shards_size_1000_268328763/dehydrated_links/zips/refseq_000365.zip -> /data3/p252701008/refseq_genomes/contexts/refseq_RefSeq_include_all_refseq_shards_size_1000_268328763/dehydrated_links/unzipped/refseq_000365
[2026-07-07 23:01:58] [INFO] 开始解包 dehydrated 链接包：/data3/p252701008/refseq_genomes/contexts/refseq_RefSeq_include_all_refseq_shards_size_1000_268328763/dehydrated_links/zips/refseq_000366.zip -> /data3/p252701008/refseq_genomes/contexts/refseq_RefSeq_include_all_refseq_shards_size_1000_268328763/dehydrated_links/unzipped/refseq_000366
[2026-07-07 23:01:58] [INFO] 开始解包 dehydrated 链接包：/data3/p252701008/refseq_genomes/contexts/refseq_RefSeq_include_all_refseq_shards_size_1000_268328763/dehydrated_links/zips/refseq_000367.zip -> /data3/p252701008/refseq_genomes/contexts/refseq_RefSeq_include_all_refseq_shards_size_1000_268328763/dehydrated_links/unzipped/refseq_000367
[2026-07-07 23:01:58] [INFO] 开始解包 dehydrated 链接包：/data3/p252701008/refseq_genomes/contexts/refseq_RefSeq_include_all_refseq_shards_size_1000_268328763/dehydrated_links/zips/refseq_000368.zip -> /data3/p252701008/refseq_genomes/contexts/refseq_RefSeq_include_all_refseq_shards_size_1000_268328763/dehydrated_links/unzipped/refseq_000368
[2026-07-07 23:01:59] [INFO] 开始解包 dehydrated 链接包：/data3/p252701008/refseq_genomes/contexts/refseq_RefSeq_include_all_refseq_shards_size_1000_268328763/dehydrated_links/zips/refseq_000369.zip -> /data3/p252701008/refseq_genomes/contexts/refseq_RefSeq_include_all_refseq_shards_size_1000_268328763/dehydrated_links/unzipped/refseq_000369
[2026-07-07 23:01:59] [INFO] 开始解包 dehydrated 链接包：/data3/p252701008/refseq_genomes/contexts/refseq_RefSeq_include_all_refseq_shards_size_1000_268328763/dehydrated_links/zips/refseq_000370.zip -> /data3/p252701008/refseq_genomes/contexts/refseq_RefSeq_include_all_refseq_shards_size_1000_268328763/dehydrated_links/unzipped/refseq_000370
[2026-07-07 23:01:59] [INFO] 开始解包 dehydrated 链接包：/data3/p252701008/refseq_genomes/contexts/refseq_RefSeq_include_all_refseq_shards_size_1000_268328763/dehydrated_links/zips/refseq_000371.zip -> /data3/p252701008/refseq_genomes/contexts/refseq_RefSeq_include_all_refseq_shards_size_1000_268328763/dehydrated_links/unzipped/refseq_000371
[2026-07-07 23:01:59] [INFO] 开始解包 dehydrated 链接包：/data3/p252701008/refseq_genomes/contexts/refseq_RefSeq_include_all_refseq_shards_size_1000_268328763/dehydrated_links/zips/refseq_000372.zip -> /data3/p252701008/refseq_genomes/contexts/refseq_RefSeq_include_all_refseq_shards_size_1000_268328763/dehydrated_links/unzipped/refseq_000372
[2026-07-07 23:01:59] [INFO] 开始解包 dehydrated 链接包：/data3/p252701008/refseq_genomes/contexts/refseq_RefSeq_include_all_refseq_shards_size_1000_268328763/dehydrated_links/zips/refseq_000373.zip -> /data3/p252701008/refseq_genomes/contexts/refseq_RefSeq_include_all_refseq_shards_size_1000_268328763/dehydrated_links/unzipped/refseq_000373
[2026-07-07 23:01:59] [INFO] 开始解包 dehydrated 链接包：/data3/p252701008/refseq_genomes/contexts/refseq_RefSeq_include_all_refseq_shards_size_1000_268328763/dehydrated_links/zips/refseq_000374.zip -> /data3/p252701008/refseq_genomes/contexts/refseq_RefSeq_include_all_refseq_shards_size_1000_268328763/dehydrated_links/unzipped/refseq_000374
[2026-07-07 23:01:59] [INFO] 开始解包 dehydrated 链接包：/data3/p252701008/refseq_genomes/contexts/refseq_RefSeq_include_all_refseq_shards_size_1000_268328763/dehydrated_links/zips/refseq_000375.zip -> /data3/p252701008/refseq_genomes/contexts/refseq_RefSeq_include_all_refseq_shards_size_1000_268328763/dehydrated_links/unzipped/refseq_000375
[2026-07-07 23:01:59] [INFO] 开始解包 dehydrated 链接包：/data3/p252701008/refseq_genomes/contexts/refseq_RefSeq_include_all_refseq_shards_size_1000_268328763/dehydrated_links/zips/refseq_000376.zip -> /data3/p252701008/refseq_genomes/contexts/refseq_RefSeq_include_all_refseq_shards_size_1000_268328763/dehydrated_links/unzipped/refseq_000376
[2026-07-07 23:01:59] [INFO] 开始解包 dehydrated 链接包：/data3/p252701008/refseq_genomes/contexts/refseq_RefSeq_include_all_refseq_shards_size_1000_268328763/dehydrated_links/zips/refseq_000377.zip -> /data3/p252701008/refseq_genomes/contexts/refseq_RefSeq_include_all_refseq_shards_size_1000_268328763/dehydrated_links/unzipped/refseq_000377
[2026-07-07 23:01:59] [INFO] 开始解包 dehydrated 链接包：/data3/p252701008/refseq_genomes/contexts/refseq_RefSeq_include_all_refseq_shards_size_1000_268328763/dehydrated_links/zips/refseq_000378.zip -> /data3/p252701008/refseq_genomes/contexts/refseq_RefSeq_include_all_refseq_shards_size_1000_268328763/dehydrated_links/unzipped/refseq_000378
[2026-07-07 23:01:59] [INFO] 开始解包 dehydrated 链接包：/data3/p252701008/refseq_genomes/contexts/refseq_RefSeq_include_all_refseq_shards_size_1000_268328763/dehydrated_links/zips/refseq_000379.zip -> /data3/p252701008/refseq_genomes/contexts/refseq_RefSeq_include_all_refseq_shards_size_1000_268328763/dehydrated_links/unzipped/refseq_000379
[2026-07-07 23:01:59] [INFO] 开始解包 dehydrated 链接包：/data3/p252701008/refseq_genomes/contexts/refseq_RefSeq_include_all_refseq_shards_size_1000_268328763/dehydrated_links/zips/refseq_000380.zip -> /data3/p252701008/refseq_genomes/contexts/refseq_RefSeq_include_all_refseq_shards_size_1000_268328763/dehydrated_links/unzipped/refseq_000380
[2026-07-07 23:01:59] [INFO] 开始解包 dehydrated 链接包：/data3/p252701008/refseq_genomes/contexts/refseq_RefSeq_include_all_refseq_shards_size_1000_268328763/dehydrated_links/zips/refseq_000381.zip -> /data3/p252701008/refseq_genomes/contexts/refseq_RefSeq_include_all_refseq_shards_size_1000_268328763/dehydrated_links/unzipped/refseq_000381
[2026-07-07 23:01:59] [INFO] 开始解包 dehydrated 链接包：/data3/p252701008/refseq_genomes/contexts/refseq_RefSeq_include_all_refseq_shards_size_1000_268328763/dehydrated_links/zips/refseq_000382.zip -> /data3/p252701008/refseq_genomes/contexts/refseq_RefSeq_include_all_refseq_shards_size_1000_268328763/dehydrated_links/unzipped/refseq_000382
[2026-07-07 23:01:59] [INFO] 开始解包 dehydrated 链接包：/data3/p252701008/refseq_genomes/contexts/refseq_RefSeq_include_all_refseq_shards_size_1000_268328763/dehydrated_links/zips/refseq_000383.zip -> /data3/p252701008/refseq_genomes/contexts/refseq_RefSeq_include_all_refseq_shards_size_1000_268328763/dehydrated_links/unzipped/refseq_000383
[2026-07-07 23:01:59] [INFO] 开始解包 dehydrated 链接包：/data3/p252701008/refseq_genomes/contexts/refseq_RefSeq_include_all_refseq_shards_size_1000_268328763/dehydrated_links/zips/refseq_000384.zip -> /data3/p252701008/refseq_genomes/contexts/refseq_RefSeq_include_all_refseq_shards_size_1000_268328763/dehydrated_links/unzipped/refseq_000384
[2026-07-07 23:02:00] [INFO] 开始解包 dehydrated 链接包：/data3/p252701008/refseq_genomes/contexts/refseq_RefSeq_include_all_refseq_shards_size_1000_268328763/dehydrated_links/zips/refseq_000385.zip -> /data3/p252701008/refseq_genomes/contexts/refseq_RefSeq_include_all_refseq_shards_size_1000_268328763/dehydrated_links/unzipped/refseq_000385
[2026-07-07 23:02:00] [INFO] 开始解包 dehydrated 链接包：/data3/p252701008/refseq_genomes/contexts/refseq_RefSeq_include_all_refseq_shards_size_1000_268328763/dehydrated_links/zips/refseq_000386.zip -> /data3/p252701008/refseq_genomes/contexts/refseq_RefSeq_include_all_refseq_shards_size_1000_268328763/dehydrated_links/unzipped/refseq_000386
[2026-07-07 23:02:00] [INFO] 开始解包 dehydrated 链接包：/data3/p252701008/refseq_genomes/contexts/refseq_RefSeq_include_all_refseq_shards_size_1000_268328763/dehydrated_links/zips/refseq_000387.zip -> /data3/p252701008/refseq_genomes/contexts/refseq_RefSeq_include_all_refseq_shards_size_1000_268328763/dehydrated_links/unzipped/refseq_000387
[2026-07-07 23:02:00] [INFO] 开始解包 dehydrated 链接包：/data3/p252701008/refseq_genomes/contexts/refseq_RefSeq_include_all_refseq_shards_size_1000_268328763/dehydrated_links/zips/refseq_000388.zip -> /data3/p252701008/refseq_genomes/contexts/refseq_RefSeq_include_all_refseq_shards_size_1000_268328763/dehydrated_links/unzipped/refseq_000388
[2026-07-07 23:02:00] [INFO] 开始解包 dehydrated 链接包：/data3/p252701008/refseq_genomes/contexts/refseq_RefSeq_include_all_refseq_shards_size_1000_268328763/dehydrated_links/zips/refseq_000389.zip -> /data3/p252701008/refseq_genomes/contexts/refseq_RefSeq_include_all_refseq_shards_size_1000_268328763/dehydrated_links/unzipped/refseq_000389
[2026-07-07 23:02:00] [INFO] 开始解包 dehydrated 链接包：/data3/p252701008/refseq_genomes/contexts/refseq_RefSeq_include_all_refseq_shards_size_1000_268328763/dehydrated_links/zips/refseq_000390.zip -> /data3/p252701008/refseq_genomes/contexts/refseq_RefSeq_include_all_refseq_shards_size_1000_268328763/dehydrated_links/unzipped/refseq_000390
[2026-07-07 23:02:00] [INFO] 开始解包 dehydrated 链接包：/data3/p252701008/refseq_genomes/contexts/refseq_RefSeq_include_all_refseq_shards_size_1000_268328763/dehydrated_links/zips/refseq_000391.zip -> /data3/p252701008/refseq_genomes/contexts/refseq_RefSeq_include_all_refseq_shards_size_1000_268328763/dehydrated_links/unzipped/refseq_000391
[2026-07-07 23:02:00] [INFO] 开始解包 dehydrated 链接包：/data3/p252701008/refseq_genomes/contexts/refseq_RefSeq_include_all_refseq_shards_size_1000_268328763/dehydrated_links/zips/refseq_000392.zip -> /data3/p252701008/refseq_genomes/contexts/refseq_RefSeq_include_all_refseq_shards_size_1000_268328763/dehydrated_links/unzipped/refseq_000392
[2026-07-07 23:02:00] [INFO] 开始解包 dehydrated 链接包：/data3/p252701008/refseq_genomes/contexts/refseq_RefSeq_include_all_refseq_shards_size_1000_268328763/dehydrated_links/zips/refseq_000393.zip -> /data3/p252701008/refseq_genomes/contexts/refseq_RefSeq_include_all_refseq_shards_size_1000_268328763/dehydrated_links/unzipped/refseq_000393
[2026-07-07 23:02:00] [INFO] 开始解包 dehydrated 链接包：/data3/p252701008/refseq_genomes/contexts/refseq_RefSeq_include_all_refseq_shards_size_1000_268328763/dehydrated_links/zips/refseq_000394.zip -> /data3/p252701008/refseq_genomes/contexts/refseq_RefSeq_include_all_refseq_shards_size_1000_268328763/dehydrated_links/unzipped/refseq_000394
[2026-07-07 23:02:00] [INFO] 开始解包 dehydrated 链接包：/data3/p252701008/refseq_genomes/contexts/refseq_RefSeq_include_all_refseq_shards_size_1000_268328763/dehydrated_links/zips/refseq_000395.zip -> /data3/p252701008/refseq_genomes/contexts/refseq_RefSeq_include_all_refseq_shards_size_1000_268328763/dehydrated_links/unzipped/refseq_000395
[2026-07-07 23:02:00] [INFO] 开始解包 dehydrated 链接包：/data3/p252701008/refseq_genomes/contexts/refseq_RefSeq_include_all_refseq_shards_size_1000_268328763/dehydrated_links/zips/refseq_000396.zip -> /data3/p252701008/refseq_genomes/contexts/refseq_RefSeq_include_all_refseq_shards_size_1000_268328763/dehydrated_links/unzipped/refseq_000396
[2026-07-07 23:02:00] [INFO] 开始解包 dehydrated 链接包：/data3/p252701008/refseq_genomes/contexts/refseq_RefSeq_include_all_refseq_shards_size_1000_268328763/dehydrated_links/zips/refseq_000397.zip -> /data3/p252701008/refseq_genomes/contexts/refseq_RefSeq_include_all_refseq_shards_size_1000_268328763/dehydrated_links/unzipped/refseq_000397
[2026-07-07 23:02:00] [INFO] 开始解包 dehydrated 链接包：/data3/p252701008/refseq_genomes/contexts/refseq_RefSeq_include_all_refseq_shards_size_1000_268328763/dehydrated_links/zips/refseq_000398.zip -> /data3/p252701008/refseq_genomes/contexts/refseq_RefSeq_include_all_refseq_shards_size_1000_268328763/dehydrated_links/unzipped/refseq_000398
[2026-07-07 23:02:00] [INFO] 开始解包 dehydrated 链接包：/data3/p252701008/refseq_genomes/contexts/refseq_RefSeq_include_all_refseq_shards_size_1000_268328763/dehydrated_links/zips/refseq_000399.zip -> /data3/p252701008/refseq_genomes/contexts/refseq_RefSeq_include_all_refseq_shards_size_1000_268328763/dehydrated_links/unzipped/refseq_000399
[2026-07-07 23:02:00] [INFO] 开始解包 dehydrated 链接包：/data3/p252701008/refseq_genomes/contexts/refseq_RefSeq_include_all_refseq_shards_size_1000_268328763/dehydrated_links/zips/refseq_000400.zip -> /data3/p252701008/refseq_genomes/contexts/refseq_RefSeq_include_all_refseq_shards_size_1000_268328763/dehydrated_links/unzipped/refseq_000400
[2026-07-07 23:02:01] [INFO] 开始解包 dehydrated 链接包：/data3/p252701008/refseq_genomes/contexts/refseq_RefSeq_include_all_refseq_shards_size_1000_268328763/dehydrated_links/zips/refseq_000401.zip -> /data3/p252701008/refseq_genomes/contexts/refseq_RefSeq_include_all_refseq_shards_size_1000_268328763/dehydrated_links/unzipped/refseq_000401
[2026-07-07 23:02:01] [INFO] 开始解包 dehydrated 链接包：/data3/p252701008/refseq_genomes/contexts/refseq_RefSeq_include_all_refseq_shards_size_1000_268328763/dehydrated_links/zips/refseq_000402.zip -> /data3/p252701008/refseq_genomes/contexts/refseq_RefSeq_include_all_refseq_shards_size_1000_268328763/dehydrated_links/unzipped/refseq_000402
[2026-07-07 23:02:01] [INFO] 开始解包 dehydrated 链接包：/data3/p252701008/refseq_genomes/contexts/refseq_RefSeq_include_all_refseq_shards_size_1000_268328763/dehydrated_links/zips/refseq_000403.zip -> /data3/p252701008/refseq_genomes/contexts/refseq_RefSeq_include_all_refseq_shards_size_1000_268328763/dehydrated_links/unzipped/refseq_000403
[2026-07-07 23:02:01] [INFO] 开始解包 dehydrated 链接包：/data3/p252701008/refseq_genomes/contexts/refseq_RefSeq_include_all_refseq_shards_size_1000_268328763/dehydrated_links/zips/refseq_000404.zip -> /data3/p252701008/refseq_genomes/contexts/refseq_RefSeq_include_all_refseq_shards_size_1000_268328763/dehydrated_links/unzipped/refseq_000404
[2026-07-07 23:02:01] [INFO] 开始解包 dehydrated 链接包：/data3/p252701008/refseq_genomes/contexts/refseq_RefSeq_include_all_refseq_shards_size_1000_268328763/dehydrated_links/zips/refseq_000405.zip -> /data3/p252701008/refseq_genomes/contexts/refseq_RefSeq_include_all_refseq_shards_size_1000_268328763/dehydrated_links/unzipped/refseq_000405
[2026-07-07 23:02:01] [INFO] 开始解包 dehydrated 链接包：/data3/p252701008/refseq_genomes/contexts/refseq_RefSeq_include_all_refseq_shards_size_1000_268328763/dehydrated_links/zips/refseq_000406.zip -> /data3/p252701008/refseq_genomes/contexts/refseq_RefSeq_include_all_refseq_shards_size_1000_268328763/dehydrated_links/unzipped/refseq_000406
[2026-07-07 23:02:01] [INFO] 开始解包 dehydrated 链接包：/data3/p252701008/refseq_genomes/contexts/refseq_RefSeq_include_all_refseq_shards_size_1000_268328763/dehydrated_links/zips/refseq_000407.zip -> /data3/p252701008/refseq_genomes/contexts/refseq_RefSeq_include_all_refseq_shards_size_1000_268328763/dehydrated_links/unzipped/refseq_000407
[2026-07-07 23:02:01] [INFO] 开始解包 dehydrated 链接包：/data3/p252701008/refseq_genomes/contexts/refseq_RefSeq_include_all_refseq_shards_size_1000_268328763/dehydrated_links/zips/refseq_000408.zip -> /data3/p252701008/refseq_genomes/contexts/refseq_RefSeq_include_all_refseq_shards_size_1000_268328763/dehydrated_links/unzipped/refseq_000408
[2026-07-07 23:02:01] [INFO] 开始解包 dehydrated 链接包：/data3/p252701008/refseq_genomes/contexts/refseq_RefSeq_include_all_refseq_shards_size_1000_268328763/dehydrated_links/zips/refseq_000409.zip -> /data3/p252701008/refseq_genomes/contexts/refseq_RefSeq_include_all_refseq_shards_size_1000_268328763/dehydrated_links/unzipped/refseq_000409
[2026-07-07 23:02:01] [INFO] 开始解包 dehydrated 链接包：/data3/p252701008/refseq_genomes/contexts/refseq_RefSeq_include_all_refseq_shards_size_1000_268328763/dehydrated_links/zips/refseq_000410.zip -> /data3/p252701008/refseq_genomes/contexts/refseq_RefSeq_include_all_refseq_shards_size_1000_268328763/dehydrated_links/unzipped/refseq_000410
[2026-07-07 23:02:01] [INFO] 开始解包 dehydrated 链接包：/data3/p252701008/refseq_genomes/contexts/refseq_RefSeq_include_all_refseq_shards_size_1000_268328763/dehydrated_links/zips/refseq_000411.zip -> /data3/p252701008/refseq_genomes/contexts/refseq_RefSeq_include_all_refseq_shards_size_1000_268328763/dehydrated_links/unzipped/refseq_000411
[2026-07-07 23:02:01] [INFO] 开始解包 dehydrated 链接包：/data3/p252701008/refseq_genomes/contexts/refseq_RefSeq_include_all_refseq_shards_size_1000_268328763/dehydrated_links/zips/refseq_000412.zip -> /data3/p252701008/refseq_genomes/contexts/refseq_RefSeq_include_all_refseq_shards_size_1000_268328763/dehydrated_links/unzipped/refseq_000412
[2026-07-07 23:02:01] [INFO] 开始解包 dehydrated 链接包：/data3/p252701008/refseq_genomes/contexts/refseq_RefSeq_include_all_refseq_shards_size_1000_268328763/dehydrated_links/zips/refseq_000413.zip -> /data3/p252701008/refseq_genomes/contexts/refseq_RefSeq_include_all_refseq_shards_size_1000_268328763/dehydrated_links/unzipped/refseq_000413
[2026-07-07 23:02:01] [INFO] 开始解包 dehydrated 链接包：/data3/p252701008/refseq_genomes/contexts/refseq_RefSeq_include_all_refseq_shards_size_1000_268328763/dehydrated_links/zips/refseq_000414.zip -> /data3/p252701008/refseq_genomes/contexts/refseq_RefSeq_include_all_refseq_shards_size_1000_268328763/dehydrated_links/unzipped/refseq_000414
[2026-07-07 23:02:01] [INFO] 开始解包 dehydrated 链接包：/data3/p252701008/refseq_genomes/contexts/refseq_RefSeq_include_all_refseq_shards_size_1000_268328763/dehydrated_links/zips/refseq_000415.zip -> /data3/p252701008/refseq_genomes/contexts/refseq_RefSeq_include_all_refseq_shards_size_1000_268328763/dehydrated_links/unzipped/refseq_000415
[2026-07-07 23:02:01] [INFO] 开始解包 dehydrated 链接包：/data3/p252701008/refseq_genomes/contexts/refseq_RefSeq_include_all_refseq_shards_size_1000_268328763/dehydrated_links/zips/refseq_000416.zip -> /data3/p252701008/refseq_genomes/contexts/refseq_RefSeq_include_all_refseq_shards_size_1000_268328763/dehydrated_links/unzipped/refseq_000416
[2026-07-07 23:02:02] [INFO] 开始解包 dehydrated 链接包：/data3/p252701008/refseq_genomes/contexts/refseq_RefSeq_include_all_refseq_shards_size_1000_268328763/dehydrated_links/zips/refseq_000417.zip -> /data3/p252701008/refseq_genomes/contexts/refseq_RefSeq_include_all_refseq_shards_size_1000_268328763/dehydrated_links/unzipped/refseq_000417
[2026-07-07 23:02:02] [INFO] 开始解包 dehydrated 链接包：/data3/p252701008/refseq_genomes/contexts/refseq_RefSeq_include_all_refseq_shards_size_1000_268328763/dehydrated_links/zips/refseq_000418.zip -> /data3/p252701008/refseq_genomes/contexts/refseq_RefSeq_include_all_refseq_shards_size_1000_268328763/dehydrated_links/unzipped/refseq_000418
[2026-07-07 23:02:02] [INFO] 开始解包 dehydrated 链接包：/data3/p252701008/refseq_genomes/contexts/refseq_RefSeq_include_all_refseq_shards_size_1000_268328763/dehydrated_links/zips/refseq_000419.zip -> /data3/p252701008/refseq_genomes/contexts/refseq_RefSeq_include_all_refseq_shards_size_1000_268328763/dehydrated_links/unzipped/refseq_000419
[2026-07-07 23:02:02] [INFO] 开始解包 dehydrated 链接包：/data3/p252701008/refseq_genomes/contexts/refseq_RefSeq_include_all_refseq_shards_size_1000_268328763/dehydrated_links/zips/refseq_000420.zip -> /data3/p252701008/refseq_genomes/contexts/refseq_RefSeq_include_all_refseq_shards_size_1000_268328763/dehydrated_links/unzipped/refseq_000420
[2026-07-07 23:02:02] [INFO] 开始解包 dehydrated 链接包：/data3/p252701008/refseq_genomes/contexts/refseq_RefSeq_include_all_refseq_shards_size_1000_268328763/dehydrated_links/zips/refseq_000421.zip -> /data3/p252701008/refseq_genomes/contexts/refseq_RefSeq_include_all_refseq_shards_size_1000_268328763/dehydrated_links/unzipped/refseq_000421
[2026-07-07 23:02:02] [INFO] 开始解包 dehydrated 链接包：/data3/p252701008/refseq_genomes/contexts/refseq_RefSeq_include_all_refseq_shards_size_1000_268328763/dehydrated_links/zips/refseq_000422.zip -> /data3/p252701008/refseq_genomes/contexts/refseq_RefSeq_include_all_refseq_shards_size_1000_268328763/dehydrated_links/unzipped/refseq_000422
[2026-07-07 23:02:02] [INFO] 开始解包 dehydrated 链接包：/data3/p252701008/refseq_genomes/contexts/refseq_RefSeq_include_all_refseq_shards_size_1000_268328763/dehydrated_links/zips/refseq_000423.zip -> /data3/p252701008/refseq_genomes/contexts/refseq_RefSeq_include_all_refseq_shards_size_1000_268328763/dehydrated_links/unzipped/refseq_000423
[2026-07-07 23:02:02] [INFO] 开始解包 dehydrated 链接包：/data3/p252701008/refseq_genomes/contexts/refseq_RefSeq_include_all_refseq_shards_size_1000_268328763/dehydrated_links/zips/refseq_000424.zip -> /data3/p252701008/refseq_genomes/contexts/refseq_RefSeq_include_all_refseq_shards_size_1000_268328763/dehydrated_links/unzipped/refseq_000424
[2026-07-07 23:02:02] [INFO] 开始解包 dehydrated 链接包：/data3/p252701008/refseq_genomes/contexts/refseq_RefSeq_include_all_refseq_shards_size_1000_268328763/dehydrated_links/zips/refseq_000425.zip -> /data3/p252701008/refseq_genomes/contexts/refseq_RefSeq_include_all_refseq_shards_size_1000_268328763/dehydrated_links/unzipped/refseq_000425
[2026-07-07 23:02:02] [INFO] 开始解包 dehydrated 链接包：/data3/p252701008/refseq_genomes/contexts/refseq_RefSeq_include_all_refseq_shards_size_1000_268328763/dehydrated_links/zips/refseq_000426.zip -> /data3/p252701008/refseq_genomes/contexts/refseq_RefSeq_include_all_refseq_shards_size_1000_268328763/dehydrated_links/unzipped/refseq_000426
[2026-07-07 23:02:02] [INFO] 开始解包 dehydrated 链接包：/data3/p252701008/refseq_genomes/contexts/refseq_RefSeq_include_all_refseq_shards_size_1000_268328763/dehydrated_links/zips/refseq_000427.zip -> /data3/p252701008/refseq_genomes/contexts/refseq_RefSeq_include_all_refseq_shards_size_1000_268328763/dehydrated_links/unzipped/refseq_000427
[2026-07-07 23:02:02] [INFO] 开始解包 dehydrated 链接包：/data3/p252701008/refseq_genomes/contexts/refseq_RefSeq_include_all_refseq_shards_size_1000_268328763/dehydrated_links/zips/refseq_000428.zip -> /data3/p252701008/refseq_genomes/contexts/refseq_RefSeq_include_all_refseq_shards_size_1000_268328763/dehydrated_links/unzipped/refseq_000428
[2026-07-07 23:02:02] [INFO] 开始解包 dehydrated 链接包：/data3/p252701008/refseq_genomes/contexts/refseq_RefSeq_include_all_refseq_shards_size_1000_268328763/dehydrated_links/zips/refseq_000429.zip -> /data3/p252701008/refseq_genomes/contexts/refseq_RefSeq_include_all_refseq_shards_size_1000_268328763/dehydrated_links/unzipped/refseq_000429
[2026-07-07 23:02:02] [INFO] 开始解包 dehydrated 链接包：/data3/p252701008/refseq_genomes/contexts/refseq_RefSeq_include_all_refseq_shards_size_1000_268328763/dehydrated_links/zips/refseq_000430.zip -> /data3/p252701008/refseq_genomes/contexts/refseq_RefSeq_include_all_refseq_shards_size_1000_268328763/dehydrated_links/unzipped/refseq_000430
[2026-07-07 23:02:02] [INFO] 开始解包 dehydrated 链接包：/data3/p252701008/refseq_genomes/contexts/refseq_RefSeq_include_all_refseq_shards_size_1000_268328763/dehydrated_links/zips/refseq_000431.zip -> /data3/p252701008/refseq_genomes/contexts/refseq_RefSeq_include_all_refseq_shards_size_1000_268328763/dehydrated_links/unzipped/refseq_000431
[2026-07-07 23:02:02] [INFO] 开始解包 dehydrated 链接包：/data3/p252701008/refseq_genomes/contexts/refseq_RefSeq_include_all_refseq_shards_size_1000_268328763/dehydrated_links/zips/refseq_000432.zip -> /data3/p252701008/refseq_genomes/contexts/refseq_RefSeq_include_all_refseq_shards_size_1000_268328763/dehydrated_links/unzipped/refseq_000432
[2026-07-07 23:02:03] [INFO] 开始解包 dehydrated 链接包：/data3/p252701008/refseq_genomes/contexts/refseq_RefSeq_include_all_refseq_shards_size_1000_268328763/dehydrated_links/zips/refseq_000433.zip -> /data3/p252701008/refseq_genomes/contexts/refseq_RefSeq_include_all_refseq_shards_size_1000_268328763/dehydrated_links/unzipped/refseq_000433
[2026-07-07 23:02:03] [INFO] 开始解包 dehydrated 链接包：/data3/p252701008/refseq_genomes/contexts/refseq_RefSeq_include_all_refseq_shards_size_1000_268328763/dehydrated_links/zips/refseq_000434.zip -> /data3/p252701008/refseq_genomes/contexts/refseq_RefSeq_include_all_refseq_shards_size_1000_268328763/dehydrated_links/unzipped/refseq_000434
[2026-07-07 23:02:03] [INFO] 开始解包 dehydrated 链接包：/data3/p252701008/refseq_genomes/contexts/refseq_RefSeq_include_all_refseq_shards_size_1000_268328763/dehydrated_links/zips/refseq_000435.zip -> /data3/p252701008/refseq_genomes/contexts/refseq_RefSeq_include_all_refseq_shards_size_1000_268328763/dehydrated_links/unzipped/refseq_000435
[2026-07-07 23:02:03] [INFO] 开始解包 dehydrated 链接包：/data3/p252701008/refseq_genomes/contexts/refseq_RefSeq_include_all_refseq_shards_size_1000_268328763/dehydrated_links/zips/refseq_000436.zip -> /data3/p252701008/refseq_genomes/contexts/refseq_RefSeq_include_all_refseq_shards_size_1000_268328763/dehydrated_links/unzipped/refseq_000436
[2026-07-07 23:02:03] [INFO] 开始解包 dehydrated 链接包：/data3/p252701008/refseq_genomes/contexts/refseq_RefSeq_include_all_refseq_shards_size_1000_268328763/dehydrated_links/zips/refseq_000437.zip -> /data3/p252701008/refseq_genomes/contexts/refseq_RefSeq_include_all_refseq_shards_size_1000_268328763/dehydrated_links/unzipped/refseq_000437
[2026-07-07 23:02:03] [INFO] 开始解包 dehydrated 链接包：/data3/p252701008/refseq_genomes/contexts/refseq_RefSeq_include_all_refseq_shards_size_1000_268328763/dehydrated_links/zips/refseq_000438.zip -> /data3/p252701008/refseq_genomes/contexts/refseq_RefSeq_include_all_refseq_shards_size_1000_268328763/dehydrated_links/unzipped/refseq_000438
[2026-07-07 23:02:03] [INFO] 开始解包 dehydrated 链接包：/data3/p252701008/refseq_genomes/contexts/refseq_RefSeq_include_all_refseq_shards_size_1000_268328763/dehydrated_links/zips/refseq_000439.zip -> /data3/p252701008/refseq_genomes/contexts/refseq_RefSeq_include_all_refseq_shards_size_1000_268328763/dehydrated_links/unzipped/refseq_000439
[2026-07-07 23:02:03] [INFO] 开始解包 dehydrated 链接包：/data3/p252701008/refseq_genomes/contexts/refseq_RefSeq_include_all_refseq_shards_size_1000_268328763/dehydrated_links/zips/refseq_000440.zip -> /data3/p252701008/refseq_genomes/contexts/refseq_RefSeq_include_all_refseq_shards_size_1000_268328763/dehydrated_links/unzipped/refseq_000440
[2026-07-07 23:02:03] [INFO] 开始解包 dehydrated 链接包：/data3/p252701008/refseq_genomes/contexts/refseq_RefSeq_include_all_refseq_shards_size_1000_268328763/dehydrated_links/zips/refseq_000441.zip -> /data3/p252701008/refseq_genomes/contexts/refseq_RefSeq_include_all_refseq_shards_size_1000_268328763/dehydrated_links/unzipped/refseq_000441
[2026-07-07 23:02:03] [INFO] 开始解包 dehydrated 链接包：/data3/p252701008/refseq_genomes/contexts/refseq_RefSeq_include_all_refseq_shards_size_1000_268328763/dehydrated_links/zips/refseq_000442.zip -> /data3/p252701008/refseq_genomes/contexts/refseq_RefSeq_include_all_refseq_shards_size_1000_268328763/dehydrated_links/unzipped/refseq_000442
[2026-07-07 23:02:03] [INFO] 开始解包 dehydrated 链接包：/data3/p252701008/refseq_genomes/contexts/refseq_RefSeq_include_all_refseq_shards_size_1000_268328763/dehydrated_links/zips/refseq_000443.zip -> /data3/p252701008/refseq_genomes/contexts/refseq_RefSeq_include_all_refseq_shards_size_1000_268328763/dehydrated_links/unzipped/refseq_000443
[2026-07-07 23:02:03] [INFO] 开始解包 dehydrated 链接包：/data3/p252701008/refseq_genomes/contexts/refseq_RefSeq_include_all_refseq_shards_size_1000_268328763/dehydrated_links/zips/refseq_000444.zip -> /data3/p252701008/refseq_genomes/contexts/refseq_RefSeq_include_all_refseq_shards_size_1000_268328763/dehydrated_links/unzipped/refseq_000444
[2026-07-07 23:02:03] [INFO] 开始解包 dehydrated 链接包：/data3/p252701008/refseq_genomes/contexts/refseq_RefSeq_include_all_refseq_shards_size_1000_268328763/dehydrated_links/zips/refseq_000445.zip -> /data3/p252701008/refseq_genomes/contexts/refseq_RefSeq_include_all_refseq_shards_size_1000_268328763/dehydrated_links/unzipped/refseq_000445
[2026-07-07 23:02:03] [INFO] 开始解包 dehydrated 链接包：/data3/p252701008/refseq_genomes/contexts/refseq_RefSeq_include_all_refseq_shards_size_1000_268328763/dehydrated_links/zips/refseq_000446.zip -> /data3/p252701008/refseq_genomes/contexts/refseq_RefSeq_include_all_refseq_shards_size_1000_268328763/dehydrated_links/unzipped/refseq_000446
[2026-07-07 23:02:03] [INFO] 开始解包 dehydrated 链接包：/data3/p252701008/refseq_genomes/contexts/refseq_RefSeq_include_all_refseq_shards_size_1000_268328763/dehydrated_links/zips/refseq_000447.zip -> /data3/p252701008/refseq_genomes/contexts/refseq_RefSeq_include_all_refseq_shards_size_1000_268328763/dehydrated_links/unzipped/refseq_000447
[2026-07-07 23:02:04] [INFO] 开始解包 dehydrated 链接包：/data3/p252701008/refseq_genomes/contexts/refseq_RefSeq_include_all_refseq_shards_size_1000_268328763/dehydrated_links/zips/refseq_000448.zip -> /data3/p252701008/refseq_genomes/contexts/refseq_RefSeq_include_all_refseq_shards_size_1000_268328763/dehydrated_links/unzipped/refseq_000448
[2026-07-07 23:02:04] [INFO] 开始解包 dehydrated 链接包：/data3/p252701008/refseq_genomes/contexts/refseq_RefSeq_include_all_refseq_shards_size_1000_268328763/dehydrated_links/zips/refseq_000449.zip -> /data3/p252701008/refseq_genomes/contexts/refseq_RefSeq_include_all_refseq_shards_size_1000_268328763/dehydrated_links/unzipped/refseq_000449
[2026-07-07 23:02:04] [INFO] 开始解包 dehydrated 链接包：/data3/p252701008/refseq_genomes/contexts/refseq_RefSeq_include_all_refseq_shards_size_1000_268328763/dehydrated_links/zips/refseq_000450.zip -> /data3/p252701008/refseq_genomes/contexts/refseq_RefSeq_include_all_refseq_shards_size_1000_268328763/dehydrated_links/unzipped/refseq_000450
[2026-07-07 23:02:04] [INFO] 开始解包 dehydrated 链接包：/data3/p252701008/refseq_genomes/contexts/refseq_RefSeq_include_all_refseq_shards_size_1000_268328763/dehydrated_links/zips/refseq_000451.zip -> /data3/p252701008/refseq_genomes/contexts/refseq_RefSeq_include_all_refseq_shards_size_1000_268328763/dehydrated_links/unzipped/refseq_000451
[2026-07-07 23:02:04] [INFO] 开始解包 dehydrated 链接包：/data3/p252701008/refseq_genomes/contexts/refseq_RefSeq_include_all_refseq_shards_size_1000_268328763/dehydrated_links/zips/refseq_000452.zip -> /data3/p252701008/refseq_genomes/contexts/refseq_RefSeq_include_all_refseq_shards_size_1000_268328763/dehydrated_links/unzipped/refseq_000452
[2026-07-07 23:02:04] [INFO] 开始解包 dehydrated 链接包：/data3/p252701008/refseq_genomes/contexts/refseq_RefSeq_include_all_refseq_shards_size_1000_268328763/dehydrated_links/zips/refseq_000453.zip -> /data3/p252701008/refseq_genomes/contexts/refseq_RefSeq_include_all_refseq_shards_size_1000_268328763/dehydrated_links/unzipped/refseq_000453
[2026-07-07 23:02:04] [INFO] 开始解包 dehydrated 链接包：/data3/p252701008/refseq_genomes/contexts/refseq_RefSeq_include_all_refseq_shards_size_1000_268328763/dehydrated_links/zips/refseq_000454.zip -> /data3/p252701008/refseq_genomes/contexts/refseq_RefSeq_include_all_refseq_shards_size_1000_268328763/dehydrated_links/unzipped/refseq_000454
[2026-07-07 23:02:04] [INFO] 开始解包 dehydrated 链接包：/data3/p252701008/refseq_genomes/contexts/refseq_RefSeq_include_all_refseq_shards_size_1000_268328763/dehydrated_links/zips/refseq_000455.zip -> /data3/p252701008/refseq_genomes/contexts/refseq_RefSeq_include_all_refseq_shards_size_1000_268328763/dehydrated_links/unzipped/refseq_000455
[2026-07-07 23:02:04] [INFO] 开始解包 dehydrated 链接包：/data3/p252701008/refseq_genomes/contexts/refseq_RefSeq_include_all_refseq_shards_size_1000_268328763/dehydrated_links/zips/refseq_000456.zip -> /data3/p252701008/refseq_genomes/contexts/refseq_RefSeq_include_all_refseq_shards_size_1000_268328763/dehydrated_links/unzipped/refseq_000456
[2026-07-07 23:02:04] [INFO] 开始解包 dehydrated 链接包：/data3/p252701008/refseq_genomes/contexts/refseq_RefSeq_include_all_refseq_shards_size_1000_268328763/dehydrated_links/zips/refseq_000457.zip -> /data3/p252701008/refseq_genomes/contexts/refseq_RefSeq_include_all_refseq_shards_size_1000_268328763/dehydrated_links/unzipped/refseq_000457
[2026-07-07 23:02:04] [INFO] 开始解包 dehydrated 链接包：/data3/p252701008/refseq_genomes/contexts/refseq_RefSeq_include_all_refseq_shards_size_1000_268328763/dehydrated_links/zips/refseq_000458.zip -> /data3/p252701008/refseq_genomes/contexts/refseq_RefSeq_include_all_refseq_shards_size_1000_268328763/dehydrated_links/unzipped/refseq_000458
[2026-07-07 23:02:04] [INFO] 开始解包 dehydrated 链接包：/data3/p252701008/refseq_genomes/contexts/refseq_RefSeq_include_all_refseq_shards_size_1000_268328763/dehydrated_links/zips/refseq_000459.zip -> /data3/p252701008/refseq_genomes/contexts/refseq_RefSeq_include_all_refseq_shards_size_1000_268328763/dehydrated_links/unzipped/refseq_000459
[2026-07-07 23:02:04] [INFO] 开始解包 dehydrated 链接包：/data3/p252701008/refseq_genomes/contexts/refseq_RefSeq_include_all_refseq_shards_size_1000_268328763/dehydrated_links/zips/refseq_000460.zip -> /data3/p252701008/refseq_genomes/contexts/refseq_RefSeq_include_all_refseq_shards_size_1000_268328763/dehydrated_links/unzipped/refseq_000460
[2026-07-07 23:02:04] [INFO] 开始解包 dehydrated 链接包：/data3/p252701008/refseq_genomes/contexts/refseq_RefSeq_include_all_refseq_shards_size_1000_268328763/dehydrated_links/zips/refseq_000461.zip -> /data3/p252701008/refseq_genomes/contexts/refseq_RefSeq_include_all_refseq_shards_size_1000_268328763/dehydrated_links/unzipped/refseq_000461
[2026-07-07 23:02:04] [INFO] 开始解包 dehydrated 链接包：/data3/p252701008/refseq_genomes/contexts/refseq_RefSeq_include_all_refseq_shards_size_1000_268328763/dehydrated_links/zips/refseq_000462.zip -> /data3/p252701008/refseq_genomes/contexts/refseq_RefSeq_include_all_refseq_shards_size_1000_268328763/dehydrated_links/unzipped/refseq_000462
[2026-07-07 23:02:04] [INFO] 开始解包 dehydrated 链接包：/data3/p252701008/refseq_genomes/contexts/refseq_RefSeq_include_all_refseq_shards_size_1000_268328763/dehydrated_links/zips/refseq_000463.zip -> /data3/p252701008/refseq_genomes/contexts/refseq_RefSeq_include_all_refseq_shards_size_1000_268328763/dehydrated_links/unzipped/refseq_000463
[2026-07-07 23:02:05] [INFO] 开始解包 dehydrated 链接包：/data3/p252701008/refseq_genomes/contexts/refseq_RefSeq_include_all_refseq_shards_size_1000_268328763/dehydrated_links/zips/refseq_000464.zip -> /data3/p252701008/refseq_genomes/contexts/refseq_RefSeq_include_all_refseq_shards_size_1000_268328763/dehydrated_links/unzipped/refseq_000464
[2026-07-07 23:02:05] [INFO] 开始解包 dehydrated 链接包：/data3/p252701008/refseq_genomes/contexts/refseq_RefSeq_include_all_refseq_shards_size_1000_268328763/dehydrated_links/zips/refseq_000465.zip -> /data3/p252701008/refseq_genomes/contexts/refseq_RefSeq_include_all_refseq_shards_size_1000_268328763/dehydrated_links/unzipped/refseq_000465
[2026-07-07 23:02:05] [INFO] 开始解包 dehydrated 链接包：/data3/p252701008/refseq_genomes/contexts/refseq_RefSeq_include_all_refseq_shards_size_1000_268328763/dehydrated_links/zips/refseq_000466.zip -> /data3/p252701008/refseq_genomes/contexts/refseq_RefSeq_include_all_refseq_shards_size_1000_268328763/dehydrated_links/unzipped/refseq_000466
[2026-07-07 23:02:05] [INFO] 开始解包 dehydrated 链接包：/data3/p252701008/refseq_genomes/contexts/refseq_RefSeq_include_all_refseq_shards_size_1000_268328763/dehydrated_links/zips/refseq_000467.zip -> /data3/p252701008/refseq_genomes/contexts/refseq_RefSeq_include_all_refseq_shards_size_1000_268328763/dehydrated_links/unzipped/refseq_000467
[2026-07-07 23:02:05] [INFO] 开始解包 dehydrated 链接包：/data3/p252701008/refseq_genomes/contexts/refseq_RefSeq_include_all_refseq_shards_size_1000_268328763/dehydrated_links/zips/refseq_000468.zip -> /data3/p252701008/refseq_genomes/contexts/refseq_RefSeq_include_all_refseq_shards_size_1000_268328763/dehydrated_links/unzipped/refseq_000468
[2026-07-07 23:02:05] [INFO] 开始解包 dehydrated 链接包：/data3/p252701008/refseq_genomes/contexts/refseq_RefSeq_include_all_refseq_shards_size_1000_268328763/dehydrated_links/zips/refseq_000469.zip -> /data3/p252701008/refseq_genomes/contexts/refseq_RefSeq_include_all_refseq_shards_size_1000_268328763/dehydrated_links/unzipped/refseq_000469
[2026-07-07 23:02:05] [INFO] 开始解包 dehydrated 链接包：/data3/p252701008/refseq_genomes/contexts/refseq_RefSeq_include_all_refseq_shards_size_1000_268328763/dehydrated_links/zips/refseq_000470.zip -> /data3/p252701008/refseq_genomes/contexts/refseq_RefSeq_include_all_refseq_shards_size_1000_268328763/dehydrated_links/unzipped/refseq_000470
[2026-07-07 23:02:05] [INFO] 开始解包 dehydrated 链接包：/data3/p252701008/refseq_genomes/contexts/refseq_RefSeq_include_all_refseq_shards_size_1000_268328763/dehydrated_links/zips/refseq_000471.zip -> /data3/p252701008/refseq_genomes/contexts/refseq_RefSeq_include_all_refseq_shards_size_1000_268328763/dehydrated_links/unzipped/refseq_000471
[2026-07-07 23:02:05] [INFO] 开始解包 dehydrated 链接包：/data3/p252701008/refseq_genomes/contexts/refseq_RefSeq_include_all_refseq_shards_size_1000_268328763/dehydrated_links/zips/refseq_000472.zip -> /data3/p252701008/refseq_genomes/contexts/refseq_RefSeq_include_all_refseq_shards_size_1000_268328763/dehydrated_links/unzipped/refseq_000472
[2026-07-07 23:02:05] [INFO] 开始解包 dehydrated 链接包：/data3/p252701008/refseq_genomes/contexts/refseq_RefSeq_include_all_refseq_shards_size_1000_268328763/dehydrated_links/zips/refseq_000473.zip -> /data3/p252701008/refseq_genomes/contexts/refseq_RefSeq_include_all_refseq_shards_size_1000_268328763/dehydrated_links/unzipped/refseq_000473
[2026-07-07 23:02:05] [INFO] 开始解包 dehydrated 链接包：/data3/p252701008/refseq_genomes/contexts/refseq_RefSeq_include_all_refseq_shards_size_1000_268328763/dehydrated_links/zips/refseq_000474.zip -> /data3/p252701008/refseq_genomes/contexts/refseq_RefSeq_include_all_refseq_shards_size_1000_268328763/dehydrated_links/unzipped/refseq_000474
[2026-07-07 23:02:05] [INFO] 开始解包 dehydrated 链接包：/data3/p252701008/refseq_genomes/contexts/refseq_RefSeq_include_all_refseq_shards_size_1000_268328763/dehydrated_links/zips/refseq_000475.zip -> /data3/p252701008/refseq_genomes/contexts/refseq_RefSeq_include_all_refseq_shards_size_1000_268328763/dehydrated_links/unzipped/refseq_000475
[2026-07-07 23:02:05] [INFO] 开始解包 dehydrated 链接包：/data3/p252701008/refseq_genomes/contexts/refseq_RefSeq_include_all_refseq_shards_size_1000_268328763/dehydrated_links/zips/refseq_000476.zip -> /data3/p252701008/refseq_genomes/contexts/refseq_RefSeq_include_all_refseq_shards_size_1000_268328763/dehydrated_links/unzipped/refseq_000476
[2026-07-07 23:02:05] [INFO] 开始解包 dehydrated 链接包：/data3/p252701008/refseq_genomes/contexts/refseq_RefSeq_include_all_refseq_shards_size_1000_268328763/dehydrated_links/zips/refseq_000477.zip -> /data3/p252701008/refseq_genomes/contexts/refseq_RefSeq_include_all_refseq_shards_size_1000_268328763/dehydrated_links/unzipped/refseq_000477
[2026-07-07 23:02:05] [INFO] 开始解包 dehydrated 链接包：/data3/p252701008/refseq_genomes/contexts/refseq_RefSeq_include_all_refseq_shards_size_1000_268328763/dehydrated_links/zips/refseq_000478.zip -> /data3/p252701008/refseq_genomes/contexts/refseq_RefSeq_include_all_refseq_shards_size_1000_268328763/dehydrated_links/unzipped/refseq_000478
[2026-07-07 23:02:05] [INFO] 开始解包 dehydrated 链接包：/data3/p252701008/refseq_genomes/contexts/refseq_RefSeq_include_all_refseq_shards_size_1000_268328763/dehydrated_links/zips/refseq_000479.zip -> /data3/p252701008/refseq_genomes/contexts/refseq_RefSeq_include_all_refseq_shards_size_1000_268328763/dehydrated_links/unzipped/refseq_000479
[2026-07-07 23:02:06] [INFO] 开始解包 dehydrated 链接包：/data3/p252701008/refseq_genomes/contexts/refseq_RefSeq_include_all_refseq_shards_size_1000_268328763/dehydrated_links/zips/refseq_000480.zip -> /data3/p252701008/refseq_genomes/contexts/refseq_RefSeq_include_all_refseq_shards_size_1000_268328763/dehydrated_links/unzipped/refseq_000480
[2026-07-07 23:02:06] [INFO] 开始解包 dehydrated 链接包：/data3/p252701008/refseq_genomes/contexts/refseq_RefSeq_include_all_refseq_shards_size_1000_268328763/dehydrated_links/zips/refseq_000481.zip -> /data3/p252701008/refseq_genomes/contexts/refseq_RefSeq_include_all_refseq_shards_size_1000_268328763/dehydrated_links/unzipped/refseq_000481
[2026-07-07 23:02:06] [INFO] 开始解包 dehydrated 链接包：/data3/p252701008/refseq_genomes/contexts/refseq_RefSeq_include_all_refseq_shards_size_1000_268328763/dehydrated_links/zips/refseq_000482.zip -> /data3/p252701008/refseq_genomes/contexts/refseq_RefSeq_include_all_refseq_shards_size_1000_268328763/dehydrated_links/unzipped/refseq_000482
[2026-07-07 23:02:06] [INFO] 开始解包 dehydrated 链接包：/data3/p252701008/refseq_genomes/contexts/refseq_RefSeq_include_all_refseq_shards_size_1000_268328763/dehydrated_links/zips/refseq_000483.zip -> /data3/p252701008/refseq_genomes/contexts/refseq_RefSeq_include_all_refseq_shards_size_1000_268328763/dehydrated_links/unzipped/refseq_000483
[2026-07-07 23:02:06] [INFO] 开始解包 dehydrated 链接包：/data3/p252701008/refseq_genomes/contexts/refseq_RefSeq_include_all_refseq_shards_size_1000_268328763/dehydrated_links/zips/refseq_000484.zip -> /data3/p252701008/refseq_genomes/contexts/refseq_RefSeq_include_all_refseq_shards_size_1000_268328763/dehydrated_links/unzipped/refseq_000484
[2026-07-07 23:02:06] [INFO] 开始解包 dehydrated 链接包：/data3/p252701008/refseq_genomes/contexts/refseq_RefSeq_include_all_refseq_shards_size_1000_268328763/dehydrated_links/zips/refseq_000485.zip -> /data3/p252701008/refseq_genomes/contexts/refseq_RefSeq_include_all_refseq_shards_size_1000_268328763/dehydrated_links/unzipped/refseq_000485
[2026-07-07 23:02:06] [INFO] 开始解包 dehydrated 链接包：/data3/p252701008/refseq_genomes/contexts/refseq_RefSeq_include_all_refseq_shards_size_1000_268328763/dehydrated_links/zips/refseq_000486.zip -> /data3/p252701008/refseq_genomes/contexts/refseq_RefSeq_include_all_refseq_shards_size_1000_268328763/dehydrated_links/unzipped/refseq_000486
[2026-07-07 23:02:06] [INFO] 开始解包 dehydrated 链接包：/data3/p252701008/refseq_genomes/contexts/refseq_RefSeq_include_all_refseq_shards_size_1000_268328763/dehydrated_links/zips/refseq_000487.zip -> /data3/p252701008/refseq_genomes/contexts/refseq_RefSeq_include_all_refseq_shards_size_1000_268328763/dehydrated_links/unzipped/refseq_000487
[2026-07-07 23:02:06] [INFO] 开始解包 dehydrated 链接包：/data3/p252701008/refseq_genomes/contexts/refseq_RefSeq_include_all_refseq_shards_size_1000_268328763/dehydrated_links/zips/refseq_000488.zip -> /data3/p252701008/refseq_genomes/contexts/refseq_RefSeq_include_all_refseq_shards_size_1000_268328763/dehydrated_links/unzipped/refseq_000488
[2026-07-07 23:02:06] [INFO] 开始解包 dehydrated 链接包：/data3/p252701008/refseq_genomes/contexts/refseq_RefSeq_include_all_refseq_shards_size_1000_268328763/dehydrated_links/zips/refseq_000489.zip -> /data3/p252701008/refseq_genomes/contexts/refseq_RefSeq_include_all_refseq_shards_size_1000_268328763/dehydrated_links/unzipped/refseq_000489
[2026-07-07 23:02:06] [INFO] 开始解包 dehydrated 链接包：/data3/p252701008/refseq_genomes/contexts/refseq_RefSeq_include_all_refseq_shards_size_1000_268328763/dehydrated_links/zips/refseq_000490.zip -> /data3/p252701008/refseq_genomes/contexts/refseq_RefSeq_include_all_refseq_shards_size_1000_268328763/dehydrated_links/unzipped/refseq_000490
[2026-07-07 23:02:06] [INFO] 开始解包 dehydrated 链接包：/data3/p252701008/refseq_genomes/contexts/refseq_RefSeq_include_all_refseq_shards_size_1000_268328763/dehydrated_links/zips/refseq_000491.zip -> /data3/p252701008/refseq_genomes/contexts/refseq_RefSeq_include_all_refseq_shards_size_1000_268328763/dehydrated_links/unzipped/refseq_000491
[2026-07-07 23:02:06] [INFO] 开始解包 dehydrated 链接包：/data3/p252701008/refseq_genomes/contexts/refseq_RefSeq_include_all_refseq_shards_size_1000_268328763/dehydrated_links/zips/refseq_000492.zip -> /data3/p252701008/refseq_genomes/contexts/refseq_RefSeq_include_all_refseq_shards_size_1000_268328763/dehydrated_links/unzipped/refseq_000492
[2026-07-07 23:02:06] [INFO] 开始解包 dehydrated 链接包：/data3/p252701008/refseq_genomes/contexts/refseq_RefSeq_include_all_refseq_shards_size_1000_268328763/dehydrated_links/zips/refseq_000493.zip -> /data3/p252701008/refseq_genomes/contexts/refseq_RefSeq_include_all_refseq_shards_size_1000_268328763/dehydrated_links/unzipped/refseq_000493
[2026-07-07 23:02:06] [INFO] 开始解包 dehydrated 链接包：/data3/p252701008/refseq_genomes/contexts/refseq_RefSeq_include_all_refseq_shards_size_1000_268328763/dehydrated_links/zips/refseq_000494.zip -> /data3/p252701008/refseq_genomes/contexts/refseq_RefSeq_include_all_refseq_shards_size_1000_268328763/dehydrated_links/unzipped/refseq_000494
[2026-07-07 23:02:06] [INFO] 开始解包 dehydrated 链接包：/data3/p252701008/refseq_genomes/contexts/refseq_RefSeq_include_all_refseq_shards_size_1000_268328763/dehydrated_links/zips/refseq_000495.zip -> /data3/p252701008/refseq_genomes/contexts/refseq_RefSeq_include_all_refseq_shards_size_1000_268328763/dehydrated_links/unzipped/refseq_000495
[2026-07-07 23:02:07] [INFO] 开始解包 dehydrated 链接包：/data3/p252701008/refseq_genomes/contexts/refseq_RefSeq_include_all_refseq_shards_size_1000_268328763/dehydrated_links/zips/refseq_000496.zip -> /data3/p252701008/refseq_genomes/contexts/refseq_RefSeq_include_all_refseq_shards_size_1000_268328763/dehydrated_links/unzipped/refseq_000496
[2026-07-07 23:02:07] [INFO] 开始解包 dehydrated 链接包：/data3/p252701008/refseq_genomes/contexts/refseq_RefSeq_include_all_refseq_shards_size_1000_268328763/dehydrated_links/zips/refseq_000497.zip -> /data3/p252701008/refseq_genomes/contexts/refseq_RefSeq_include_all_refseq_shards_size_1000_268328763/dehydrated_links/unzipped/refseq_000497
[2026-07-07 23:02:07] [INFO] 开始解包 dehydrated 链接包：/data3/p252701008/refseq_genomes/contexts/refseq_RefSeq_include_all_refseq_shards_size_1000_268328763/dehydrated_links/zips/refseq_000498.zip -> /data3/p252701008/refseq_genomes/contexts/refseq_RefSeq_include_all_refseq_shards_size_1000_268328763/dehydrated_links/unzipped/refseq_000498
[2026-07-07 23:02:07] [INFO] 开始解包 dehydrated 链接包：/data3/p252701008/refseq_genomes/contexts/refseq_RefSeq_include_all_refseq_shards_size_1000_268328763/dehydrated_links/zips/refseq_000499.zip -> /data3/p252701008/refseq_genomes/contexts/refseq_RefSeq_include_all_refseq_shards_size_1000_268328763/dehydrated_links/unzipped/refseq_000499
[2026-07-07 23:02:07] [INFO] 开始解包 dehydrated 链接包：/data3/p252701008/refseq_genomes/contexts/refseq_RefSeq_include_all_refseq_shards_size_1000_268328763/dehydrated_links/zips/refseq_000500.zip -> /data3/p252701008/refseq_genomes/contexts/refseq_RefSeq_include_all_refseq_shards_size_1000_268328763/dehydrated_links/unzipped/refseq_000500
[2026-07-07 23:02:07] [INFO] 开始解包 dehydrated 链接包：/data3/p252701008/refseq_genomes/contexts/refseq_RefSeq_include_all_refseq_shards_size_1000_268328763/dehydrated_links/zips/refseq_000501.zip -> /data3/p252701008/refseq_genomes/contexts/refseq_RefSeq_include_all_refseq_shards_size_1000_268328763/dehydrated_links/unzipped/refseq_000501
[2026-07-07 23:02:07] [INFO] 开始解包 dehydrated 链接包：/data3/p252701008/refseq_genomes/contexts/refseq_RefSeq_include_all_refseq_shards_size_1000_268328763/dehydrated_links/zips/refseq_000502.zip -> /data3/p252701008/refseq_genomes/contexts/refseq_RefSeq_include_all_refseq_shards_size_1000_268328763/dehydrated_links/unzipped/refseq_000502
[2026-07-07 23:02:07] [INFO] 开始解包 dehydrated 链接包：/data3/p252701008/refseq_genomes/contexts/refseq_RefSeq_include_all_refseq_shards_size_1000_268328763/dehydrated_links/zips/refseq_000503.zip -> /data3/p252701008/refseq_genomes/contexts/refseq_RefSeq_include_all_refseq_shards_size_1000_268328763/dehydrated_links/unzipped/refseq_000503
[2026-07-07 23:02:07] [INFO] 开始解包 dehydrated 链接包：/data3/p252701008/refseq_genomes/contexts/refseq_RefSeq_include_all_refseq_shards_size_1000_268328763/dehydrated_links/zips/refseq_000504.zip -> /data3/p252701008/refseq_genomes/contexts/refseq_RefSeq_include_all_refseq_shards_size_1000_268328763/dehydrated_links/unzipped/refseq_000504
[2026-07-07 23:02:07] [INFO] 开始解包 dehydrated 链接包：/data3/p252701008/refseq_genomes/contexts/refseq_RefSeq_include_all_refseq_shards_size_1000_268328763/dehydrated_links/zips/refseq_000505.zip -> /data3/p252701008/refseq_genomes/contexts/refseq_RefSeq_include_all_refseq_shards_size_1000_268328763/dehydrated_links/unzipped/refseq_000505
[2026-07-07 23:02:07] [INFO] 开始解包 dehydrated 链接包：/data3/p252701008/refseq_genomes/contexts/refseq_RefSeq_include_all_refseq_shards_size_1000_268328763/dehydrated_links/zips/refseq_000506.zip -> /data3/p252701008/refseq_genomes/contexts/refseq_RefSeq_include_all_refseq_shards_size_1000_268328763/dehydrated_links/unzipped/refseq_000506
[2026-07-07 23:02:07] [INFO] 开始解包 dehydrated 链接包：/data3/p252701008/refseq_genomes/contexts/refseq_RefSeq_include_all_refseq_shards_size_1000_268328763/dehydrated_links/zips/refseq_000507.zip -> /data3/p252701008/refseq_genomes/contexts/refseq_RefSeq_include_all_refseq_shards_size_1000_268328763/dehydrated_links/unzipped/refseq_000507
[2026-07-07 23:02:07] [INFO] 开始解包 dehydrated 链接包：/data3/p252701008/refseq_genomes/contexts/refseq_RefSeq_include_all_refseq_shards_size_1000_268328763/dehydrated_links/zips/refseq_000508.zip -> /data3/p252701008/refseq_genomes/contexts/refseq_RefSeq_include_all_refseq_shards_size_1000_268328763/dehydrated_links/unzipped/refseq_000508
[2026-07-07 23:02:07] [INFO] 开始解包 dehydrated 链接包：/data3/p252701008/refseq_genomes/contexts/refseq_RefSeq_include_all_refseq_shards_size_1000_268328763/dehydrated_links/zips/refseq_000509.zip -> /data3/p252701008/refseq_genomes/contexts/refseq_RefSeq_include_all_refseq_shards_size_1000_268328763/dehydrated_links/unzipped/refseq_000509
[2026-07-07 23:02:08] [INFO] 开始解包 dehydrated 链接包：/data3/p252701008/refseq_genomes/contexts/refseq_RefSeq_include_all_refseq_shards_size_1000_268328763/dehydrated_links/zips/refseq_000510.zip -> /data3/p252701008/refseq_genomes/contexts/refseq_RefSeq_include_all_refseq_shards_size_1000_268328763/dehydrated_links/unzipped/refseq_000510
[2026-07-07 23:02:08] [INFO] 开始解包 dehydrated 链接包：/data3/p252701008/refseq_genomes/contexts/refseq_RefSeq_include_all_refseq_shards_size_1000_268328763/dehydrated_links/zips/refseq_000511.zip -> /data3/p252701008/refseq_genomes/contexts/refseq_RefSeq_include_all_refseq_shards_size_1000_268328763/dehydrated_links/unzipped/refseq_000511
[2026-07-07 23:02:08] [INFO] 开始解包 dehydrated 链接包：/data3/p252701008/refseq_genomes/contexts/refseq_RefSeq_include_all_refseq_shards_size_1000_268328763/dehydrated_links/zips/refseq_000512.zip -> /data3/p252701008/refseq_genomes/contexts/refseq_RefSeq_include_all_refseq_shards_size_1000_268328763/dehydrated_links/unzipped/refseq_000512
[2026-07-07 23:02:08] [INFO] 开始解包 dehydrated 链接包：/data3/p252701008/refseq_genomes/contexts/refseq_RefSeq_include_all_refseq_shards_size_1000_268328763/dehydrated_links/zips/refseq_000513.zip -> /data3/p252701008/refseq_genomes/contexts/refseq_RefSeq_include_all_refseq_shards_size_1000_268328763/dehydrated_links/unzipped/refseq_000513
[2026-07-07 23:02:08] [INFO] 开始解包 dehydrated 链接包：/data3/p252701008/refseq_genomes/contexts/refseq_RefSeq_include_all_refseq_shards_size_1000_268328763/dehydrated_links/zips/refseq_000514.zip -> /data3/p252701008/refseq_genomes/contexts/refseq_RefSeq_include_all_refseq_shards_size_1000_268328763/dehydrated_links/unzipped/refseq_000514
[2026-07-07 23:02:08] [INFO] 开始解包 dehydrated 链接包：/data3/p252701008/refseq_genomes/contexts/refseq_RefSeq_include_all_refseq_shards_size_1000_268328763/dehydrated_links/zips/refseq_000515.zip -> /data3/p252701008/refseq_genomes/contexts/refseq_RefSeq_include_all_refseq_shards_size_1000_268328763/dehydrated_links/unzipped/refseq_000515
[2026-07-07 23:02:08] [INFO] 开始解包 dehydrated 链接包：/data3/p252701008/refseq_genomes/contexts/refseq_RefSeq_include_all_refseq_shards_size_1000_268328763/dehydrated_links/zips/refseq_000516.zip -> /data3/p252701008/refseq_genomes/contexts/refseq_RefSeq_include_all_refseq_shards_size_1000_268328763/dehydrated_links/unzipped/refseq_000516
[2026-07-07 23:02:08] [INFO] 开始解包 dehydrated 链接包：/data3/p252701008/refseq_genomes/contexts/refseq_RefSeq_include_all_refseq_shards_size_1000_268328763/dehydrated_links/zips/refseq_000517.zip -> /data3/p252701008/refseq_genomes/contexts/refseq_RefSeq_include_all_refseq_shards_size_1000_268328763/dehydrated_links/unzipped/refseq_000517
[2026-07-07 23:02:08] [INFO] 开始解包 dehydrated 链接包：/data3/p252701008/refseq_genomes/contexts/refseq_RefSeq_include_all_refseq_shards_size_1000_268328763/dehydrated_links/zips/refseq_000518.zip -> /data3/p252701008/refseq_genomes/contexts/refseq_RefSeq_include_all_refseq_shards_size_1000_268328763/dehydrated_links/unzipped/refseq_000518
[2026-07-07 23:02:08] [INFO] 开始解包 dehydrated 链接包：/data3/p252701008/refseq_genomes/contexts/refseq_RefSeq_include_all_refseq_shards_size_1000_268328763/dehydrated_links/zips/refseq_000519.zip -> /data3/p252701008/refseq_genomes/contexts/refseq_RefSeq_include_all_refseq_shards_size_1000_268328763/dehydrated_links/unzipped/refseq_000519
[2026-07-07 23:02:08] [INFO] 开始解包 dehydrated 链接包：/data3/p252701008/refseq_genomes/contexts/refseq_RefSeq_include_all_refseq_shards_size_1000_268328763/dehydrated_links/zips/refseq_000520.zip -> /data3/p252701008/refseq_genomes/contexts/refseq_RefSeq_include_all_refseq_shards_size_1000_268328763/dehydrated_links/unzipped/refseq_000520
[2026-07-07 23:02:08] [INFO] 开始解包 dehydrated 链接包：/data3/p252701008/refseq_genomes/contexts/refseq_RefSeq_include_all_refseq_shards_size_1000_268328763/dehydrated_links/zips/refseq_000521.zip -> /data3/p252701008/refseq_genomes/contexts/refseq_RefSeq_include_all_refseq_shards_size_1000_268328763/dehydrated_links/unzipped/refseq_000521
[2026-07-07 23:02:08] [INFO] 开始解包 dehydrated 链接包：/data3/p252701008/refseq_genomes/contexts/refseq_RefSeq_include_all_refseq_shards_size_1000_268328763/dehydrated_links/zips/refseq_000522.zip -> /data3/p252701008/refseq_genomes/contexts/refseq_RefSeq_include_all_refseq_shards_size_1000_268328763/dehydrated_links/unzipped/refseq_000522
[2026-07-07 23:02:08] [INFO] 开始解包 dehydrated 链接包：/data3/p252701008/refseq_genomes/contexts/refseq_RefSeq_include_all_refseq_shards_size_1000_268328763/dehydrated_links/zips/refseq_000523.zip -> /data3/p252701008/refseq_genomes/contexts/refseq_RefSeq_include_all_refseq_shards_size_1000_268328763/dehydrated_links/unzipped/refseq_000523
[2026-07-07 23:02:09] [INFO] 开始解包 dehydrated 链接包：/data3/p252701008/refseq_genomes/contexts/refseq_RefSeq_include_all_refseq_shards_size_1000_268328763/dehydrated_links/zips/refseq_000524.zip -> /data3/p252701008/refseq_genomes/contexts/refseq_RefSeq_include_all_refseq_shards_size_1000_268328763/dehydrated_links/unzipped/refseq_000524
[2026-07-07 23:02:09] [INFO] 开始解包 dehydrated 链接包：/data3/p252701008/refseq_genomes/contexts/refseq_RefSeq_include_all_refseq_shards_size_1000_268328763/dehydrated_links/zips/refseq_000525.zip -> /data3/p252701008/refseq_genomes/contexts/refseq_RefSeq_include_all_refseq_shards_size_1000_268328763/dehydrated_links/unzipped/refseq_000525
[2026-07-07 23:02:09] [INFO] 开始解包 dehydrated 链接包：/data3/p252701008/refseq_genomes/contexts/refseq_RefSeq_include_all_refseq_shards_size_1000_268328763/dehydrated_links/zips/refseq_000526.zip -> /data3/p252701008/refseq_genomes/contexts/refseq_RefSeq_include_all_refseq_shards_size_1000_268328763/dehydrated_links/unzipped/refseq_000526
[2026-07-07 23:02:09] [INFO] 开始解包 dehydrated 链接包：/data3/p252701008/refseq_genomes/contexts/refseq_RefSeq_include_all_refseq_shards_size_1000_268328763/dehydrated_links/zips/refseq_000527.zip -> /data3/p252701008/refseq_genomes/contexts/refseq_RefSeq_include_all_refseq_shards_size_1000_268328763/dehydrated_links/unzipped/refseq_000527
[2026-07-07 23:02:09] [INFO] 开始解包 dehydrated 链接包：/data3/p252701008/refseq_genomes/contexts/refseq_RefSeq_include_all_refseq_shards_size_1000_268328763/dehydrated_links/zips/refseq_000528.zip -> /data3/p252701008/refseq_genomes/contexts/refseq_RefSeq_include_all_refseq_shards_size_1000_268328763/dehydrated_links/unzipped/refseq_000528
[2026-07-07 23:02:09] [INFO] 开始解包 dehydrated 链接包：/data3/p252701008/refseq_genomes/contexts/refseq_RefSeq_include_all_refseq_shards_size_1000_268328763/dehydrated_links/zips/refseq_000529.zip -> /data3/p252701008/refseq_genomes/contexts/refseq_RefSeq_include_all_refseq_shards_size_1000_268328763/dehydrated_links/unzipped/refseq_000529
[2026-07-07 23:02:09] [INFO] 所有 dehydrated 链接包解包完成。状态表：/data3/p252701008/refseq_genomes_runlogs/status/refseq_RefSeq_include_all_refseq_shards_size_1000_268328763/unpack_status.tsv
[2026-07-07 23:02:09] [INFO] 开始汇总当前 shard 的 fetch.txt。来源目录：/data3/p252701008/refseq_genomes/contexts/refseq_RefSeq_include_all_refseq_shards_size_1000_268328763/dehydrated_links/unzipped
[2026-07-07 23:02:35] [ERROR] fetch.txt 包含 manifest 外 accession：12 个；详情：/data3/p252701008/refseq_genomes_runlogs/status/refseq_RefSeq_include_all_refseq_shards_size_1000_268328763/extra_accessions_in_fetch.tsv
[2026-07-07 23:02:35] [ERROR] fetch accession 集合超出当前 manifest，疑似旧 fetch 混入。请检查配置指纹目录或设置 FORCE_MERGE_FETCH=1 后重跑。
